table,measure,section,group_my,group_en,sector,month,value,flag,src
1.1a,employees_000,,Jumlah,Total,,2024-10,6842.1,,1.1a!R9C4
1.1a,employees_000,,Jumlah,Total,,2024-11,6829.1,,1.1a!R9C5
1.1a,employees_000,,Jumlah,Total,,2024-12,6831.4,,1.1a!R9C6
1.1a,employees_000,,Jumlah,Total,,2025-01,6825.5,,1.1a!R9C7
1.1a,employees_000,,Jumlah,Total,,2025-02,6763.5,,1.1a!R9C8
1.1a,employees_000,,Jumlah,Total,,2025-03,6786.8,,1.1a!R9C9
1.1a,employees_000,,Jumlah,Total,,2025-04,6946.8,,1.1a!R9C10
1.1a,employees_000,,Jumlah,Total,,2025-05,6952.9,,1.1a!R9C11
1.1a,employees_000,,Jumlah,Total,,2025-06,6969.7,,1.1a!R9C12
1.1a,employees_000,,Jumlah,Total,,2025-07,7035.9,,1.1a!R9C13
1.1a,employees_000,,Jumlah,Total,,2025-08,7045.8,,1.1a!R9C14
1.1a,employees_000,,Jumlah,Total,,2025-09,7056.4,,1.1a!R9C15
1.1a,employees_000,,Jumlah,Total,,2025-10,7065.2,,1.1a!R9C16
1.1a,employees_000,,Jumlah,Total,,2025-11,7070.3,,1.1a!R9C17
1.1a,employees_000,,Jumlah,Total,,2025-12,7080.5,,1.1a!R9C18
1.1a,employees_000,,Jumlah,Total,,2026-01,7074.779,,1.1a!R9C19
1.1a,employees_000,,Jumlah,Total,,2026-02,7023.906,,1.1a!R9C20
1.1a,employees_000,,Jumlah,Total,,2026-03,7048.071,,1.1a!R9C21
1.1a,employees_000,Sex,Lelaki,Male,,2024-10,3780.1,,1.1a!R11C4
1.1a,employees_000,Sex,Lelaki,Male,,2024-11,3771.5,,1.1a!R11C5
1.1a,employees_000,Sex,Lelaki,Male,,2024-12,3771.3,,1.1a!R11C6
1.1a,employees_000,Sex,Lelaki,Male,,2025-01,3769.1,,1.1a!R11C7
1.1a,employees_000,Sex,Lelaki,Male,,2025-02,3731.8,,1.1a!R11C8
1.1a,employees_000,Sex,Lelaki,Male,,2025-03,3742.6,,1.1a!R11C9
1.1a,employees_000,Sex,Lelaki,Male,,2025-04,3832.4,,1.1a!R11C10
1.1a,employees_000,Sex,Lelaki,Male,,2025-05,3834.6,,1.1a!R11C11
1.1a,employees_000,Sex,Lelaki,Male,,2025-06,3843.0,,1.1a!R11C12
1.1a,employees_000,Sex,Lelaki,Male,,2025-07,3883.9,,1.1a!R11C13
1.1a,employees_000,Sex,Lelaki,Male,,2025-08,3885.3,,1.1a!R11C14
1.1a,employees_000,Sex,Lelaki,Male,,2025-09,3889.4,,1.1a!R11C15
1.1a,employees_000,Sex,Lelaki,Male,,2025-10,3898.5,,1.1a!R11C16
1.1a,employees_000,Sex,Lelaki,Male,,2025-11,3898.8,,1.1a!R11C17
1.1a,employees_000,Sex,Lelaki,Male,,2025-12,3903.4,,1.1a!R11C18
1.1a,employees_000,Sex,Lelaki,Male,,2026-01,3901.865,,1.1a!R11C19
1.1a,employees_000,Sex,Lelaki,Male,,2026-02,3868.293,,1.1a!R11C20
1.1a,employees_000,Sex,Lelaki,Male,,2026-03,3879.656,,1.1a!R11C21
1.1a,employees_000,Sex,Perempuan,Female,,2024-10,3062.0,,1.1a!R12C4
1.1a,employees_000,Sex,Perempuan,Female,,2024-11,3057.6,,1.1a!R12C5
1.1a,employees_000,Sex,Perempuan,Female,,2024-12,3060.2,,1.1a!R12C6
1.1a,employees_000,Sex,Perempuan,Female,,2025-01,3056.3,,1.1a!R12C7
1.1a,employees_000,Sex,Perempuan,Female,,2025-02,3031.7,,1.1a!R12C8
1.1a,employees_000,Sex,Perempuan,Female,,2025-03,3044.2,,1.1a!R12C9
1.1a,employees_000,Sex,Perempuan,Female,,2025-04,3114.4,,1.1a!R12C10
1.1a,employees_000,Sex,Perempuan,Female,,2025-05,3118.3,,1.1a!R12C11
1.1a,employees_000,Sex,Perempuan,Female,,2025-06,3126.6,,1.1a!R12C12
1.1a,employees_000,Sex,Perempuan,Female,,2025-07,3152.1,,1.1a!R12C13
1.1a,employees_000,Sex,Perempuan,Female,,2025-08,3160.5,,1.1a!R12C14
1.1a,employees_000,Sex,Perempuan,Female,,2025-09,3167.0,,1.1a!R12C15
1.1a,employees_000,Sex,Perempuan,Female,,2025-10,3166.7,,1.1a!R12C16
1.1a,employees_000,Sex,Perempuan,Female,,2025-11,3171.5,,1.1a!R12C17
1.1a,employees_000,Sex,Perempuan,Female,,2025-12,3177.0,,1.1a!R12C18
1.1a,employees_000,Sex,Perempuan,Female,,2026-01,3172.914,,1.1a!R12C19
1.1a,employees_000,Sex,Perempuan,Female,,2026-02,3155.613,,1.1a!R12C20
1.1a,employees_000,Sex,Perempuan,Female,,2026-03,3168.415,,1.1a!R12C21
1.1a,employees_000,Ethnic,Bumiputera,Bumiputera,,2024-10,4278.5,,1.1a!R14C4
1.1a,employees_000,Ethnic,Bumiputera,Bumiputera,,2024-11,4269.3,,1.1a!R14C5
1.1a,employees_000,Ethnic,Bumiputera,Bumiputera,,2024-12,4269.3,,1.1a!R14C6
1.1a,employees_000,Ethnic,Bumiputera,Bumiputera,,2025-01,4271.3,,1.1a!R14C7
1.1a,employees_000,Ethnic,Bumiputera,Bumiputera,,2025-02,4227.5,,1.1a!R14C8
1.1a,employees_000,Ethnic,Bumiputera,Bumiputera,,2025-03,4241.7,,1.1a!R14C9
1.1a,employees_000,Ethnic,Bumiputera,Bumiputera,,2025-04,4351.5,,1.1a!R14C10
1.1a,employees_000,Ethnic,Bumiputera,Bumiputera,,2025-05,4358.4,,1.1a!R14C11
1.1a,employees_000,Ethnic,Bumiputera,Bumiputera,,2025-06,4370.7,,1.1a!R14C12
1.1a,employees_000,Ethnic,Bumiputera,Bumiputera,,2025-07,4427.5,,1.1a!R14C13
1.1a,employees_000,Ethnic,Bumiputera,Bumiputera,,2025-08,4433.4,,1.1a!R14C14
1.1a,employees_000,Ethnic,Bumiputera,Bumiputera,,2025-09,4439.6,,1.1a!R14C15
1.1a,employees_000,Ethnic,Bumiputera,Bumiputera,,2025-10,4450.8,,1.1a!R14C16
1.1a,employees_000,Ethnic,Bumiputera,Bumiputera,,2025-11,4453.9,,1.1a!R14C17
1.1a,employees_000,Ethnic,Bumiputera,Bumiputera,,2025-12,4459.6,,1.1a!R14C18
1.1a,employees_000,Ethnic,Bumiputera,Bumiputera,,2026-01,4455.732,,1.1a!R14C19
1.1a,employees_000,Ethnic,Bumiputera,Bumiputera,,2026-02,4422.76,,1.1a!R14C20
1.1a,employees_000,Ethnic,Bumiputera,Bumiputera,,2026-03,4432.133,,1.1a!R14C21
1.1a,employees_000,Ethnic,Cina,Chinese,,2024-10,1944.4,,1.1a!R15C4
1.1a,employees_000,Ethnic,Cina,Chinese,,2024-11,1943.7,,1.1a!R15C5
1.1a,employees_000,Ethnic,Cina,Chinese,,2024-12,1944.9,,1.1a!R15C6
1.1a,employees_000,Ethnic,Cina,Chinese,,2025-01,1937.2,,1.1a!R15C7
1.1a,employees_000,Ethnic,Cina,Chinese,,2025-02,1924.3,,1.1a!R15C8
1.1a,employees_000,Ethnic,Cina,Chinese,,2025-03,1931.0,,1.1a!R15C9
1.1a,employees_000,Ethnic,Cina,Chinese,,2025-04,1961.5,,1.1a!R15C10
1.1a,employees_000,Ethnic,Cina,Chinese,,2025-05,1962.0,,1.1a!R15C11
1.1a,employees_000,Ethnic,Cina,Chinese,,2025-06,1965.0,,1.1a!R15C12
1.1a,employees_000,Ethnic,Cina,Chinese,,2025-07,1968.1,,1.1a!R15C13
1.1a,employees_000,Ethnic,Cina,Chinese,,2025-08,1973.0,,1.1a!R15C14
1.1a,employees_000,Ethnic,Cina,Chinese,,2025-09,1977.0,,1.1a!R15C15
1.1a,employees_000,Ethnic,Cina,Chinese,,2025-10,1975.4,,1.1a!R15C16
1.1a,employees_000,Ethnic,Cina,Chinese,,2025-11,1977.3,,1.1a!R15C17
1.1a,employees_000,Ethnic,Cina,Chinese,,2025-12,1980.5,,1.1a!R15C18
1.1a,employees_000,Ethnic,Cina,Chinese,,2026-01,1978.759,,1.1a!R15C19
1.1a,employees_000,Ethnic,Cina,Chinese,,2026-02,1967.076,,1.1a!R15C20
1.1a,employees_000,Ethnic,Cina,Chinese,,2026-03,1977.664,,1.1a!R15C21
1.1a,employees_000,Ethnic,India,Indian,,2024-10,528.4,,1.1a!R16C4
1.1a,employees_000,Ethnic,India,Indian,,2024-11,525.1,,1.1a!R16C5
1.1a,employees_000,Ethnic,India,Indian,,2024-12,526.2,,1.1a!R16C6
1.1a,employees_000,Ethnic,India,Indian,,2025-01,528.0,,1.1a!R16C7
1.1a,employees_000,Ethnic,India,Indian,,2025-02,521.9,,1.1a!R16C8
1.1a,employees_000,Ethnic,India,Indian,,2025-03,523.9,,1.1a!R16C9
1.1a,employees_000,Ethnic,India,Indian,,2025-04,541.7,,1.1a!R16C10
1.1a,employees_000,Ethnic,India,Indian,,2025-05,539.8,,1.1a!R16C11
1.1a,employees_000,Ethnic,India,Indian,,2025-06,540.7,,1.1a!R16C12
1.1a,employees_000,Ethnic,India,Indian,,2025-07,545.6,,1.1a!R16C13
1.1a,employees_000,Ethnic,India,Indian,,2025-08,544.2,,1.1a!R16C14
1.1a,employees_000,Ethnic,India,Indian,,2025-09,544.0,,1.1a!R16C15
1.1a,employees_000,Ethnic,India,Indian,,2025-10,543.1,,1.1a!R16C16
1.1a,employees_000,Ethnic,India,Indian,,2025-11,542.8,,1.1a!R16C17
1.1a,employees_000,Ethnic,India,Indian,,2025-12,543.8,,1.1a!R16C18
1.1a,employees_000,Ethnic,India,Indian,,2026-01,542.535,,1.1a!R16C19
1.1a,employees_000,Ethnic,India,Indian,,2026-02,537.029,,1.1a!R16C20
1.1a,employees_000,Ethnic,India,Indian,,2026-03,540.94,,1.1a!R16C21
1.1a,employees_000,Ethnic,Lain-lain,Others,,2024-10,90.8,,1.1a!R17C4
1.1a,employees_000,Ethnic,Lain-lain,Others,,2024-11,91.0,,1.1a!R17C5
1.1a,employees_000,Ethnic,Lain-lain,Others,,2024-12,91.0,,1.1a!R17C6
1.1a,employees_000,Ethnic,Lain-lain,Others,,2025-01,89.0,,1.1a!R17C7
1.1a,employees_000,Ethnic,Lain-lain,Others,,2025-02,89.8,,1.1a!R17C8
1.1a,employees_000,Ethnic,Lain-lain,Others,,2025-03,90.3,,1.1a!R17C9
1.1a,employees_000,Ethnic,Lain-lain,Others,,2025-04,92.1,,1.1a!R17C10
1.1a,employees_000,Ethnic,Lain-lain,Others,,2025-05,92.7,,1.1a!R17C11
1.1a,employees_000,Ethnic,Lain-lain,Others,,2025-06,93.3,,1.1a!R17C12
1.1a,employees_000,Ethnic,Lain-lain,Others,,2025-07,94.7,,1.1a!R17C13
1.1a,employees_000,Ethnic,Lain-lain,Others,,2025-08,95.3,,1.1a!R17C14
1.1a,employees_000,Ethnic,Lain-lain,Others,,2025-09,95.8,,1.1a!R17C15
1.1a,employees_000,Ethnic,Lain-lain,Others,,2025-10,95.9,,1.1a!R17C16
1.1a,employees_000,Ethnic,Lain-lain,Others,,2025-11,96.3,,1.1a!R17C17
1.1a,employees_000,Ethnic,Lain-lain,Others,,2025-12,96.5,,1.1a!R17C18
1.1a,employees_000,Ethnic,Lain-lain,Others,,2026-01,97.753,,1.1a!R17C19
1.1a,employees_000,Ethnic,Lain-lain,Others,,2026-02,97.041,,1.1a!R17C20
1.1a,employees_000,Ethnic,Lain-lain,Others,,2026-03,97.334,,1.1a!R17C21
1.1a,employees_000,Age Group,Kurang daripada 20,Less than 20,,2024-10,116.9,,1.1a!R19C4
1.1a,employees_000,Age Group,Kurang daripada 20,Less than 20,,2024-11,121.0,,1.1a!R19C5
1.1a,employees_000,Age Group,Kurang daripada 20,Less than 20,,2024-12,127.6,,1.1a!R19C6
1.1a,employees_000,Age Group,Kurang daripada 20,Less than 20,,2025-01,58.3,,1.1a!R19C7
1.1a,employees_000,Age Group,Kurang daripada 20,Less than 20,,2025-02,69.6,,1.1a!R19C8
1.1a,employees_000,Age Group,Kurang daripada 20,Less than 20,,2025-03,83.0,,1.1a!R19C9
1.1a,employees_000,Age Group,Kurang daripada 20,Less than 20,,2025-04,102.0,,1.1a!R19C10
1.1a,employees_000,Age Group,Kurang daripada 20,Less than 20,,2025-05,108.2,,1.1a!R19C11
1.1a,employees_000,Age Group,Kurang daripada 20,Less than 20,,2025-06,113.6,,1.1a!R19C12
1.1a,employees_000,Age Group,Kurang daripada 20,Less than 20,,2025-07,117.3,,1.1a!R19C13
1.1a,employees_000,Age Group,Kurang daripada 20,Less than 20,,2025-08,117.6,,1.1a!R19C14
1.1a,employees_000,Age Group,Kurang daripada 20,Less than 20,,2025-09,120.3,,1.1a!R19C15
1.1a,employees_000,Age Group,Kurang daripada 20,Less than 20,,2025-10,121.6,,1.1a!R19C16
1.1a,employees_000,Age Group,Kurang daripada 20,Less than 20,,2025-11,126.5,,1.1a!R19C17
1.1a,employees_000,Age Group,Kurang daripada 20,Less than 20,,2025-12,137.5,,1.1a!R19C18
1.1a,employees_000,Age Group,Kurang daripada 20,Less than 20,,2026-01,83.548,,1.1a!R19C19
1.1a,employees_000,Age Group,Kurang daripada 20,Less than 20,,2026-02,87.626,,1.1a!R19C20
1.1a,employees_000,Age Group,Kurang daripada 20,Less than 20,,2026-03,99.616,,1.1a!R19C21
1.1a,employees_000,Age Group,20-24,20-24,,2024-10,839.6,,1.1a!R20C4
1.1a,employees_000,Age Group,20-24,20-24,,2024-11,850.0,,1.1a!R20C5
1.1a,employees_000,Age Group,20-24,20-24,,2024-12,860.4,,1.1a!R20C6
1.1a,employees_000,Age Group,20-24,20-24,,2025-01,674.0,,1.1a!R20C7
1.1a,employees_000,Age Group,20-24,20-24,,2025-02,674.5,,1.1a!R20C8
1.1a,employees_000,Age Group,20-24,20-24,,2025-03,687.7,,1.1a!R20C9
1.1a,employees_000,Age Group,20-24,20-24,,2025-04,727.2,,1.1a!R20C10
1.1a,employees_000,Age Group,20-24,20-24,,2025-05,742.9,,1.1a!R20C11
1.1a,employees_000,Age Group,20-24,20-24,,2025-06,761.6,,1.1a!R20C12
1.1a,employees_000,Age Group,20-24,20-24,,2025-07,788.6,,1.1a!R20C13
1.1a,employees_000,Age Group,20-24,20-24,,2025-08,809.9,,1.1a!R20C14
1.1a,employees_000,Age Group,20-24,20-24,,2025-09,823.4,,1.1a!R20C15
1.1a,employees_000,Age Group,20-24,20-24,,2025-10,827.9,,1.1a!R20C16
1.1a,employees_000,Age Group,20-24,20-24,,2025-11,839.0,,1.1a!R20C17
1.1a,employees_000,Age Group,20-24,20-24,,2025-12,850.8,,1.1a!R20C18
1.1a,employees_000,Age Group,20-24,20-24,,2026-01,687.281,,1.1a!R20C19
1.1a,employees_000,Age Group,20-24,20-24,,2026-02,687.867,,1.1a!R20C20
1.1a,employees_000,Age Group,20-24,20-24,,2026-03,700.444,,1.1a!R20C21
1.1a,employees_000,Age Group,25-29,25-29,,2024-10,1353.0,,1.1a!R21C4
1.1a,employees_000,Age Group,25-29,25-29,,2024-11,1348.4,,1.1a!R21C5
1.1a,employees_000,Age Group,25-29,25-29,,2024-12,1345.5,,1.1a!R21C6
1.1a,employees_000,Age Group,25-29,25-29,,2025-01,1339.4,,1.1a!R21C7
1.1a,employees_000,Age Group,25-29,25-29,,2025-02,1324.3,,1.1a!R21C8
1.1a,employees_000,Age Group,25-29,25-29,,2025-03,1329.2,,1.1a!R21C9
1.1a,employees_000,Age Group,25-29,25-29,,2025-04,1361.8,,1.1a!R21C10
1.1a,employees_000,Age Group,25-29,25-29,,2025-05,1362.9,,1.1a!R21C11
1.1a,employees_000,Age Group,25-29,25-29,,2025-06,1365.3,,1.1a!R21C12
1.1a,employees_000,Age Group,25-29,25-29,,2025-07,1378.5,,1.1a!R21C13
1.1a,employees_000,Age Group,25-29,25-29,,2025-08,1380.0,,1.1a!R21C14
1.1a,employees_000,Age Group,25-29,25-29,,2025-09,1381.6,,1.1a!R21C15
1.1a,employees_000,Age Group,25-29,25-29,,2025-10,1385.7,,1.1a!R21C16
1.1a,employees_000,Age Group,25-29,25-29,,2025-11,1386.9,,1.1a!R21C17
1.1a,employees_000,Age Group,25-29,25-29,,2025-12,1385.0,,1.1a!R21C18
1.1a,employees_000,Age Group,25-29,25-29,,2026-01,1357.355,,1.1a!R21C19
1.1a,employees_000,Age Group,25-29,25-29,,2026-02,1349.992,,1.1a!R21C20
1.1a,employees_000,Age Group,25-29,25-29,,2026-03,1352.956,,1.1a!R21C21
1.1a,employees_000,Age Group,30-34,30-34,,2024-10,1155.2,,1.1a!R22C4
1.1a,employees_000,Age Group,30-34,30-34,,2024-11,1150.3,,1.1a!R22C5
1.1a,employees_000,Age Group,30-34,30-34,,2024-12,1147.3,,1.1a!R22C6
1.1a,employees_000,Age Group,30-34,30-34,,2025-01,1199.7,,1.1a!R22C7
1.1a,employees_000,Age Group,30-34,30-34,,2025-02,1183.2,,1.1a!R22C8
1.1a,employees_000,Age Group,30-34,30-34,,2025-03,1181.6,,1.1a!R22C9
1.1a,employees_000,Age Group,30-34,30-34,,2025-04,1200.8,,1.1a!R22C10
1.1a,employees_000,Age Group,30-34,30-34,,2025-05,1197.6,,1.1a!R22C11
1.1a,employees_000,Age Group,30-34,30-34,,2025-06,1195.6,,1.1a!R22C12
1.1a,employees_000,Age Group,30-34,30-34,,2025-07,1202.0,,1.1a!R22C13
1.1a,employees_000,Age Group,30-34,30-34,,2025-08,1199.4,,1.1a!R22C14
1.1a,employees_000,Age Group,30-34,30-34,,2025-09,1198.3,,1.1a!R22C15
1.1a,employees_000,Age Group,30-34,30-34,,2025-10,1198.8,,1.1a!R22C16
1.1a,employees_000,Age Group,30-34,30-34,,2025-11,1197.0,,1.1a!R22C17
1.1a,employees_000,Age Group,30-34,30-34,,2025-12,1194.4,,1.1a!R22C18
1.1a,employees_000,Age Group,30-34,30-34,,2026-01,1242.584,,1.1a!R22C19
1.1a,employees_000,Age Group,30-34,30-34,,2026-02,1230.784,,1.1a!R22C20
1.1a,employees_000,Age Group,30-34,30-34,,2026-03,1229.253,,1.1a!R22C21
1.1a,employees_000,Age Group,35-39,35-39,,2024-10,939.5,,1.1a!R23C4
1.1a,employees_000,Age Group,35-39,35-39,,2024-11,935.7,,1.1a!R23C5
1.1a,employees_000,Age Group,35-39,35-39,,2024-12,933.9,,1.1a!R23C6
1.1a,employees_000,Age Group,35-39,35-39,,2025-01,964.2,,1.1a!R23C7
1.1a,employees_000,Age Group,35-39,35-39,,2025-02,953.2,,1.1a!R23C8
1.1a,employees_000,Age Group,35-39,35-39,,2025-03,952.7,,1.1a!R23C9
1.1a,employees_000,Age Group,35-39,35-39,,2025-04,967.7,,1.1a!R23C10
1.1a,employees_000,Age Group,35-39,35-39,,2025-05,965.9,,1.1a!R23C11
1.1a,employees_000,Age Group,35-39,35-39,,2025-06,965.1,,1.1a!R23C12
1.1a,employees_000,Age Group,35-39,35-39,,2025-07,970.8,,1.1a!R23C13
1.1a,employees_000,Age Group,35-39,35-39,,2025-08,969.2,,1.1a!R23C14
1.1a,employees_000,Age Group,35-39,35-39,,2025-09,968.6,,1.1a!R23C15
1.1a,employees_000,Age Group,35-39,35-39,,2025-10,969.5,,1.1a!R23C16
1.1a,employees_000,Age Group,35-39,35-39,,2025-11,968.4,,1.1a!R23C17
1.1a,employees_000,Age Group,35-39,35-39,,2025-12,966.7,,1.1a!R23C18
1.1a,employees_000,Age Group,35-39,35-39,,2026-01,997.643,,1.1a!R23C19
1.1a,employees_000,Age Group,35-39,35-39,,2026-02,988.93,,1.1a!R23C20
1.1a,employees_000,Age Group,35-39,35-39,,2026-03,989.242,,1.1a!R23C21
1.1a,employees_000,Age Group,40-44,40-44,,2024-10,749.5,,1.1a!R24C4
1.1a,employees_000,Age Group,40-44,40-44,,2024-11,746.4,,1.1a!R24C5
1.1a,employees_000,Age Group,40-44,40-44,,2024-12,745.5,,1.1a!R24C6
1.1a,employees_000,Age Group,40-44,40-44,,2025-01,788.4,,1.1a!R24C7
1.1a,employees_000,Age Group,40-44,40-44,,2025-02,780.3,,1.1a!R24C8
1.1a,employees_000,Age Group,40-44,40-44,,2025-03,780.2,,1.1a!R24C9
1.1a,employees_000,Age Group,40-44,40-44,,2025-04,792.4,,1.1a!R24C10
1.1a,employees_000,Age Group,40-44,40-44,,2025-05,791.3,,1.1a!R24C11
1.1a,employees_000,Age Group,40-44,40-44,,2025-06,790.7,,1.1a!R24C12
1.1a,employees_000,Age Group,40-44,40-44,,2025-07,795.5,,1.1a!R24C13
1.1a,employees_000,Age Group,40-44,40-44,,2025-08,794.7,,1.1a!R24C14
1.1a,employees_000,Age Group,40-44,40-44,,2025-09,794.6,,1.1a!R24C15
1.1a,employees_000,Age Group,40-44,40-44,,2025-10,795.8,,1.1a!R24C16
1.1a,employees_000,Age Group,40-44,40-44,,2025-11,794.8,,1.1a!R24C17
1.1a,employees_000,Age Group,40-44,40-44,,2025-12,793.9,,1.1a!R24C18
1.1a,employees_000,Age Group,40-44,40-44,,2026-01,827.989,,1.1a!R24C19
1.1a,employees_000,Age Group,40-44,40-44,,2026-02,820.906,,1.1a!R24C20
1.1a,employees_000,Age Group,40-44,40-44,,2026-03,821.501,,1.1a!R24C21
1.1a,employees_000,Age Group,45-49,45-49,,2024-10,613.3,,1.1a!R25C4
1.1a,employees_000,Age Group,45-49,45-49,,2024-11,610.5,,1.1a!R25C5
1.1a,employees_000,Age Group,45-49,45-49,,2024-12,609.4,,1.1a!R25C6
1.1a,employees_000,Age Group,45-49,45-49,,2025-01,634.8,,1.1a!R25C7
1.1a,employees_000,Age Group,45-49,45-49,,2025-02,628.5,,1.1a!R25C8
1.1a,employees_000,Age Group,45-49,45-49,,2025-03,627.9,,1.1a!R25C9
1.1a,employees_000,Age Group,45-49,45-49,,2025-04,637.3,,1.1a!R25C10
1.1a,employees_000,Age Group,45-49,45-49,,2025-05,635.6,,1.1a!R25C11
1.1a,employees_000,Age Group,45-49,45-49,,2025-06,634.9,,1.1a!R25C12
1.1a,employees_000,Age Group,45-49,45-49,,2025-07,638.6,,1.1a!R25C13
1.1a,employees_000,Age Group,45-49,45-49,,2025-08,637.7,,1.1a!R25C14
1.1a,employees_000,Age Group,45-49,45-49,,2025-09,637.3,,1.1a!R25C15
1.1a,employees_000,Age Group,45-49,45-49,,2025-10,637.5,,1.1a!R25C16
1.1a,employees_000,Age Group,45-49,45-49,,2025-11,636.6,,1.1a!R25C17
1.1a,employees_000,Age Group,45-49,45-49,,2025-12,635.5,,1.1a!R25C18
1.1a,employees_000,Age Group,45-49,45-49,,2026-01,657.876,,1.1a!R25C19
1.1a,employees_000,Age Group,45-49,45-49,,2026-02,652.163,,1.1a!R25C20
1.1a,employees_000,Age Group,45-49,45-49,,2026-03,652.644,,1.1a!R25C21
1.1a,employees_000,Age Group,50-54,50-54,,2024-10,484.0,,1.1a!R26C4
1.1a,employees_000,Age Group,50-54,50-54,,2024-11,481.4,,1.1a!R26C5
1.1a,employees_000,Age Group,50-54,50-54,,2024-12,480.1,,1.1a!R26C6
1.1a,employees_000,Age Group,50-54,50-54,,2025-01,507.2,,1.1a!R26C7
1.1a,employees_000,Age Group,50-54,50-54,,2025-02,501.2,,1.1a!R26C8
1.1a,employees_000,Age Group,50-54,50-54,,2025-03,499.9,,1.1a!R26C9
1.1a,employees_000,Age Group,50-54,50-54,,2025-04,507.1,,1.1a!R26C10
1.1a,employees_000,Age Group,50-54,50-54,,2025-05,505.0,,1.1a!R26C11
1.1a,employees_000,Age Group,50-54,50-54,,2025-06,503.7,,1.1a!R26C12
1.1a,employees_000,Age Group,50-54,50-54,,2025-07,506.1,,1.1a!R26C13
1.1a,employees_000,Age Group,50-54,50-54,,2025-08,504.5,,1.1a!R26C14
1.1a,employees_000,Age Group,50-54,50-54,,2025-09,503.4,,1.1a!R26C15
1.1a,employees_000,Age Group,50-54,50-54,,2025-10,503.1,,1.1a!R26C16
1.1a,employees_000,Age Group,50-54,50-54,,2025-11,501.4,,1.1a!R26C17
1.1a,employees_000,Age Group,50-54,50-54,,2025-12,500.2,,1.1a!R26C18
1.1a,employees_000,Age Group,50-54,50-54,,2026-01,526.822,,1.1a!R26C19
1.1a,employees_000,Age Group,50-54,50-54,,2026-02,521.683,,1.1a!R26C20
1.1a,employees_000,Age Group,50-54,50-54,,2026-03,521.48,,1.1a!R26C21
1.1a,employees_000,Age Group,55-59,55-59,,2024-10,327.7,,1.1a!R27C4
1.1a,employees_000,Age Group,55-59,55-59,,2024-11,325.3,,1.1a!R27C5
1.1a,employees_000,Age Group,55-59,55-59,,2024-12,323.9,,1.1a!R27C6
1.1a,employees_000,Age Group,55-59,55-59,,2025-01,354.0,,1.1a!R27C7
1.1a,employees_000,Age Group,55-59,55-59,,2025-02,348.7,,1.1a!R27C8
1.1a,employees_000,Age Group,55-59,55-59,,2025-03,346.8,,1.1a!R27C9
1.1a,employees_000,Age Group,55-59,55-59,,2025-04,351.2,,1.1a!R27C10
1.1a,employees_000,Age Group,55-59,55-59,,2025-05,348.4,,1.1a!R27C11
1.1a,employees_000,Age Group,55-59,55-59,,2025-06,346.6,,1.1a!R27C12
1.1a,employees_000,Age Group,55-59,55-59,,2025-07,347.6,,1.1a!R27C13
1.1a,employees_000,Age Group,55-59,55-59,,2025-08,345.4,,1.1a!R27C14
1.1a,employees_000,Age Group,55-59,55-59,,2025-09,343.9,,1.1a!R27C15
1.1a,employees_000,Age Group,55-59,55-59,,2025-10,342.8,,1.1a!R27C16
1.1a,employees_000,Age Group,55-59,55-59,,2025-11,340.8,,1.1a!R27C17
1.1a,employees_000,Age Group,55-59,55-59,,2025-12,339.4,,1.1a!R27C18
1.1a,employees_000,Age Group,55-59,55-59,,2026-01,368.141,,1.1a!R27C19
1.1a,employees_000,Age Group,55-59,55-59,,2026-02,363.779,,1.1a!R27C20
1.1a,employees_000,Age Group,55-59,55-59,,2026-03,362.833,,1.1a!R27C21
1.1a,employees_000,Age Group,60-64,60-64,,2024-10,157.5,,1.1a!R28C4
1.1a,employees_000,Age Group,60-64,60-64,,2024-11,155.1,,1.1a!R28C5
1.1a,employees_000,Age Group,60-64,60-64,,2024-12,154.0,,1.1a!R28C6
1.1a,employees_000,Age Group,60-64,60-64,,2025-01,181.9,,1.1a!R28C7
1.1a,employees_000,Age Group,60-64,60-64,,2025-02,178.2,,1.1a!R28C8
1.1a,employees_000,Age Group,60-64,60-64,,2025-03,176.7,,1.1a!R28C9
1.1a,employees_000,Age Group,60-64,60-64,,2025-04,178.0,,1.1a!R28C10
1.1a,employees_000,Age Group,60-64,60-64,,2025-05,175.1,,1.1a!R28C11
1.1a,employees_000,Age Group,60-64,60-64,,2025-06,173.3,,1.1a!R28C12
1.1a,employees_000,Age Group,60-64,60-64,,2025-07,172.4,,1.1a!R28C13
1.1a,employees_000,Age Group,60-64,60-64,,2025-08,170.1,,1.1a!R28C14
1.1a,employees_000,Age Group,60-64,60-64,,2025-09,168.2,,1.1a!R28C15
1.1a,employees_000,Age Group,60-64,60-64,,2025-10,166.6,,1.1a!R28C16
1.1a,employees_000,Age Group,60-64,60-64,,2025-11,164.5,,1.1a!R28C17
1.1a,employees_000,Age Group,60-64,60-64,,2025-12,163.4,,1.1a!R28C18
1.1a,employees_000,Age Group,60-64,60-64,,2026-01,191.022,,1.1a!R28C19
1.1a,employees_000,Age Group,60-64,60-64,,2026-02,187.577,,1.1a!R28C20
1.1a,employees_000,Age Group,60-64,60-64,,2026-03,186.425,,1.1a!R28C21
1.1a,employees_000,Age Group,65 dan ke atas,65 and above,,2024-10,106.1,,1.1a!R29C4
1.1a,employees_000,Age Group,65 dan ke atas,65 and above,,2024-11,104.8,,1.1a!R29C5
1.1a,employees_000,Age Group,65 dan ke atas,65 and above,,2024-12,104.0,,1.1a!R29C6
1.1a,employees_000,Age Group,65 dan ke atas,65 and above,,2025-01,123.8,,1.1a!R29C7
1.1a,employees_000,Age Group,65 dan ke atas,65 and above,,2025-02,121.9,,1.1a!R29C8
1.1a,employees_000,Age Group,65 dan ke atas,65 and above,,2025-03,121.0,,1.1a!R29C9
1.1a,employees_000,Age Group,65 dan ke atas,65 and above,,2025-04,121.3,,1.1a!R29C10
1.1a,employees_000,Age Group,65 dan ke atas,65 and above,,2025-05,120.0,,1.1a!R29C11
1.1a,employees_000,Age Group,65 dan ke atas,65 and above,,2025-06,119.1,,1.1a!R29C12
1.1a,employees_000,Age Group,65 dan ke atas,65 and above,,2025-07,118.4,,1.1a!R29C13
1.1a,employees_000,Age Group,65 dan ke atas,65 and above,,2025-08,117.3,,1.1a!R29C14
1.1a,employees_000,Age Group,65 dan ke atas,65 and above,,2025-09,116.7,,1.1a!R29C15
1.1a,employees_000,Age Group,65 dan ke atas,65 and above,,2025-10,115.8,,1.1a!R29C16
1.1a,employees_000,Age Group,65 dan ke atas,65 and above,,2025-11,114.4,,1.1a!R29C17
1.1a,employees_000,Age Group,65 dan ke atas,65 and above,,2025-12,113.8,,1.1a!R29C18
1.1a,employees_000,Age Group,65 dan ke atas,65 and above,,2026-01,134.518,,1.1a!R29C19
1.1a,employees_000,Age Group,65 dan ke atas,65 and above,,2026-02,132.599,,1.1a!R29C20
1.1a,employees_000,Age Group,65 dan ke atas,65 and above,,2026-03,131.677,,1.1a!R29C21
1.1b,share_pct,,Jumlah,Total,,2024-10,100.0,,1.1b!R9C4
1.1b,share_pct,,Jumlah,Total,,2024-11,100.0,,1.1b!R9C5
1.1b,share_pct,,Jumlah,Total,,2024-12,100.0,,1.1b!R9C6
1.1b,share_pct,,Jumlah,Total,,2025-01,100.0,,1.1b!R9C7
1.1b,share_pct,,Jumlah,Total,,2025-02,100.0,,1.1b!R9C8
1.1b,share_pct,,Jumlah,Total,,2025-03,100.0,,1.1b!R9C9
1.1b,share_pct,,Jumlah,Total,,2025-04,100.0,,1.1b!R9C10
1.1b,share_pct,,Jumlah,Total,,2025-05,100.0,,1.1b!R9C11
1.1b,share_pct,,Jumlah,Total,,2025-06,100.0,,1.1b!R9C12
1.1b,share_pct,,Jumlah,Total,,2025-07,100.0,,1.1b!R9C13
1.1b,share_pct,,Jumlah,Total,,2025-08,100.0,,1.1b!R9C14
1.1b,share_pct,,Jumlah,Total,,2025-09,100.0,,1.1b!R9C15
1.1b,share_pct,,Jumlah,Total,,2025-10,100.0,,1.1b!R9C16
1.1b,share_pct,,Jumlah,Total,,2025-11,100.0,,1.1b!R9C17
1.1b,share_pct,,Jumlah,Total,,2025-12,100.0,,1.1b!R9C18
1.1b,share_pct,,Jumlah,Total,,2026-01,100.0,,1.1b!R9C19
1.1b,share_pct,,Jumlah,Total,,2026-02,100.0,,1.1b!R9C20
1.1b,share_pct,,Jumlah,Total,,2026-03,100.0,,1.1b!R9C21
1.1b,share_pct,Sex,Lelaki,Male,,2024-10,55.2,,1.1b!R11C4
1.1b,share_pct,Sex,Lelaki,Male,,2024-11,55.2,,1.1b!R11C5
1.1b,share_pct,Sex,Lelaki,Male,,2024-12,55.2,,1.1b!R11C6
1.1b,share_pct,Sex,Lelaki,Male,,2025-01,55.2,,1.1b!R11C7
1.1b,share_pct,Sex,Lelaki,Male,,2025-02,55.2,,1.1b!R11C8
1.1b,share_pct,Sex,Lelaki,Male,,2025-03,55.1,,1.1b!R11C9
1.1b,share_pct,Sex,Lelaki,Male,,2025-04,55.2,,1.1b!R11C10
1.1b,share_pct,Sex,Lelaki,Male,,2025-05,55.2,,1.1b!R11C11
1.1b,share_pct,Sex,Lelaki,Male,,2025-06,55.1,,1.1b!R11C12
1.1b,share_pct,Sex,Lelaki,Male,,2025-07,55.2,,1.1b!R11C13
1.1b,share_pct,Sex,Lelaki,Male,,2025-08,55.1,,1.1b!R11C14
1.1b,share_pct,Sex,Lelaki,Male,,2025-09,55.1,,1.1b!R11C15
1.1b,share_pct,Sex,Lelaki,Male,,2025-10,55.2,,1.1b!R11C16
1.1b,share_pct,Sex,Lelaki,Male,,2025-11,55.1,,1.1b!R11C17
1.1b,share_pct,Sex,Lelaki,Male,,2025-12,55.1,,1.1b!R11C18
1.1b,share_pct,Sex,Lelaki,Male,,2026-01,55.15175809732007,,1.1b!R11C19
1.1b,share_pct,Sex,Lelaki,Male,,2026-02,55.07324557019984,,1.1b!R11C20
1.1b,share_pct,Sex,Lelaki,Male,,2026-03,55.045642985151545,,1.1b!R11C21
1.1b,share_pct,Sex,Perempuan,Female,,2024-10,44.8,,1.1b!R12C4
1.1b,share_pct,Sex,Perempuan,Female,,2024-11,44.8,,1.1b!R12C5
1.1b,share_pct,Sex,Perempuan,Female,,2024-12,44.8,,1.1b!R12C6
1.1b,share_pct,Sex,Perempuan,Female,,2025-01,44.8,,1.1b!R12C7
1.1b,share_pct,Sex,Perempuan,Female,,2025-02,44.8,,1.1b!R12C8
1.1b,share_pct,Sex,Perempuan,Female,,2025-03,44.9,,1.1b!R12C9
1.1b,share_pct,Sex,Perempuan,Female,,2025-04,44.8,,1.1b!R12C10
1.1b,share_pct,Sex,Perempuan,Female,,2025-05,44.8,,1.1b!R12C11
1.1b,share_pct,Sex,Perempuan,Female,,2025-06,44.9,,1.1b!R12C12
1.1b,share_pct,Sex,Perempuan,Female,,2025-07,44.8,,1.1b!R12C13
1.1b,share_pct,Sex,Perempuan,Female,,2025-08,44.9,,1.1b!R12C14
1.1b,share_pct,Sex,Perempuan,Female,,2025-09,44.9,,1.1b!R12C15
1.1b,share_pct,Sex,Perempuan,Female,,2025-10,44.8,,1.1b!R12C16
1.1b,share_pct,Sex,Perempuan,Female,,2025-11,44.9,,1.1b!R12C17
1.1b,share_pct,Sex,Perempuan,Female,,2025-12,44.9,,1.1b!R12C18
1.1b,share_pct,Sex,Perempuan,Female,,2026-01,44.84824190267993,,1.1b!R12C19
1.1b,share_pct,Sex,Perempuan,Female,,2026-02,44.92675442980017,,1.1b!R12C20
1.1b,share_pct,Sex,Perempuan,Female,,2026-03,44.95435701484846,,1.1b!R12C21
1.1b,share_pct,Ethnic,Bumiputera,Bumiputera,,2024-10,62.5,,1.1b!R14C4
1.1b,share_pct,Ethnic,Bumiputera,Bumiputera,,2024-11,62.5,,1.1b!R14C5
1.1b,share_pct,Ethnic,Bumiputera,Bumiputera,,2024-12,62.5,,1.1b!R14C6
1.1b,share_pct,Ethnic,Bumiputera,Bumiputera,,2025-01,62.6,,1.1b!R14C7
1.1b,share_pct,Ethnic,Bumiputera,Bumiputera,,2025-02,62.5,,1.1b!R14C8
1.1b,share_pct,Ethnic,Bumiputera,Bumiputera,,2025-03,62.5,,1.1b!R14C9
1.1b,share_pct,Ethnic,Bumiputera,Bumiputera,,2025-04,62.6,,1.1b!R14C10
1.1b,share_pct,Ethnic,Bumiputera,Bumiputera,,2025-05,62.7,,1.1b!R14C11
1.1b,share_pct,Ethnic,Bumiputera,Bumiputera,,2025-06,62.7,,1.1b!R14C12
1.1b,share_pct,Ethnic,Bumiputera,Bumiputera,,2025-07,62.9,,1.1b!R14C13
1.1b,share_pct,Ethnic,Bumiputera,Bumiputera,,2025-08,62.9,,1.1b!R14C14
1.1b,share_pct,Ethnic,Bumiputera,Bumiputera,,2025-09,62.9,,1.1b!R14C15
1.1b,share_pct,Ethnic,Bumiputera,Bumiputera,,2025-10,63.0,,1.1b!R14C16
1.1b,share_pct,Ethnic,Bumiputera,Bumiputera,,2025-11,63.0,,1.1b!R14C17
1.1b,share_pct,Ethnic,Bumiputera,Bumiputera,,2025-12,63.0,,1.1b!R14C18
1.1b,share_pct,Ethnic,Bumiputera,Bumiputera,,2026-01,62.98051147604752,,1.1b!R14C19
1.1b,share_pct,Ethnic,Bumiputera,Bumiputera,,2026-02,62.96724358213223,,1.1b!R14C20
1.1b,share_pct,Ethnic,Bumiputera,Bumiputera,,2026-03,62.88434097783635,,1.1b!R14C21
1.1b,share_pct,Ethnic,Cina,Chinese,,2024-10,28.4,,1.1b!R15C4
1.1b,share_pct,Ethnic,Cina,Chinese,,2024-11,28.5,,1.1b!R15C5
1.1b,share_pct,Ethnic,Cina,Chinese,,2024-12,28.5,,1.1b!R15C6
1.1b,share_pct,Ethnic,Cina,Chinese,,2025-01,28.4,,1.1b!R15C7
1.1b,share_pct,Ethnic,Cina,Chinese,,2025-02,28.5,,1.1b!R15C8
1.1b,share_pct,Ethnic,Cina,Chinese,,2025-03,28.5,,1.1b!R15C9
1.1b,share_pct,Ethnic,Cina,Chinese,,2025-04,28.2,,1.1b!R15C10
1.1b,share_pct,Ethnic,Cina,Chinese,,2025-05,28.2,,1.1b!R15C11
1.1b,share_pct,Ethnic,Cina,Chinese,,2025-06,28.2,,1.1b!R15C12
1.1b,share_pct,Ethnic,Cina,Chinese,,2025-07,28.0,,1.1b!R15C13
1.1b,share_pct,Ethnic,Cina,Chinese,,2025-08,28.0,,1.1b!R15C14
1.1b,share_pct,Ethnic,Cina,Chinese,,2025-09,28.0,,1.1b!R15C15
1.1b,share_pct,Ethnic,Cina,Chinese,,2025-10,28.0,,1.1b!R15C16
1.1b,share_pct,Ethnic,Cina,Chinese,,2025-11,28.0,,1.1b!R15C17
1.1b,share_pct,Ethnic,Cina,Chinese,,2025-12,28.0,,1.1b!R15C18
1.1b,share_pct,Ethnic,Cina,Chinese,,2026-01,27.969198755183726,,1.1b!R15C19
1.1b,share_pct,Ethnic,Cina,Chinese,,2026-02,28.005443125235445,,1.1b!R15C20
1.1b,share_pct,Ethnic,Cina,Chinese,,2026-03,28.059649228845736,,1.1b!R15C21
1.1b,share_pct,Ethnic,India,Indian,,2024-10,7.7,,1.1b!R16C4
1.1b,share_pct,Ethnic,India,Indian,,2024-11,7.7,,1.1b!R16C5
1.1b,share_pct,Ethnic,India,Indian,,2024-12,7.7,,1.1b!R16C6
1.1b,share_pct,Ethnic,India,Indian,,2025-01,7.7,,1.1b!R16C7
1.1b,share_pct,Ethnic,India,Indian,,2025-02,7.7,,1.1b!R16C8
1.1b,share_pct,Ethnic,India,Indian,,2025-03,7.7,,1.1b!R16C9
1.1b,share_pct,Ethnic,India,Indian,,2025-04,7.8,,1.1b!R16C10
1.1b,share_pct,Ethnic,India,Indian,,2025-05,7.8,,1.1b!R16C11
1.1b,share_pct,Ethnic,India,Indian,,2025-06,7.8,,1.1b!R16C12
1.1b,share_pct,Ethnic,India,Indian,,2025-07,7.8,,1.1b!R16C13
1.1b,share_pct,Ethnic,India,Indian,,2025-08,7.7,,1.1b!R16C14
1.1b,share_pct,Ethnic,India,Indian,,2025-09,7.7,,1.1b!R16C15
1.1b,share_pct,Ethnic,India,Indian,,2025-10,7.7,,1.1b!R16C16
1.1b,share_pct,Ethnic,India,Indian,,2025-11,7.7,,1.1b!R16C17
1.1b,share_pct,Ethnic,India,Indian,,2025-12,7.7,,1.1b!R16C18
1.1b,share_pct,Ethnic,India,Indian,,2026-01,7.668578764085774,,1.1b!R16C19
1.1b,share_pct,Ethnic,India,Indian,,2026-02,7.645731591510478,,1.1b!R16C20
1.1b,share_pct,Ethnic,India,Indian,,2026-03,7.675007814194836,,1.1b!R16C21
1.1b,share_pct,Ethnic,Lain-lain,Others,,2024-10,1.3,,1.1b!R17C4
1.1b,share_pct,Ethnic,Lain-lain,Others,,2024-11,1.3,,1.1b!R17C5
1.1b,share_pct,Ethnic,Lain-lain,Others,,2024-12,1.3,,1.1b!R17C6
1.1b,share_pct,Ethnic,Lain-lain,Others,,2025-01,1.3,,1.1b!R17C7
1.1b,share_pct,Ethnic,Lain-lain,Others,,2025-02,1.3,,1.1b!R17C8
1.1b,share_pct,Ethnic,Lain-lain,Others,,2025-03,1.3,,1.1b!R17C9
1.1b,share_pct,Ethnic,Lain-lain,Others,,2025-04,1.3,,1.1b!R17C10
1.1b,share_pct,Ethnic,Lain-lain,Others,,2025-05,1.3,,1.1b!R17C11
1.1b,share_pct,Ethnic,Lain-lain,Others,,2025-06,1.3,,1.1b!R17C12
1.1b,share_pct,Ethnic,Lain-lain,Others,,2025-07,1.3,,1.1b!R17C13
1.1b,share_pct,Ethnic,Lain-lain,Others,,2025-08,1.4,,1.1b!R17C14
1.1b,share_pct,Ethnic,Lain-lain,Others,,2025-09,1.4,,1.1b!R17C15
1.1b,share_pct,Ethnic,Lain-lain,Others,,2025-10,1.4,,1.1b!R17C16
1.1b,share_pct,Ethnic,Lain-lain,Others,,2025-11,1.4,,1.1b!R17C17
1.1b,share_pct,Ethnic,Lain-lain,Others,,2025-12,1.4,,1.1b!R17C18
1.1b,share_pct,Ethnic,Lain-lain,Others,,2026-01,1.381711004682973,,1.1b!R17C19
1.1b,share_pct,Ethnic,Lain-lain,Others,,2026-02,1.3815817011218545,,1.1b!R17C20
1.1b,share_pct,Ethnic,Lain-lain,Others,,2026-03,1.381001979123082,,1.1b!R17C21
1.1b,share_pct,Age Group,Kurang daripada 20,Less than 20,,2024-10,1.7,,1.1b!R19C4
1.1b,share_pct,Age Group,Kurang daripada 20,Less than 20,,2024-11,1.8,,1.1b!R19C5
1.1b,share_pct,Age Group,Kurang daripada 20,Less than 20,,2024-12,1.9,,1.1b!R19C6
1.1b,share_pct,Age Group,Kurang daripada 20,Less than 20,,2025-01,0.9,,1.1b!R19C7
1.1b,share_pct,Age Group,Kurang daripada 20,Less than 20,,2025-02,1.0,,1.1b!R19C8
1.1b,share_pct,Age Group,Kurang daripada 20,Less than 20,,2025-03,1.2,,1.1b!R19C9
1.1b,share_pct,Age Group,Kurang daripada 20,Less than 20,,2025-04,1.5,,1.1b!R19C10
1.1b,share_pct,Age Group,Kurang daripada 20,Less than 20,,2025-05,1.6,,1.1b!R19C11
1.1b,share_pct,Age Group,Kurang daripada 20,Less than 20,,2025-06,1.6,,1.1b!R19C12
1.1b,share_pct,Age Group,Kurang daripada 20,Less than 20,,2025-07,1.7,,1.1b!R19C13
1.1b,share_pct,Age Group,Kurang daripada 20,Less than 20,,2025-08,1.7,,1.1b!R19C14
1.1b,share_pct,Age Group,Kurang daripada 20,Less than 20,,2025-09,1.7,,1.1b!R19C15
1.1b,share_pct,Age Group,Kurang daripada 20,Less than 20,,2025-10,1.7,,1.1b!R19C16
1.1b,share_pct,Age Group,Kurang daripada 20,Less than 20,,2025-11,1.8,,1.1b!R19C17
1.1b,share_pct,Age Group,Kurang daripada 20,Less than 20,,2025-12,1.9,,1.1b!R19C18
1.1b,share_pct,Age Group,Kurang daripada 20,Less than 20,,2026-01,1.1809273476952424,,1.1b!R19C19
1.1b,share_pct,Age Group,Kurang daripada 20,Less than 20,,2026-02,1.247539474474744,,1.1b!R19C20
1.1b,share_pct,Age Group,Kurang daripada 20,Less than 20,,2026-03,1.4133796325264034,,1.1b!R19C21
1.1b,share_pct,Age Group,20-24,20-24,,2024-10,12.3,,1.1b!R20C4
1.1b,share_pct,Age Group,20-24,20-24,,2024-11,12.4,,1.1b!R20C5
1.1b,share_pct,Age Group,20-24,20-24,,2024-12,12.6,,1.1b!R20C6
1.1b,share_pct,Age Group,20-24,20-24,,2025-01,9.9,,1.1b!R20C7
1.1b,share_pct,Age Group,20-24,20-24,,2025-02,10.0,,1.1b!R20C8
1.1b,share_pct,Age Group,20-24,20-24,,2025-03,10.1,,1.1b!R20C9
1.1b,share_pct,Age Group,20-24,20-24,,2025-04,10.5,,1.1b!R20C10
1.1b,share_pct,Age Group,20-24,20-24,,2025-05,10.7,,1.1b!R20C11
1.1b,share_pct,Age Group,20-24,20-24,,2025-06,10.9,,1.1b!R20C12
1.1b,share_pct,Age Group,20-24,20-24,,2025-07,11.2,,1.1b!R20C13
1.1b,share_pct,Age Group,20-24,20-24,,2025-08,11.5,,1.1b!R20C14
1.1b,share_pct,Age Group,20-24,20-24,,2025-09,11.7,,1.1b!R20C15
1.1b,share_pct,Age Group,20-24,20-24,,2025-10,11.7,,1.1b!R20C16
1.1b,share_pct,Age Group,20-24,20-24,,2025-11,11.9,,1.1b!R20C17
1.1b,share_pct,Age Group,20-24,20-24,,2025-12,12.0,,1.1b!R20C18
1.1b,share_pct,Age Group,20-24,20-24,,2026-01,9.714522531375183,,1.1b!R20C19
1.1b,share_pct,Age Group,20-24,20-24,,2026-02,9.793226162195221,,1.1b!R20C20
1.1b,share_pct,Age Group,20-24,20-24,,2026-03,9.938095118508313,,1.1b!R20C21
1.1b,share_pct,Age Group,25-29,25-29,,2024-10,19.8,,1.1b!R21C4
1.1b,share_pct,Age Group,25-29,25-29,,2024-11,19.7,,1.1b!R21C5
1.1b,share_pct,Age Group,25-29,25-29,,2024-12,19.7,,1.1b!R21C6
1.1b,share_pct,Age Group,25-29,25-29,,2025-01,19.6,,1.1b!R21C7
1.1b,share_pct,Age Group,25-29,25-29,,2025-02,19.6,,1.1b!R21C8
1.1b,share_pct,Age Group,25-29,25-29,,2025-03,19.6,,1.1b!R21C9
1.1b,share_pct,Age Group,25-29,25-29,,2025-04,19.6,,1.1b!R21C10
1.1b,share_pct,Age Group,25-29,25-29,,2025-05,19.6,,1.1b!R21C11
1.1b,share_pct,Age Group,25-29,25-29,,2025-06,19.6,,1.1b!R21C12
1.1b,share_pct,Age Group,25-29,25-29,,2025-07,19.6,,1.1b!R21C13
1.1b,share_pct,Age Group,25-29,25-29,,2025-08,19.6,,1.1b!R21C14
1.1b,share_pct,Age Group,25-29,25-29,,2025-09,19.6,,1.1b!R21C15
1.1b,share_pct,Age Group,25-29,25-29,,2025-10,19.6,,1.1b!R21C16
1.1b,share_pct,Age Group,25-29,25-29,,2025-11,19.6,,1.1b!R21C17
1.1b,share_pct,Age Group,25-29,25-29,,2025-12,19.6,,1.1b!R21C18
1.1b,share_pct,Age Group,25-29,25-29,,2026-01,19.185828984905392,,1.1b!R21C19
1.1b,share_pct,Age Group,25-29,25-29,,2026-02,19.219961087178557,,1.1b!R21C20
1.1b,share_pct,Age Group,25-29,25-29,,2026-03,19.196117632753698,,1.1b!R21C21
1.1b,share_pct,Age Group,30-34,30-34,,2024-10,16.9,,1.1b!R22C4
1.1b,share_pct,Age Group,30-34,30-34,,2024-11,16.8,,1.1b!R22C5
1.1b,share_pct,Age Group,30-34,30-34,,2024-12,16.8,,1.1b!R22C6
1.1b,share_pct,Age Group,30-34,30-34,,2025-01,17.6,,1.1b!R22C7
1.1b,share_pct,Age Group,30-34,30-34,,2025-02,17.5,,1.1b!R22C8
1.1b,share_pct,Age Group,30-34,30-34,,2025-03,17.4,,1.1b!R22C9
1.1b,share_pct,Age Group,30-34,30-34,,2025-04,17.3,,1.1b!R22C10
1.1b,share_pct,Age Group,30-34,30-34,,2025-05,17.2,,1.1b!R22C11
1.1b,share_pct,Age Group,30-34,30-34,,2025-06,17.2,,1.1b!R22C12
1.1b,share_pct,Age Group,30-34,30-34,,2025-07,17.1,,1.1b!R22C13
1.1b,share_pct,Age Group,30-34,30-34,,2025-08,17.0,,1.1b!R22C14
1.1b,share_pct,Age Group,30-34,30-34,,2025-09,17.0,,1.1b!R22C15
1.1b,share_pct,Age Group,30-34,30-34,,2025-10,17.0,,1.1b!R22C16
1.1b,share_pct,Age Group,30-34,30-34,,2025-11,16.9,,1.1b!R22C17
1.1b,share_pct,Age Group,30-34,30-34,,2025-12,16.9,,1.1b!R22C18
1.1b,share_pct,Age Group,30-34,30-34,,2026-01,17.563573363917094,,1.1b!R22C19
1.1b,share_pct,Age Group,30-34,30-34,,2026-02,17.522785754820752,,1.1b!R22C20
1.1b,share_pct,Age Group,30-34,30-34,,2026-03,17.440984916298376,,1.1b!R22C21
1.1b,share_pct,Age Group,35-39,35-39,,2024-10,13.7,,1.1b!R23C4
1.1b,share_pct,Age Group,35-39,35-39,,2024-11,13.7,,1.1b!R23C5
1.1b,share_pct,Age Group,35-39,35-39,,2024-12,13.7,,1.1b!R23C6
1.1b,share_pct,Age Group,35-39,35-39,,2025-01,14.1,,1.1b!R23C7
1.1b,share_pct,Age Group,35-39,35-39,,2025-02,14.1,,1.1b!R23C8
1.1b,share_pct,Age Group,35-39,35-39,,2025-03,14.0,,1.1b!R23C9
1.1b,share_pct,Age Group,35-39,35-39,,2025-04,13.9,,1.1b!R23C10
1.1b,share_pct,Age Group,35-39,35-39,,2025-05,13.9,,1.1b!R23C11
1.1b,share_pct,Age Group,35-39,35-39,,2025-06,13.8,,1.1b!R23C12
1.1b,share_pct,Age Group,35-39,35-39,,2025-07,13.8,,1.1b!R23C13
1.1b,share_pct,Age Group,35-39,35-39,,2025-08,13.8,,1.1b!R23C14
1.1b,share_pct,Age Group,35-39,35-39,,2025-09,13.7,,1.1b!R23C15
1.1b,share_pct,Age Group,35-39,35-39,,2025-10,13.7,,1.1b!R23C16
1.1b,share_pct,Age Group,35-39,35-39,,2025-11,13.7,,1.1b!R23C17
1.1b,share_pct,Age Group,35-39,35-39,,2025-12,13.7,,1.1b!R23C18
1.1b,share_pct,Age Group,35-39,35-39,,2026-01,14.101401612686418,,1.1b!R23C19
1.1b,share_pct,Age Group,35-39,35-39,,2026-02,14.079487965812753,,1.1b!R23C20
1.1b,share_pct,Age Group,35-39,35-39,,2026-03,14.035641808943183,,1.1b!R23C21
1.1b,share_pct,Age Group,40-44,40-44,,2024-10,11.0,,1.1b!R24C4
1.1b,share_pct,Age Group,40-44,40-44,,2024-11,10.9,,1.1b!R24C5
1.1b,share_pct,Age Group,40-44,40-44,,2024-12,10.9,,1.1b!R24C6
1.1b,share_pct,Age Group,40-44,40-44,,2025-01,11.6,,1.1b!R24C7
1.1b,share_pct,Age Group,40-44,40-44,,2025-02,11.5,,1.1b!R24C8
1.1b,share_pct,Age Group,40-44,40-44,,2025-03,11.5,,1.1b!R24C9
1.1b,share_pct,Age Group,40-44,40-44,,2025-04,11.4,,1.1b!R24C10
1.1b,share_pct,Age Group,40-44,40-44,,2025-05,11.4,,1.1b!R24C11
1.1b,share_pct,Age Group,40-44,40-44,,2025-06,11.3,,1.1b!R24C12
1.1b,share_pct,Age Group,40-44,40-44,,2025-07,11.3,,1.1b!R24C13
1.1b,share_pct,Age Group,40-44,40-44,,2025-08,11.3,,1.1b!R24C14
1.1b,share_pct,Age Group,40-44,40-44,,2025-09,11.3,,1.1b!R24C15
1.1b,share_pct,Age Group,40-44,40-44,,2025-10,11.3,,1.1b!R24C16
1.1b,share_pct,Age Group,40-44,40-44,,2025-11,11.2,,1.1b!R24C17
1.1b,share_pct,Age Group,40-44,40-44,,2025-12,11.2,,1.1b!R24C18
1.1b,share_pct,Age Group,40-44,40-44,,2026-01,11.703390310849286,,1.1b!R24C19
1.1b,share_pct,Age Group,40-44,40-44,,2026-02,11.687314722036428,,1.1b!R24C20
1.1b,share_pct,Age Group,40-44,40-44,,2026-03,11.655685647888621,,1.1b!R24C21
1.1b,share_pct,Age Group,45-49,45-49,,2024-10,9.0,,1.1b!R25C4
1.1b,share_pct,Age Group,45-49,45-49,,2024-11,8.9,,1.1b!R25C5
1.1b,share_pct,Age Group,45-49,45-49,,2024-12,8.9,,1.1b!R25C6
1.1b,share_pct,Age Group,45-49,45-49,,2025-01,9.3,,1.1b!R25C7
1.1b,share_pct,Age Group,45-49,45-49,,2025-02,9.3,,1.1b!R25C8
1.1b,share_pct,Age Group,45-49,45-49,,2025-03,9.3,,1.1b!R25C9
1.1b,share_pct,Age Group,45-49,45-49,,2025-04,9.2,,1.1b!R25C10
1.1b,share_pct,Age Group,45-49,45-49,,2025-05,9.1,,1.1b!R25C11
1.1b,share_pct,Age Group,45-49,45-49,,2025-06,9.1,,1.1b!R25C12
1.1b,share_pct,Age Group,45-49,45-49,,2025-07,9.1,,1.1b!R25C13
1.1b,share_pct,Age Group,45-49,45-49,,2025-08,9.1,,1.1b!R25C14
1.1b,share_pct,Age Group,45-49,45-49,,2025-09,9.0,,1.1b!R25C15
1.1b,share_pct,Age Group,45-49,45-49,,2025-10,9.0,,1.1b!R25C16
1.1b,share_pct,Age Group,45-49,45-49,,2025-11,9.0,,1.1b!R25C17
1.1b,share_pct,Age Group,45-49,45-49,,2025-12,9.0,,1.1b!R25C18
1.1b,share_pct,Age Group,45-49,45-49,,2026-01,9.29889117384444,,1.1b!R25C19
1.1b,share_pct,Age Group,45-49,45-49,,2026-02,9.284905008694592,,1.1b!R25C20
1.1b,share_pct,Age Group,45-49,45-49,,2026-03,9.259895367115343,,1.1b!R25C21
1.1b,share_pct,Age Group,50-54,50-54,,2024-10,7.1,,1.1b!R26C4
1.1b,share_pct,Age Group,50-54,50-54,,2024-11,7.0,,1.1b!R26C5
1.1b,share_pct,Age Group,50-54,50-54,,2024-12,7.0,,1.1b!R26C6
1.1b,share_pct,Age Group,50-54,50-54,,2025-01,7.4,,1.1b!R26C7
1.1b,share_pct,Age Group,50-54,50-54,,2025-02,7.4,,1.1b!R26C8
1.1b,share_pct,Age Group,50-54,50-54,,2025-03,7.4,,1.1b!R26C9
1.1b,share_pct,Age Group,50-54,50-54,,2025-04,7.3,,1.1b!R26C10
1.1b,share_pct,Age Group,50-54,50-54,,2025-05,7.3,,1.1b!R26C11
1.1b,share_pct,Age Group,50-54,50-54,,2025-06,7.2,,1.1b!R26C12
1.1b,share_pct,Age Group,50-54,50-54,,2025-07,7.2,,1.1b!R26C13
1.1b,share_pct,Age Group,50-54,50-54,,2025-08,7.2,,1.1b!R26C14
1.1b,share_pct,Age Group,50-54,50-54,,2025-09,7.1,,1.1b!R26C15
1.1b,share_pct,Age Group,50-54,50-54,,2025-10,7.1,,1.1b!R26C16
1.1b,share_pct,Age Group,50-54,50-54,,2025-11,7.1,,1.1b!R26C17
1.1b,share_pct,Age Group,50-54,50-54,,2025-12,7.1,,1.1b!R26C18
1.1b,share_pct,Age Group,50-54,50-54,,2026-01,7.446479953649435,,1.1b!R26C19
1.1b,share_pct,Age Group,50-54,50-54,,2026-02,7.42724916876735,,1.1b!R26C20
1.1b,share_pct,Age Group,50-54,50-54,,2026-03,7.39890389866958,,1.1b!R26C21
1.1b,share_pct,Age Group,55-59,55-59,,2024-10,4.8,,1.1b!R27C4
1.1b,share_pct,Age Group,55-59,55-59,,2024-11,4.8,,1.1b!R27C5
1.1b,share_pct,Age Group,55-59,55-59,,2024-12,4.7,,1.1b!R27C6
1.1b,share_pct,Age Group,55-59,55-59,,2025-01,5.2,,1.1b!R27C7
1.1b,share_pct,Age Group,55-59,55-59,,2025-02,5.2,,1.1b!R27C8
1.1b,share_pct,Age Group,55-59,55-59,,2025-03,5.1,,1.1b!R27C9
1.1b,share_pct,Age Group,55-59,55-59,,2025-04,5.1,,1.1b!R27C10
1.1b,share_pct,Age Group,55-59,55-59,,2025-05,5.0,,1.1b!R27C11
1.1b,share_pct,Age Group,55-59,55-59,,2025-06,5.0,,1.1b!R27C12
1.1b,share_pct,Age Group,55-59,55-59,,2025-07,4.9,,1.1b!R27C13
1.1b,share_pct,Age Group,55-59,55-59,,2025-08,4.9,,1.1b!R27C14
1.1b,share_pct,Age Group,55-59,55-59,,2025-09,4.9,,1.1b!R27C15
1.1b,share_pct,Age Group,55-59,55-59,,2025-10,4.9,,1.1b!R27C16
1.1b,share_pct,Age Group,55-59,55-59,,2025-11,4.8,,1.1b!R27C17
1.1b,share_pct,Age Group,55-59,55-59,,2025-12,4.8,,1.1b!R27C18
1.1b,share_pct,Age Group,55-59,55-59,,2026-01,5.203568903000362,,1.1b!R27C19
1.1b,share_pct,Age Group,55-59,55-59,,2026-02,5.179155301907514,,1.1b!R27C20
1.1b,share_pct,Age Group,55-59,55-59,,2026-03,5.147975949731495,,1.1b!R27C21
1.1b,share_pct,Age Group,60-64,60-64,,2024-10,2.3,,1.1b!R28C4
1.1b,share_pct,Age Group,60-64,60-64,,2024-11,2.3,,1.1b!R28C5
1.1b,share_pct,Age Group,60-64,60-64,,2024-12,2.3,,1.1b!R28C6
1.1b,share_pct,Age Group,60-64,60-64,,2025-01,2.7,,1.1b!R28C7
1.1b,share_pct,Age Group,60-64,60-64,,2025-02,2.6,,1.1b!R28C8
1.1b,share_pct,Age Group,60-64,60-64,,2025-03,2.6,,1.1b!R28C9
1.1b,share_pct,Age Group,60-64,60-64,,2025-04,2.6,,1.1b!R28C10
1.1b,share_pct,Age Group,60-64,60-64,,2025-05,2.5,,1.1b!R28C11
1.1b,share_pct,Age Group,60-64,60-64,,2025-06,2.5,,1.1b!R28C12
1.1b,share_pct,Age Group,60-64,60-64,,2025-07,2.5,,1.1b!R28C13
1.1b,share_pct,Age Group,60-64,60-64,,2025-08,2.4,,1.1b!R28C14
1.1b,share_pct,Age Group,60-64,60-64,,2025-09,2.4,,1.1b!R28C15
1.1b,share_pct,Age Group,60-64,60-64,,2025-10,2.4,,1.1b!R28C16
1.1b,share_pct,Age Group,60-64,60-64,,2025-11,2.3,,1.1b!R28C17
1.1b,share_pct,Age Group,60-64,60-64,,2025-12,2.3,,1.1b!R28C18
1.1b,share_pct,Age Group,60-64,60-64,,2026-01,2.700041937705757,,1.1b!R28C19
1.1b,share_pct,Age Group,60-64,60-64,,2026-02,2.6705511150063796,,1.1b!R28C20
1.1b,share_pct,Age Group,60-64,60-64,,2026-03,2.6450499718291716,,1.1b!R28C21
1.1b,share_pct,Age Group,65 dan ke atas,65 and above,,2024-10,1.6,,1.1b!R29C4
1.1b,share_pct,Age Group,65 dan ke atas,65 and above,,2024-11,1.5,,1.1b!R29C5
1.1b,share_pct,Age Group,65 dan ke atas,65 and above,,2024-12,1.5,,1.1b!R29C6
1.1b,share_pct,Age Group,65 dan ke atas,65 and above,,2025-01,1.8,,1.1b!R29C7
1.1b,share_pct,Age Group,65 dan ke atas,65 and above,,2025-02,1.8,,1.1b!R29C8
1.1b,share_pct,Age Group,65 dan ke atas,65 and above,,2025-03,1.8,,1.1b!R29C9
1.1b,share_pct,Age Group,65 dan ke atas,65 and above,,2025-04,1.7,,1.1b!R29C10
1.1b,share_pct,Age Group,65 dan ke atas,65 and above,,2025-05,1.7,,1.1b!R29C11
1.1b,share_pct,Age Group,65 dan ke atas,65 and above,,2025-06,1.7,,1.1b!R29C12
1.1b,share_pct,Age Group,65 dan ke atas,65 and above,,2025-07,1.7,,1.1b!R29C13
1.1b,share_pct,Age Group,65 dan ke atas,65 and above,,2025-08,1.7,,1.1b!R29C14
1.1b,share_pct,Age Group,65 dan ke atas,65 and above,,2025-09,1.7,,1.1b!R29C15
1.1b,share_pct,Age Group,65 dan ke atas,65 and above,,2025-10,1.6,,1.1b!R29C16
1.1b,share_pct,Age Group,65 dan ke atas,65 and above,,2025-11,1.6,,1.1b!R29C17
1.1b,share_pct,Age Group,65 dan ke atas,65 and above,,2025-12,1.6,,1.1b!R29C18
1.1b,share_pct,Age Group,65 dan ke atas,65 and above,,2026-01,1.9013738803713869,,1.1b!R29C19
1.1b,share_pct,Age Group,65 dan ke atas,65 and above,,2026-02,1.8878242391057054,,1.1b!R29C20
1.1b,share_pct,Age Group,65 dan ke atas,65 and above,,2026-03,1.8682700557358176,,1.1b!R29C21
1.1c,mom_pct,,Jumlah,Total,,2024-10,0.4,,1.1c!R9C4
1.1c,mom_pct,,Jumlah,Total,,2024-11,-0.2,,1.1c!R9C5
1.1c,mom_pct,,Jumlah,Total,,2024-12,0.0,,1.1c!R9C6
1.1c,mom_pct,,Jumlah,Total,,2025-01,-0.1,,1.1c!R9C7
1.1c,mom_pct,,Jumlah,Total,,2025-02,-0.9,,1.1c!R9C8
1.1c,mom_pct,,Jumlah,Total,,2025-03,0.3,,1.1c!R9C9
1.1c,mom_pct,,Jumlah,Total,,2025-04,2.4,,1.1c!R9C10
1.1c,mom_pct,,Jumlah,Total,,2025-05,0.1,,1.1c!R9C11
1.1c,mom_pct,,Jumlah,Total,,2025-06,0.2,,1.1c!R9C12
1.1c,mom_pct,,Jumlah,Total,,2025-07,1.0,,1.1c!R9C13
1.1c,mom_pct,,Jumlah,Total,,2025-08,0.1,,1.1c!R9C14
1.1c,mom_pct,,Jumlah,Total,,2025-09,0.2,,1.1c!R9C15
1.1c,mom_pct,,Jumlah,Total,,2025-10,0.1,,1.1c!R9C16
1.1c,mom_pct,,Jumlah,Total,,2025-11,0.1,,1.1c!R9C17
1.1c,mom_pct,,Jumlah,Total,,2025-12,0.1,,1.1c!R9C18
1.1c,mom_pct,,Jumlah,Total,,2026-01,-0.0804465802082488,,1.1c!R9C19
1.1c,mom_pct,,Jumlah,Total,,2026-02,-0.7216903877845682,,1.1c!R9C20
1.1c,mom_pct,,Jumlah,Total,,2026-03,0.3466823354743242,,1.1c!R9C21
1.1c,mom_pct,Sex,Lelaki,Male,,2024-10,0.4,,1.1c!R11C4
1.1c,mom_pct,Sex,Lelaki,Male,,2024-11,-0.2,,1.1c!R11C5
1.1c,mom_pct,Sex,Lelaki,Male,,2024-12,0.0,,1.1c!R11C6
1.1c,mom_pct,Sex,Lelaki,Male,,2025-01,-0.1,,1.1c!R11C7
1.1c,mom_pct,Sex,Lelaki,Male,,2025-02,-1.0,,1.1c!R11C8
1.1c,mom_pct,Sex,Lelaki,Male,,2025-03,0.3,,1.1c!R11C9
1.1c,mom_pct,Sex,Lelaki,Male,,2025-04,2.4,,1.1c!R11C10
1.1c,mom_pct,Sex,Lelaki,Male,,2025-05,0.1,,1.1c!R11C11
1.1c,mom_pct,Sex,Lelaki,Male,,2025-06,0.2,,1.1c!R11C12
1.1c,mom_pct,Sex,Lelaki,Male,,2025-07,1.1,,1.1c!R11C13
1.1c,mom_pct,Sex,Lelaki,Male,,2025-08,0.0,,1.1c!R11C14
1.1c,mom_pct,Sex,Lelaki,Male,,2025-09,0.1,,1.1c!R11C15
1.1c,mom_pct,Sex,Lelaki,Male,,2025-10,0.2,,1.1c!R11C16
1.1c,mom_pct,Sex,Lelaki,Male,,2025-11,0.0,,1.1c!R11C17
1.1c,mom_pct,Sex,Lelaki,Male,,2025-12,0.1,,1.1c!R11C18
1.1c,mom_pct,Sex,Lelaki,Male,,2026-01,-0.04004172742523293,,1.1c!R11C19
1.1c,mom_pct,Sex,Lelaki,Male,,2026-02,-0.8604090607952752,,1.1c!R11C20
1.1c,mom_pct,Sex,Lelaki,Male,,2026-03,0.29374713859575685,,1.1c!R11C21
1.1c,mom_pct,Sex,Perempuan,Female,,2024-10,0.3,,1.1c!R12C4
1.1c,mom_pct,Sex,Perempuan,Female,,2024-11,-0.1,,1.1c!R12C5
1.1c,mom_pct,Sex,Perempuan,Female,,2024-12,0.1,,1.1c!R12C6
1.1c,mom_pct,Sex,Perempuan,Female,,2025-01,-0.1,,1.1c!R12C7
1.1c,mom_pct,Sex,Perempuan,Female,,2025-02,-0.8,,1.1c!R12C8
1.1c,mom_pct,Sex,Perempuan,Female,,2025-03,0.4,,1.1c!R12C9
1.1c,mom_pct,Sex,Perempuan,Female,,2025-04,2.3,,1.1c!R12C10
1.1c,mom_pct,Sex,Perempuan,Female,,2025-05,0.1,,1.1c!R12C11
1.1c,mom_pct,Sex,Perempuan,Female,,2025-06,0.3,,1.1c!R12C12
1.1c,mom_pct,Sex,Perempuan,Female,,2025-07,0.8,,1.1c!R12C13
1.1c,mom_pct,Sex,Perempuan,Female,,2025-08,0.3,,1.1c!R12C14
1.1c,mom_pct,Sex,Perempuan,Female,,2025-09,0.2,,1.1c!R12C15
1.1c,mom_pct,Sex,Perempuan,Female,,2025-10,0.0,,1.1c!R12C16
1.1c,mom_pct,Sex,Perempuan,Female,,2025-11,0.2,,1.1c!R12C17
1.1c,mom_pct,Sex,Perempuan,Female,,2025-12,0.2,,1.1c!R12C18
1.1c,mom_pct,Sex,Perempuan,Female,,2026-01,-0.13008935656286802,,1.1c!R12C19
1.1c,mom_pct,Sex,Perempuan,Female,,2026-02,-0.5452716335835217,,1.1c!R12C20
1.1c,mom_pct,Sex,Perempuan,Female,,2026-03,0.40568979783008885,,1.1c!R12C21
1.1c,mom_pct,Ethnic,Bumiputera,Bumiputera,,2024-10,0.6,,1.1c!R14C4
1.1c,mom_pct,Ethnic,Bumiputera,Bumiputera,,2024-11,-0.2,,1.1c!R14C5
1.1c,mom_pct,Ethnic,Bumiputera,Bumiputera,,2024-12,0.0,,1.1c!R14C6
1.1c,mom_pct,Ethnic,Bumiputera,Bumiputera,,2025-01,0.0,,1.1c!R14C7
1.1c,mom_pct,Ethnic,Bumiputera,Bumiputera,,2025-02,-1.0,,1.1c!R14C8
1.1c,mom_pct,Ethnic,Bumiputera,Bumiputera,,2025-03,0.3,,1.1c!R14C9
1.1c,mom_pct,Ethnic,Bumiputera,Bumiputera,,2025-04,2.6,,1.1c!R14C10
1.1c,mom_pct,Ethnic,Bumiputera,Bumiputera,,2025-05,0.2,,1.1c!R14C11
1.1c,mom_pct,Ethnic,Bumiputera,Bumiputera,,2025-06,0.3,,1.1c!R14C12
1.1c,mom_pct,Ethnic,Bumiputera,Bumiputera,,2025-07,1.3,,1.1c!R14C13
1.1c,mom_pct,Ethnic,Bumiputera,Bumiputera,,2025-08,0.1,,1.1c!R14C14
1.1c,mom_pct,Ethnic,Bumiputera,Bumiputera,,2025-09,0.1,,1.1c!R14C15
1.1c,mom_pct,Ethnic,Bumiputera,Bumiputera,,2025-10,0.3,,1.1c!R14C16
1.1c,mom_pct,Ethnic,Bumiputera,Bumiputera,,2025-11,0.1,,1.1c!R14C17
1.1c,mom_pct,Ethnic,Bumiputera,Bumiputera,,2025-12,0.1,,1.1c!R14C18
1.1c,mom_pct,Ethnic,Bumiputera,Bumiputera,,2026-01,-0.08774240999004368,,1.1c!R14C19
1.1c,mom_pct,Ethnic,Bumiputera,Bumiputera,,2026-02,-0.7399906457569605,,1.1c!R14C20
1.1c,mom_pct,Ethnic,Bumiputera,Bumiputera,,2026-03,0.21192648934149627,,1.1c!R14C21
1.1c,mom_pct,Ethnic,Cina,Chinese,,2024-10,-0.1,,1.1c!R15C4
1.1c,mom_pct,Ethnic,Cina,Chinese,,2024-11,0.0,,1.1c!R15C5
1.1c,mom_pct,Ethnic,Cina,Chinese,,2024-12,0.1,,1.1c!R15C6
1.1c,mom_pct,Ethnic,Cina,Chinese,,2025-01,-0.4,,1.1c!R15C7
1.1c,mom_pct,Ethnic,Cina,Chinese,,2025-02,-0.7,,1.1c!R15C8
1.1c,mom_pct,Ethnic,Cina,Chinese,,2025-03,0.3,,1.1c!R15C9
1.1c,mom_pct,Ethnic,Cina,Chinese,,2025-04,1.6,,1.1c!R15C10
1.1c,mom_pct,Ethnic,Cina,Chinese,,2025-05,0.0,,1.1c!R15C11
1.1c,mom_pct,Ethnic,Cina,Chinese,,2025-06,0.2,,1.1c!R15C12
1.1c,mom_pct,Ethnic,Cina,Chinese,,2025-07,0.2,,1.1c!R15C13
1.1c,mom_pct,Ethnic,Cina,Chinese,,2025-08,0.2,,1.1c!R15C14
1.1c,mom_pct,Ethnic,Cina,Chinese,,2025-09,0.2,,1.1c!R15C15
1.1c,mom_pct,Ethnic,Cina,Chinese,,2025-10,-0.1,,1.1c!R15C16
1.1c,mom_pct,Ethnic,Cina,Chinese,,2025-11,0.1,,1.1c!R15C17
1.1c,mom_pct,Ethnic,Cina,Chinese,,2025-12,0.2,,1.1c!R15C18
1.1c,mom_pct,Ethnic,Cina,Chinese,,2026-01,-0.08911782942291335,,1.1c!R15C19
1.1c,mom_pct,Ethnic,Cina,Chinese,,2026-02,-0.5904205615742009,,1.1c!R15C20
1.1c,mom_pct,Ethnic,Cina,Chinese,,2026-03,0.5382608501145913,,1.1c!R15C21
1.1c,mom_pct,Ethnic,India,Indian,,2024-10,0.4,,1.1c!R16C4
1.1c,mom_pct,Ethnic,India,Indian,,2024-11,-0.6,,1.1c!R16C5
1.1c,mom_pct,Ethnic,India,Indian,,2024-12,0.2,,1.1c!R16C6
1.1c,mom_pct,Ethnic,India,Indian,,2025-01,0.3,,1.1c!R16C7
1.1c,mom_pct,Ethnic,India,Indian,,2025-02,-1.1,,1.1c!R16C8
1.1c,mom_pct,Ethnic,India,Indian,,2025-03,0.4,,1.1c!R16C9
1.1c,mom_pct,Ethnic,India,Indian,,2025-04,3.4,,1.1c!R16C10
1.1c,mom_pct,Ethnic,India,Indian,,2025-05,-0.3,,1.1c!R16C11
1.1c,mom_pct,Ethnic,India,Indian,,2025-06,0.2,,1.1c!R16C12
1.1c,mom_pct,Ethnic,India,Indian,,2025-07,0.9,,1.1c!R16C13
1.1c,mom_pct,Ethnic,India,Indian,,2025-08,-0.3,,1.1c!R16C14
1.1c,mom_pct,Ethnic,India,Indian,,2025-09,0.0,,1.1c!R16C15
1.1c,mom_pct,Ethnic,India,Indian,,2025-10,-0.2,,1.1c!R16C16
1.1c,mom_pct,Ethnic,India,Indian,,2025-11,-0.1,,1.1c!R16C17
1.1c,mom_pct,Ethnic,India,Indian,,2025-12,0.2,,1.1c!R16C18
1.1c,mom_pct,Ethnic,India,Indian,,2026-01,-0.23133802752151045,,1.1c!R16C19
1.1c,mom_pct,Ethnic,India,Indian,,2026-02,-1.014865400388909,,1.1c!R16C20
1.1c,mom_pct,Ethnic,India,Indian,,2026-03,0.7282660712922606,,1.1c!R16C21
1.1c,mom_pct,Ethnic,Lain-lain,Others,,2024-10,0.3,,1.1c!R17C4
1.1c,mom_pct,Ethnic,Lain-lain,Others,,2024-11,0.1,,1.1c!R17C5
1.1c,mom_pct,Ethnic,Lain-lain,Others,,2024-12,0.1,,1.1c!R17C6
1.1c,mom_pct,Ethnic,Lain-lain,Others,,2025-01,-2.2,,1.1c!R17C7
1.1c,mom_pct,Ethnic,Lain-lain,Others,,2025-02,0.9,,1.1c!R17C8
1.1c,mom_pct,Ethnic,Lain-lain,Others,,2025-03,0.5,,1.1c!R17C9
1.1c,mom_pct,Ethnic,Lain-lain,Others,,2025-04,2.0,,1.1c!R17C10
1.1c,mom_pct,Ethnic,Lain-lain,Others,,2025-05,0.7,,1.1c!R17C11
1.1c,mom_pct,Ethnic,Lain-lain,Others,,2025-06,0.7,,1.1c!R17C12
1.1c,mom_pct,Ethnic,Lain-lain,Others,,2025-07,1.5,,1.1c!R17C13
1.1c,mom_pct,Ethnic,Lain-lain,Others,,2025-08,0.6,,1.1c!R17C14
1.1c,mom_pct,Ethnic,Lain-lain,Others,,2025-09,0.6,,1.1c!R17C15
1.1c,mom_pct,Ethnic,Lain-lain,Others,,2025-10,0.1,,1.1c!R17C16
1.1c,mom_pct,Ethnic,Lain-lain,Others,,2025-11,0.3,,1.1c!R17C17
1.1c,mom_pct,Ethnic,Lain-lain,Others,,2025-12,0.3,,1.1c!R17C18
1.1c,mom_pct,Ethnic,Lain-lain,Others,,2026-01,1.284801011262715,,1.1c!R17C19
1.1c,mom_pct,Ethnic,Lain-lain,Others,,2026-02,-0.7283663928472794,,1.1c!R17C20
1.1c,mom_pct,Ethnic,Lain-lain,Others,,2026-03,0.30193423398356956,,1.1c!R17C21
1.1c,mom_pct,Age Group,Kurang daripada 20,Less than 20,,2024-10,1.6,,1.1c!R19C4
1.1c,mom_pct,Age Group,Kurang daripada 20,Less than 20,,2024-11,3.6,,1.1c!R19C5
1.1c,mom_pct,Age Group,Kurang daripada 20,Less than 20,,2024-12,5.4,,1.1c!R19C6
1.1c,mom_pct,Age Group,Kurang daripada 20,Less than 20,,2025-01,-54.3,,1.1c!R19C7
1.1c,mom_pct,Age Group,Kurang daripada 20,Less than 20,,2025-02,19.3,,1.1c!R19C8
1.1c,mom_pct,Age Group,Kurang daripada 20,Less than 20,,2025-03,19.3,,1.1c!R19C9
1.1c,mom_pct,Age Group,Kurang daripada 20,Less than 20,,2025-04,22.8,,1.1c!R19C10
1.1c,mom_pct,Age Group,Kurang daripada 20,Less than 20,,2025-05,6.1,,1.1c!R19C11
1.1c,mom_pct,Age Group,Kurang daripada 20,Less than 20,,2025-06,5.1,,1.1c!R19C12
1.1c,mom_pct,Age Group,Kurang daripada 20,Less than 20,,2025-07,3.2,,1.1c!R19C13
1.1c,mom_pct,Age Group,Kurang daripada 20,Less than 20,,2025-08,0.3,,1.1c!R19C14
1.1c,mom_pct,Age Group,Kurang daripada 20,Less than 20,,2025-09,2.3,,1.1c!R19C15
1.1c,mom_pct,Age Group,Kurang daripada 20,Less than 20,,2025-10,1.1,,1.1c!R19C16
1.1c,mom_pct,Age Group,Kurang daripada 20,Less than 20,,2025-11,4.0,,1.1c!R19C17
1.1c,mom_pct,Age Group,Kurang daripada 20,Less than 20,,2025-12,8.7,,1.1c!R19C18
1.1c,mom_pct,Age Group,Kurang daripada 20,Less than 20,,2026-01,-39.24046950678516,,1.1c!R19C19
1.1c,mom_pct,Age Group,Kurang daripada 20,Less than 20,,2026-02,4.881026475798356,,1.1c!R19C20
1.1c,mom_pct,Age Group,Kurang daripada 20,Less than 20,,2026-03,13.683153401958315,,1.1c!R19C21
1.1c,mom_pct,Age Group,20-24,20-24,,2024-10,0.9,,1.1c!R20C4
1.1c,mom_pct,Age Group,20-24,20-24,,2024-11,1.2,,1.1c!R20C5
1.1c,mom_pct,Age Group,20-24,20-24,,2024-12,1.2,,1.1c!R20C6
1.1c,mom_pct,Age Group,20-24,20-24,,2025-01,-21.7,,1.1c!R20C7
1.1c,mom_pct,Age Group,20-24,20-24,,2025-02,0.1,,1.1c!R20C8
1.1c,mom_pct,Age Group,20-24,20-24,,2025-03,2.0,,1.1c!R20C9
1.1c,mom_pct,Age Group,20-24,20-24,,2025-04,5.7,,1.1c!R20C10
1.1c,mom_pct,Age Group,20-24,20-24,,2025-05,2.2,,1.1c!R20C11
1.1c,mom_pct,Age Group,20-24,20-24,,2025-06,2.5,,1.1c!R20C12
1.1c,mom_pct,Age Group,20-24,20-24,,2025-07,3.5,,1.1c!R20C13
1.1c,mom_pct,Age Group,20-24,20-24,,2025-08,2.7,,1.1c!R20C14
1.1c,mom_pct,Age Group,20-24,20-24,,2025-09,1.7,,1.1c!R20C15
1.1c,mom_pct,Age Group,20-24,20-24,,2025-10,0.5,,1.1c!R20C16
1.1c,mom_pct,Age Group,20-24,20-24,,2025-11,1.3,,1.1c!R20C17
1.1c,mom_pct,Age Group,20-24,20-24,,2025-12,1.4,,1.1c!R20C18
1.1c,mom_pct,Age Group,20-24,20-24,,2026-01,-19.215737439774504,,1.1c!R20C19
1.1c,mom_pct,Age Group,20-24,20-24,,2026-02,0.08526352394435666,,1.1c!R20C20
1.1c,mom_pct,Age Group,20-24,20-24,,2026-03,1.8284057819316857,,1.1c!R20C21
1.1c,mom_pct,Age Group,25-29,25-29,,2024-10,0.5,,1.1c!R21C4
1.1c,mom_pct,Age Group,25-29,25-29,,2024-11,-0.3,,1.1c!R21C5
1.1c,mom_pct,Age Group,25-29,25-29,,2024-12,-0.2,,1.1c!R21C6
1.1c,mom_pct,Age Group,25-29,25-29,,2025-01,-0.5,,1.1c!R21C7
1.1c,mom_pct,Age Group,25-29,25-29,,2025-02,-1.1,,1.1c!R21C8
1.1c,mom_pct,Age Group,25-29,25-29,,2025-03,0.4,,1.1c!R21C9
1.1c,mom_pct,Age Group,25-29,25-29,,2025-04,2.5,,1.1c!R21C10
1.1c,mom_pct,Age Group,25-29,25-29,,2025-05,0.1,,1.1c!R21C11
1.1c,mom_pct,Age Group,25-29,25-29,,2025-06,0.2,,1.1c!R21C12
1.1c,mom_pct,Age Group,25-29,25-29,,2025-07,1.0,,1.1c!R21C13
1.1c,mom_pct,Age Group,25-29,25-29,,2025-08,0.1,,1.1c!R21C14
1.1c,mom_pct,Age Group,25-29,25-29,,2025-09,0.1,,1.1c!R21C15
1.1c,mom_pct,Age Group,25-29,25-29,,2025-10,0.3,,1.1c!R21C16
1.1c,mom_pct,Age Group,25-29,25-29,,2025-11,0.1,,1.1c!R21C17
1.1c,mom_pct,Age Group,25-29,25-29,,2025-12,-0.1,,1.1c!R21C18
1.1c,mom_pct,Age Group,25-29,25-29,,2026-01,-1.992632235629821,,1.1c!R21C19
1.1c,mom_pct,Age Group,25-29,25-29,,2026-02,-0.5424520482850914,,1.1c!R21C20
1.1c,mom_pct,Age Group,25-29,25-29,,2026-03,0.21955685663321844,,1.1c!R21C21
1.1c,mom_pct,Age Group,30-34,30-34,,2024-10,0.3,,1.1c!R22C4
1.1c,mom_pct,Age Group,30-34,30-34,,2024-11,-0.4,,1.1c!R22C5
1.1c,mom_pct,Age Group,30-34,30-34,,2024-12,-0.3,,1.1c!R22C6
1.1c,mom_pct,Age Group,30-34,30-34,,2025-01,4.6,,1.1c!R22C7
1.1c,mom_pct,Age Group,30-34,30-34,,2025-02,-1.4,,1.1c!R22C8
1.1c,mom_pct,Age Group,30-34,30-34,,2025-03,-0.1,,1.1c!R22C9
1.1c,mom_pct,Age Group,30-34,30-34,,2025-04,1.6,,1.1c!R22C10
1.1c,mom_pct,Age Group,30-34,30-34,,2025-05,-0.3,,1.1c!R22C11
1.1c,mom_pct,Age Group,30-34,30-34,,2025-06,-0.2,,1.1c!R22C12
1.1c,mom_pct,Age Group,30-34,30-34,,2025-07,0.5,,1.1c!R22C13
1.1c,mom_pct,Age Group,30-34,30-34,,2025-08,-0.2,,1.1c!R22C14
1.1c,mom_pct,Age Group,30-34,30-34,,2025-09,-0.1,,1.1c!R22C15
1.1c,mom_pct,Age Group,30-34,30-34,,2025-10,0.0,,1.1c!R22C16
1.1c,mom_pct,Age Group,30-34,30-34,,2025-11,-0.2,,1.1c!R22C17
1.1c,mom_pct,Age Group,30-34,30-34,,2025-12,-0.2,,1.1c!R22C18
1.1c,mom_pct,Age Group,30-34,30-34,,2026-01,4.0302399859349025,,1.1c!R22C19
1.1c,mom_pct,Age Group,30-34,30-34,,2026-02,-0.9496339885271321,,1.1c!R22C20
1.1c,mom_pct,Age Group,30-34,30-34,,2026-03,-0.1243922572929268,,1.1c!R22C21
1.1c,mom_pct,Age Group,35-39,35-39,,2024-10,0.3,,1.1c!R23C4
1.1c,mom_pct,Age Group,35-39,35-39,,2024-11,-0.4,,1.1c!R23C5
1.1c,mom_pct,Age Group,35-39,35-39,,2024-12,-0.2,,1.1c!R23C6
1.1c,mom_pct,Age Group,35-39,35-39,,2025-01,3.2,,1.1c!R23C7
1.1c,mom_pct,Age Group,35-39,35-39,,2025-02,-1.1,,1.1c!R23C8
1.1c,mom_pct,Age Group,35-39,35-39,,2025-03,-0.1,,1.1c!R23C9
1.1c,mom_pct,Age Group,35-39,35-39,,2025-04,1.6,,1.1c!R23C10
1.1c,mom_pct,Age Group,35-39,35-39,,2025-05,-0.2,,1.1c!R23C11
1.1c,mom_pct,Age Group,35-39,35-39,,2025-06,-0.1,,1.1c!R23C12
1.1c,mom_pct,Age Group,35-39,35-39,,2025-07,0.6,,1.1c!R23C13
1.1c,mom_pct,Age Group,35-39,35-39,,2025-08,-0.2,,1.1c!R23C14
1.1c,mom_pct,Age Group,35-39,35-39,,2025-09,-0.1,,1.1c!R23C15
1.1c,mom_pct,Age Group,35-39,35-39,,2025-10,0.1,,1.1c!R23C16
1.1c,mom_pct,Age Group,35-39,35-39,,2025-11,-0.1,,1.1c!R23C17
1.1c,mom_pct,Age Group,35-39,35-39,,2025-12,-0.2,,1.1c!R23C18
1.1c,mom_pct,Age Group,35-39,35-39,,2026-01,3.2017436784415265,,1.1c!R23C19
1.1c,mom_pct,Age Group,35-39,35-39,,2026-02,-0.8733585059986448,,1.1c!R23C20
1.1c,mom_pct,Age Group,35-39,35-39,,2026-03,0.03154925019970278,,1.1c!R23C21
1.1c,mom_pct,Age Group,40-44,40-44,,2024-10,0.3,,1.1c!R24C4
1.1c,mom_pct,Age Group,40-44,40-44,,2024-11,-0.4,,1.1c!R24C5
1.1c,mom_pct,Age Group,40-44,40-44,,2024-12,-0.1,,1.1c!R24C6
1.1c,mom_pct,Age Group,40-44,40-44,,2025-01,5.7,,1.1c!R24C7
1.1c,mom_pct,Age Group,40-44,40-44,,2025-02,-1.0,,1.1c!R24C8
1.1c,mom_pct,Age Group,40-44,40-44,,2025-03,0.0,,1.1c!R24C9
1.1c,mom_pct,Age Group,40-44,40-44,,2025-04,1.6,,1.1c!R24C10
1.1c,mom_pct,Age Group,40-44,40-44,,2025-05,-0.1,,1.1c!R24C11
1.1c,mom_pct,Age Group,40-44,40-44,,2025-06,-0.1,,1.1c!R24C12
1.1c,mom_pct,Age Group,40-44,40-44,,2025-07,0.6,,1.1c!R24C13
1.1c,mom_pct,Age Group,40-44,40-44,,2025-08,-0.1,,1.1c!R24C14
1.1c,mom_pct,Age Group,40-44,40-44,,2025-09,0.0,,1.1c!R24C15
1.1c,mom_pct,Age Group,40-44,40-44,,2025-10,0.2,,1.1c!R24C16
1.1c,mom_pct,Age Group,40-44,40-44,,2025-11,-0.1,,1.1c!R24C17
1.1c,mom_pct,Age Group,40-44,40-44,,2025-12,-0.1,,1.1c!R24C18
1.1c,mom_pct,Age Group,40-44,40-44,,2026-01,4.297938324836981,,1.1c!R24C19
1.1c,mom_pct,Age Group,40-44,40-44,,2026-02,-0.8554461472314312,,1.1c!R24C20
1.1c,mom_pct,Age Group,40-44,40-44,,2026-03,0.07248089306206573,,1.1c!R24C21
1.1c,mom_pct,Age Group,45-49,45-49,,2024-10,0.3,,1.1c!R25C4
1.1c,mom_pct,Age Group,45-49,45-49,,2024-11,-0.5,,1.1c!R25C5
1.1c,mom_pct,Age Group,45-49,45-49,,2024-12,-0.2,,1.1c!R25C6
1.1c,mom_pct,Age Group,45-49,45-49,,2025-01,4.2,,1.1c!R25C7
1.1c,mom_pct,Age Group,45-49,45-49,,2025-02,-1.0,,1.1c!R25C8
1.1c,mom_pct,Age Group,45-49,45-49,,2025-03,-0.1,,1.1c!R25C9
1.1c,mom_pct,Age Group,45-49,45-49,,2025-04,1.5,,1.1c!R25C10
1.1c,mom_pct,Age Group,45-49,45-49,,2025-05,-0.3,,1.1c!R25C11
1.1c,mom_pct,Age Group,45-49,45-49,,2025-06,-0.1,,1.1c!R25C12
1.1c,mom_pct,Age Group,45-49,45-49,,2025-07,0.6,,1.1c!R25C13
1.1c,mom_pct,Age Group,45-49,45-49,,2025-08,-0.1,,1.1c!R25C14
1.1c,mom_pct,Age Group,45-49,45-49,,2025-09,-0.1,,1.1c!R25C15
1.1c,mom_pct,Age Group,45-49,45-49,,2025-10,0.0,,1.1c!R25C16
1.1c,mom_pct,Age Group,45-49,45-49,,2025-11,-0.1,,1.1c!R25C17
1.1c,mom_pct,Age Group,45-49,45-49,,2025-12,-0.2,,1.1c!R25C18
1.1c,mom_pct,Age Group,45-49,45-49,,2026-01,3.5214957741735997,,1.1c!R25C19
1.1c,mom_pct,Age Group,45-49,45-49,,2026-02,-0.8684007320528431,,1.1c!R25C20
1.1c,mom_pct,Age Group,45-49,45-49,,2026-03,0.07375456749310061,,1.1c!R25C21
1.1c,mom_pct,Age Group,50-54,50-54,,2024-10,0.2,,1.1c!R26C4
1.1c,mom_pct,Age Group,50-54,50-54,,2024-11,-0.5,,1.1c!R26C5
1.1c,mom_pct,Age Group,50-54,50-54,,2024-12,-0.3,,1.1c!R26C6
1.1c,mom_pct,Age Group,50-54,50-54,,2025-01,5.7,,1.1c!R26C7
1.1c,mom_pct,Age Group,50-54,50-54,,2025-02,-1.2,,1.1c!R26C8
1.1c,mom_pct,Age Group,50-54,50-54,,2025-03,-0.3,,1.1c!R26C9
1.1c,mom_pct,Age Group,50-54,50-54,,2025-04,1.4,,1.1c!R26C10
1.1c,mom_pct,Age Group,50-54,50-54,,2025-05,-0.4,,1.1c!R26C11
1.1c,mom_pct,Age Group,50-54,50-54,,2025-06,-0.3,,1.1c!R26C12
1.1c,mom_pct,Age Group,50-54,50-54,,2025-07,0.5,,1.1c!R26C13
1.1c,mom_pct,Age Group,50-54,50-54,,2025-08,-0.3,,1.1c!R26C14
1.1c,mom_pct,Age Group,50-54,50-54,,2025-09,-0.2,,1.1c!R26C15
1.1c,mom_pct,Age Group,50-54,50-54,,2025-10,0.0,,1.1c!R26C16
1.1c,mom_pct,Age Group,50-54,50-54,,2025-11,-0.3,,1.1c!R26C17
1.1c,mom_pct,Age Group,50-54,50-54,,2025-12,-0.2,,1.1c!R26C18
1.1c,mom_pct,Age Group,50-54,50-54,,2026-01,5.332800159952011,,1.1c!R26C19
1.1c,mom_pct,Age Group,50-54,50-54,,2026-02,-0.9754717912311972,,1.1c!R26C20
1.1c,mom_pct,Age Group,50-54,50-54,,2026-03,-0.038912519671907564,,1.1c!R26C21
1.1c,mom_pct,Age Group,55-59,55-59,,2024-10,-0.1,,1.1c!R27C4
1.1c,mom_pct,Age Group,55-59,55-59,,2024-11,-0.7,,1.1c!R27C5
1.1c,mom_pct,Age Group,55-59,55-59,,2024-12,-0.5,,1.1c!R27C6
1.1c,mom_pct,Age Group,55-59,55-59,,2025-01,9.3,,1.1c!R27C7
1.1c,mom_pct,Age Group,55-59,55-59,,2025-02,-1.5,,1.1c!R27C8
1.1c,mom_pct,Age Group,55-59,55-59,,2025-03,-0.5,,1.1c!R27C9
1.1c,mom_pct,Age Group,55-59,55-59,,2025-04,1.3,,1.1c!R27C10
1.1c,mom_pct,Age Group,55-59,55-59,,2025-05,-0.8,,1.1c!R27C11
1.1c,mom_pct,Age Group,55-59,55-59,,2025-06,-0.5,,1.1c!R27C12
1.1c,mom_pct,Age Group,55-59,55-59,,2025-07,0.3,,1.1c!R27C13
1.1c,mom_pct,Age Group,55-59,55-59,,2025-08,-0.6,,1.1c!R27C14
1.1c,mom_pct,Age Group,55-59,55-59,,2025-09,-0.4,,1.1c!R27C15
1.1c,mom_pct,Age Group,55-59,55-59,,2025-10,-0.3,,1.1c!R27C16
1.1c,mom_pct,Age Group,55-59,55-59,,2025-11,-0.6,,1.1c!R27C17
1.1c,mom_pct,Age Group,55-59,55-59,,2025-12,-0.4,,1.1c!R27C18
1.1c,mom_pct,Age Group,55-59,55-59,,2026-01,8.455716638335598,,1.1c!R27C19
1.1c,mom_pct,Age Group,55-59,55-59,,2026-02,-1.184872100635359,,1.1c!R27C20
1.1c,mom_pct,Age Group,55-59,55-59,,2026-03,-0.26004799617349583,,1.1c!R27C21
1.1c,mom_pct,Age Group,60-64,60-64,,2024-10,-0.8,,1.1c!R28C4
1.1c,mom_pct,Age Group,60-64,60-64,,2024-11,-1.5,,1.1c!R28C5
1.1c,mom_pct,Age Group,60-64,60-64,,2024-12,-0.7,,1.1c!R28C6
1.1c,mom_pct,Age Group,60-64,60-64,,2025-01,18.1,,1.1c!R28C7
1.1c,mom_pct,Age Group,60-64,60-64,,2025-02,-2.0,,1.1c!R28C8
1.1c,mom_pct,Age Group,60-64,60-64,,2025-03,-0.8,,1.1c!R28C9
1.1c,mom_pct,Age Group,60-64,60-64,,2025-04,0.7,,1.1c!R28C10
1.1c,mom_pct,Age Group,60-64,60-64,,2025-05,-1.6,,1.1c!R28C11
1.1c,mom_pct,Age Group,60-64,60-64,,2025-06,-1.0,,1.1c!R28C12
1.1c,mom_pct,Age Group,60-64,60-64,,2025-07,-0.5,,1.1c!R28C13
1.1c,mom_pct,Age Group,60-64,60-64,,2025-08,-1.3,,1.1c!R28C14
1.1c,mom_pct,Age Group,60-64,60-64,,2025-09,-1.1,,1.1c!R28C15
1.1c,mom_pct,Age Group,60-64,60-64,,2025-10,-1.0,,1.1c!R28C16
1.1c,mom_pct,Age Group,60-64,60-64,,2025-11,-1.3,,1.1c!R28C17
1.1c,mom_pct,Age Group,60-64,60-64,,2025-12,-0.7,,1.1c!R28C18
1.1c,mom_pct,Age Group,60-64,60-64,,2026-01,16.922417750573835,,1.1c!R28C19
1.1c,mom_pct,Age Group,60-64,60-64,,2026-02,-1.8034571934122723,,1.1c!R28C20
1.1c,mom_pct,Age Group,60-64,60-64,,2026-03,-0.6141477899742398,,1.1c!R28C21
1.1c,mom_pct,Age Group,65 dan ke atas,65 and above,,2024-10,-0.9,,1.1c!R29C4
1.1c,mom_pct,Age Group,65 dan ke atas,65 and above,,2024-11,-1.2,,1.1c!R29C5
1.1c,mom_pct,Age Group,65 dan ke atas,65 and above,,2024-12,-0.7,,1.1c!R29C6
1.1c,mom_pct,Age Group,65 dan ke atas,65 and above,,2025-01,19.0,,1.1c!R29C7
1.1c,mom_pct,Age Group,65 dan ke atas,65 and above,,2025-02,-1.6,,1.1c!R29C8
1.1c,mom_pct,Age Group,65 dan ke atas,65 and above,,2025-03,-0.7,,1.1c!R29C9
1.1c,mom_pct,Age Group,65 dan ke atas,65 and above,,2025-04,0.3,,1.1c!R29C10
1.1c,mom_pct,Age Group,65 dan ke atas,65 and above,,2025-05,-1.1,,1.1c!R29C11
1.1c,mom_pct,Age Group,65 dan ke atas,65 and above,,2025-06,-0.8,,1.1c!R29C12
1.1c,mom_pct,Age Group,65 dan ke atas,65 and above,,2025-07,-0.6,,1.1c!R29C13
1.1c,mom_pct,Age Group,65 dan ke atas,65 and above,,2025-08,-0.9,,1.1c!R29C14
1.1c,mom_pct,Age Group,65 dan ke atas,65 and above,,2025-09,-0.5,,1.1c!R29C15
1.1c,mom_pct,Age Group,65 dan ke atas,65 and above,,2025-10,-0.8,,1.1c!R29C16
1.1c,mom_pct,Age Group,65 dan ke atas,65 and above,,2025-11,-1.2,,1.1c!R29C17
1.1c,mom_pct,Age Group,65 dan ke atas,65 and above,,2025-12,-0.6,,1.1c!R29C18
1.1c,mom_pct,Age Group,65 dan ke atas,65 and above,,2026-01,18.217050857288484,,1.1c!R29C19
1.1c,mom_pct,Age Group,65 dan ke atas,65 and above,,2026-02,-1.426574882171916,,1.1c!R29C20
1.1c,mom_pct,Age Group,65 dan ke atas,65 and above,,2026-03,-0.6953295273720017,,1.1c!R29C21
1.1d,yoy_pct,,Jumlah,Total,,2024-10,2.1,,1.1d!R9C4
1.1d,yoy_pct,,Jumlah,Total,,2024-11,2.3,,1.1d!R9C5
1.1d,yoy_pct,,Jumlah,Total,,2024-12,2.3,,1.1d!R9C6
1.1d,yoy_pct,,Jumlah,Total,,2025-01,3.1,,1.1d!R9C7
1.1d,yoy_pct,,Jumlah,Total,,2025-02,3.4,,1.1d!R9C8
1.1d,yoy_pct,,Jumlah,Total,,2025-03,3.6,,1.1d!R9C9
1.1d,yoy_pct,,Jumlah,Total,,2025-04,3.3,,1.1d!R9C10
1.1d,yoy_pct,,Jumlah,Total,,2025-05,3.5,,1.1d!R9C11
1.1d,yoy_pct,,Jumlah,Total,,2025-06,3.5,,1.1d!R9C12
1.1d,yoy_pct,,Jumlah,Total,,2025-07,3.5,,1.1d!R9C13
1.1d,yoy_pct,,Jumlah,Total,,2025-08,3.5,,1.1d!R9C14
1.1d,yoy_pct,,Jumlah,Total,,2025-09,3.5,,1.1d!R9C15
1.1d,yoy_pct,,Jumlah,Total,,2025-10,3.26,,1.1d!R9C16
1.1d,yoy_pct,,Jumlah,Total,,2025-11,3.53,,1.1d!R9C17
1.1d,yoy_pct,,Jumlah,Total,,2025-12,3.65,,1.1d!R9C18
1.1d,yoy_pct,,Jumlah,Total,,2026-01,3.6522327461623316,,1.1d!R9C19
1.1d,yoy_pct,,Jumlah,Total,,2026-02,3.8499485253164822,,1.1d!R9C20
1.1d,yoy_pct,,Jumlah,Total,,2026-03,3.8496017124992177,,1.1d!R9C21
1.1d,yoy_pct,Sex,Lelaki,Male,,2024-10,1.6,,1.1d!R11C4
1.1d,yoy_pct,Sex,Lelaki,Male,,2024-11,1.8,,1.1d!R11C5
1.1d,yoy_pct,Sex,Lelaki,Male,,2024-12,1.9,,1.1d!R11C6
1.1d,yoy_pct,Sex,Lelaki,Male,,2025-01,2.6,,1.1d!R11C7
1.1d,yoy_pct,Sex,Lelaki,Male,,2025-02,3.1,,1.1d!R11C8
1.1d,yoy_pct,Sex,Lelaki,Male,,2025-03,3.3,,1.1d!R11C9
1.1d,yoy_pct,Sex,Lelaki,Male,,2025-04,2.9,,1.1d!R11C10
1.1d,yoy_pct,Sex,Lelaki,Male,,2025-05,3.2,,1.1d!R11C11
1.1d,yoy_pct,Sex,Lelaki,Male,,2025-06,3.3,,1.1d!R11C12
1.1d,yoy_pct,Sex,Lelaki,Male,,2025-07,3.2,,1.1d!R11C13
1.1d,yoy_pct,Sex,Lelaki,Male,,2025-08,3.3,,1.1d!R11C14
1.1d,yoy_pct,Sex,Lelaki,Male,,2025-09,3.3,,1.1d!R11C15
1.1d,yoy_pct,Sex,Lelaki,Male,,2025-10,3.13,,1.1d!R11C16
1.1d,yoy_pct,Sex,Lelaki,Male,,2025-11,3.37,,1.1d!R11C17
1.1d,yoy_pct,Sex,Lelaki,Male,,2025-12,3.5,,1.1d!R11C18
1.1d,yoy_pct,Sex,Lelaki,Male,,2026-01,3.5211680520818023,,1.1d!R11C19
1.1d,yoy_pct,Sex,Lelaki,Male,,2026-02,3.658203585048092,,1.1d!R11C20
1.1d,yoy_pct,Sex,Lelaki,Male,,2026-03,3.662967155965413,,1.1d!R11C21
1.1d,yoy_pct,Sex,Perempuan,Female,,2024-10,2.6,,1.1d!R12C4
1.1d,yoy_pct,Sex,Perempuan,Female,,2024-11,2.8,,1.1d!R12C5
1.1d,yoy_pct,Sex,Perempuan,Female,,2024-12,2.9,,1.1d!R12C6
1.1d,yoy_pct,Sex,Perempuan,Female,,2025-01,3.7,,1.1d!R12C7
1.1d,yoy_pct,Sex,Perempuan,Female,,2025-02,3.8,,1.1d!R12C8
1.1d,yoy_pct,Sex,Perempuan,Female,,2025-03,4.1,,1.1d!R12C9
1.1d,yoy_pct,Sex,Perempuan,Female,,2025-04,3.7,,1.1d!R12C10
1.1d,yoy_pct,Sex,Perempuan,Female,,2025-05,3.9,,1.1d!R12C11
1.1d,yoy_pct,Sex,Perempuan,Female,,2025-06,3.9,,1.1d!R12C12
1.1d,yoy_pct,Sex,Perempuan,Female,,2025-07,3.7,,1.1d!R12C13
1.1d,yoy_pct,Sex,Perempuan,Female,,2025-08,3.7,,1.1d!R12C14
1.1d,yoy_pct,Sex,Perempuan,Female,,2025-09,3.7,,1.1d!R12C15
1.1d,yoy_pct,Sex,Perempuan,Female,,2025-10,3.42,,1.1d!R12C16
1.1d,yoy_pct,Sex,Perempuan,Female,,2025-11,3.73,,1.1d!R12C17
1.1d,yoy_pct,Sex,Perempuan,Female,,2025-12,3.82,,1.1d!R12C18
1.1d,yoy_pct,Sex,Perempuan,Female,,2026-01,3.8138641889391645,,1.1d!R12C19
1.1d,yoy_pct,Sex,Perempuan,Female,,2026-02,4.085802815674944,,1.1d!R12C20
1.1d,yoy_pct,Sex,Perempuan,Female,,2026-03,4.079048983998956,,1.1d!R12C21
1.1d,yoy_pct,Ethnic,Bumiputera,Bumiputera,,2024-10,2.8,,1.1d!R14C4
1.1d,yoy_pct,Ethnic,Bumiputera,Bumiputera,,2024-11,3.0,,1.1d!R14C5
1.1d,yoy_pct,Ethnic,Bumiputera,Bumiputera,,2024-12,3.2,,1.1d!R14C6
1.1d,yoy_pct,Ethnic,Bumiputera,Bumiputera,,2025-01,4.1,,1.1d!R14C7
1.1d,yoy_pct,Ethnic,Bumiputera,Bumiputera,,2025-02,4.4,,1.1d!R14C8
1.1d,yoy_pct,Ethnic,Bumiputera,Bumiputera,,2025-03,4.6,,1.1d!R14C9
1.1d,yoy_pct,Ethnic,Bumiputera,Bumiputera,,2025-04,4.2,,1.1d!R14C10
1.1d,yoy_pct,Ethnic,Bumiputera,Bumiputera,,2025-05,4.4,,1.1d!R14C11
1.1d,yoy_pct,Ethnic,Bumiputera,Bumiputera,,2025-06,4.4,,1.1d!R14C12
1.1d,yoy_pct,Ethnic,Bumiputera,Bumiputera,,2025-07,4.4,,1.1d!R14C13
1.1d,yoy_pct,Ethnic,Bumiputera,Bumiputera,,2025-08,4.3,,1.1d!R14C14
1.1d,yoy_pct,Ethnic,Bumiputera,Bumiputera,,2025-09,4.3,,1.1d!R14C15
1.1d,yoy_pct,Ethnic,Bumiputera,Bumiputera,,2025-10,4.03,,1.1d!R14C16
1.1d,yoy_pct,Ethnic,Bumiputera,Bumiputera,,2025-11,4.32,,1.1d!R14C17
1.1d,yoy_pct,Ethnic,Bumiputera,Bumiputera,,2025-12,4.46,,1.1d!R14C18
1.1d,yoy_pct,Ethnic,Bumiputera,Bumiputera,,2026-01,4.316812545740856,,1.1d!R14C19
1.1d,yoy_pct,Ethnic,Bumiputera,Bumiputera,,2026-02,4.619993319853188,,1.1d!R14C20
1.1d,yoy_pct,Ethnic,Bumiputera,Bumiputera,,2026-03,4.490480382453854,,1.1d!R14C21
1.1d,yoy_pct,Ethnic,Cina,Chinese,,2024-10,0.8,,1.1d!R15C4
1.1d,yoy_pct,Ethnic,Cina,Chinese,,2024-11,0.9,,1.1d!R15C5
1.1d,yoy_pct,Ethnic,Cina,Chinese,,2024-12,0.8,,1.1d!R15C6
1.1d,yoy_pct,Ethnic,Cina,Chinese,,2025-01,1.0,,1.1d!R15C7
1.1d,yoy_pct,Ethnic,Cina,Chinese,,2025-02,1.6,,1.1d!R15C8
1.1d,yoy_pct,Ethnic,Cina,Chinese,,2025-03,1.7,,1.1d!R15C9
1.1d,yoy_pct,Ethnic,Cina,Chinese,,2025-04,1.3,,1.1d!R15C10
1.1d,yoy_pct,Ethnic,Cina,Chinese,,2025-05,1.6,,1.1d!R15C11
1.1d,yoy_pct,Ethnic,Cina,Chinese,,2025-06,1.6,,1.1d!R15C12
1.1d,yoy_pct,Ethnic,Cina,Chinese,,2025-07,1.4,,1.1d!R15C13
1.1d,yoy_pct,Ethnic,Cina,Chinese,,2025-08,1.6,,1.1d!R15C14
1.1d,yoy_pct,Ethnic,Cina,Chinese,,2025-09,1.6,,1.1d!R15C15
1.1d,yoy_pct,Ethnic,Cina,Chinese,,2025-10,1.59,,1.1d!R15C16
1.1d,yoy_pct,Ethnic,Cina,Chinese,,2025-11,1.73,,1.1d!R15C17
1.1d,yoy_pct,Ethnic,Cina,Chinese,,2025-12,1.83,,1.1d!R15C18
1.1d,yoy_pct,Ethnic,Cina,Chinese,,2026-01,2.147527460331067,,1.1d!R15C19
1.1d,yoy_pct,Ethnic,Cina,Chinese,,2026-02,2.2208664897401142,,1.1d!R15C20
1.1d,yoy_pct,Ethnic,Cina,Chinese,,2026-03,2.4187463327807635,,1.1d!R15C21
1.1d,yoy_pct,Ethnic,India,Indian,,2024-10,0.4,,1.1d!R16C4
1.1d,yoy_pct,Ethnic,India,Indian,,2024-11,0.9,,1.1d!R16C5
1.1d,yoy_pct,Ethnic,India,Indian,,2024-12,1.2,,1.1d!R16C6
1.1d,yoy_pct,Ethnic,India,Indian,,2025-01,2.5,,1.1d!R16C7
1.1d,yoy_pct,Ethnic,India,Indian,,2025-02,3.0,,1.1d!R16C8
1.1d,yoy_pct,Ethnic,India,Indian,,2025-03,3.2,,1.1d!R16C9
1.1d,yoy_pct,Ethnic,India,Indian,,2025-04,2.8,,1.1d!R16C10
1.1d,yoy_pct,Ethnic,India,Indian,,2025-05,3.1,,1.1d!R16C11
1.1d,yoy_pct,Ethnic,India,Indian,,2025-06,3.4,,1.1d!R16C12
1.1d,yoy_pct,Ethnic,India,Indian,,2025-07,3.4,,1.1d!R16C13
1.1d,yoy_pct,Ethnic,India,Indian,,2025-08,3.4,,1.1d!R16C14
1.1d,yoy_pct,Ethnic,India,Indian,,2025-09,3.4,,1.1d!R16C15
1.1d,yoy_pct,Ethnic,India,Indian,,2025-10,2.79,,1.1d!R16C16
1.1d,yoy_pct,Ethnic,India,Indian,,2025-11,3.37,,1.1d!R16C17
1.1d,yoy_pct,Ethnic,India,Indian,,2025-12,3.34,,1.1d!R16C18
1.1d,yoy_pct,Ethnic,India,Indian,,2026-01,2.754008568279165,,1.1d!R16C19
1.1d,yoy_pct,Ethnic,India,Indian,,2026-02,2.8933109547677027,,1.1d!R16C20
1.1d,yoy_pct,Ethnic,India,Indian,,2026-03,3.254105808067309,,1.1d!R16C21
1.1d,yoy_pct,Ethnic,Lain-lain,Others,,2024-10,5.3,,1.1d!R17C4
1.1d,yoy_pct,Ethnic,Lain-lain,Others,,2024-11,5.7,,1.1d!R17C5
1.1d,yoy_pct,Ethnic,Lain-lain,Others,,2024-12,4.6,,1.1d!R17C6
1.1d,yoy_pct,Ethnic,Lain-lain,Others,,2025-01,2.5,,1.1d!R17C7
1.1d,yoy_pct,Ethnic,Lain-lain,Others,,2025-02,4.4,,1.1d!R17C8
1.1d,yoy_pct,Ethnic,Lain-lain,Others,,2025-03,4.8,,1.1d!R17C9
1.1d,yoy_pct,Ethnic,Lain-lain,Others,,2025-04,4.3,,1.1d!R17C10
1.1d,yoy_pct,Ethnic,Lain-lain,Others,,2025-05,5.2,,1.1d!R17C11
1.1d,yoy_pct,Ethnic,Lain-lain,Others,,2025-06,5.3,,1.1d!R17C12
1.1d,yoy_pct,Ethnic,Lain-lain,Others,,2025-07,5.2,,1.1d!R17C13
1.1d,yoy_pct,Ethnic,Lain-lain,Others,,2025-08,5.7,,1.1d!R17C14
1.1d,yoy_pct,Ethnic,Lain-lain,Others,,2025-09,5.9,,1.1d!R17C15
1.1d,yoy_pct,Ethnic,Lain-lain,Others,,2025-10,5.6,,1.1d!R17C16
1.1d,yoy_pct,Ethnic,Lain-lain,Others,,2025-11,5.83,,1.1d!R17C17
1.1d,yoy_pct,Ethnic,Lain-lain,Others,,2025-12,6.02,,1.1d!R17C18
1.1d,yoy_pct,Ethnic,Lain-lain,Others,,2026-01,9.837299714600324,,1.1d!R17C19
1.1d,yoy_pct,Ethnic,Lain-lain,Others,,2026-02,8.063474387527837,,1.1d!R17C20
1.1d,yoy_pct,Ethnic,Lain-lain,Others,,2026-03,7.797946684682078,,1.1d!R17C21
1.1d,yoy_pct,Age Group,Kurang daripada 20,Less than 20,,2024-10,-7.3,,1.1d!R19C4
1.1d,yoy_pct,Age Group,Kurang daripada 20,Less than 20,,2024-11,-5.2,,1.1d!R19C5
1.1d,yoy_pct,Age Group,Kurang daripada 20,Less than 20,,2024-12,-3.1,,1.1d!R19C6
1.1d,yoy_pct,Age Group,Kurang daripada 20,Less than 20,,2025-01,0.9,,1.1d!R19C7
1.1d,yoy_pct,Age Group,Kurang daripada 20,Less than 20,,2025-02,15.3,,1.1d!R19C8
1.1d,yoy_pct,Age Group,Kurang daripada 20,Less than 20,,2025-03,8.1,,1.1d!R19C9
1.1d,yoy_pct,Age Group,Kurang daripada 20,Less than 20,,2025-04,12.6,,1.1d!R19C10
1.1d,yoy_pct,Age Group,Kurang daripada 20,Less than 20,,2025-05,7.6,,1.1d!R19C11
1.1d,yoy_pct,Age Group,Kurang daripada 20,Less than 20,,2025-06,6.1,,1.1d!R19C12
1.1d,yoy_pct,Age Group,Kurang daripada 20,Less than 20,,2025-07,5.6,,1.1d!R19C13
1.1d,yoy_pct,Age Group,Kurang daripada 20,Less than 20,,2025-08,5.3,,1.1d!R19C14
1.1d,yoy_pct,Age Group,Kurang daripada 20,Less than 20,,2025-09,4.5,,1.1d!R19C15
1.1d,yoy_pct,Age Group,Kurang daripada 20,Less than 20,,2025-10,4.08,,1.1d!R19C16
1.1d,yoy_pct,Age Group,Kurang daripada 20,Less than 20,,2025-11,4.52,,1.1d!R19C17
1.1d,yoy_pct,Age Group,Kurang daripada 20,Less than 20,,2025-12,7.78,,1.1d!R19C18
1.1d,yoy_pct,Age Group,Kurang daripada 20,Less than 20,,2026-01,43.30703259005146,,1.1d!R19C19
1.1d,yoy_pct,Age Group,Kurang daripada 20,Less than 20,,2026-02,25.957336706531752,,1.1d!R19C20
1.1d,yoy_pct,Age Group,Kurang daripada 20,Less than 20,,2026-03,20.00192743217848,,1.1d!R19C21
1.1d,yoy_pct,Age Group,20-24,20-24,,2024-10,-2.1,,1.1d!R20C4
1.1d,yoy_pct,Age Group,20-24,20-24,,2024-11,-1.1,,1.1d!R20C5
1.1d,yoy_pct,Age Group,20-24,20-24,,2024-12,-0.6,,1.1d!R20C6
1.1d,yoy_pct,Age Group,20-24,20-24,,2025-01,-4.7,,1.1d!R20C7
1.1d,yoy_pct,Age Group,20-24,20-24,,2025-02,-4.8,,1.1d!R20C8
1.1d,yoy_pct,Age Group,20-24,20-24,,2025-03,-4.2,,1.1d!R20C9
1.1d,yoy_pct,Age Group,20-24,20-24,,2025-04,-1.4,,1.1d!R20C10
1.1d,yoy_pct,Age Group,20-24,20-24,,2025-05,-0.7,,1.1d!R20C11
1.1d,yoy_pct,Age Group,20-24,20-24,,2025-06,-0.3,,1.1d!R20C12
1.1d,yoy_pct,Age Group,20-24,20-24,,2025-07,-0.4,,1.1d!R20C13
1.1d,yoy_pct,Age Group,20-24,20-24,,2025-08,-0.9,,1.1d!R20C14
1.1d,yoy_pct,Age Group,20-24,20-24,,2025-09,-1.0,,1.1d!R20C15
1.1d,yoy_pct,Age Group,20-24,20-24,,2025-10,-1.39,,1.1d!R20C16
1.1d,yoy_pct,Age Group,20-24,20-24,,2025-11,-1.29,,1.1d!R20C17
1.1d,yoy_pct,Age Group,20-24,20-24,,2025-12,-1.12,,1.1d!R20C18
1.1d,yoy_pct,Age Group,20-24,20-24,,2026-01,1.9760728704691477,,1.1d!R20C19
1.1d,yoy_pct,Age Group,20-24,20-24,,2026-02,1.977682138743142,,1.1d!R20C20
1.1d,yoy_pct,Age Group,20-24,20-24,,2026-03,1.8540222831666453,,1.1d!R20C21
1.1d,yoy_pct,Age Group,25-29,25-29,,2024-10,1.1,,1.1d!R21C4
1.1d,yoy_pct,Age Group,25-29,25-29,,2024-11,1.1,,1.1d!R21C5
1.1d,yoy_pct,Age Group,25-29,25-29,,2024-12,1.1,,1.1d!R21C6
1.1d,yoy_pct,Age Group,25-29,25-29,,2025-01,2.4,,1.1d!R21C7
1.1d,yoy_pct,Age Group,25-29,25-29,,2025-02,2.2,,1.1d!R21C8
1.1d,yoy_pct,Age Group,25-29,25-29,,2025-03,2.7,,1.1d!R21C9
1.1d,yoy_pct,Age Group,25-29,25-29,,2025-04,2.4,,1.1d!R21C10
1.1d,yoy_pct,Age Group,25-29,25-29,,2025-05,2.6,,1.1d!R21C11
1.1d,yoy_pct,Age Group,25-29,25-29,,2025-06,2.6,,1.1d!R21C12
1.1d,yoy_pct,Age Group,25-29,25-29,,2025-07,2.6,,1.1d!R21C13
1.1d,yoy_pct,Age Group,25-29,25-29,,2025-08,2.6,,1.1d!R21C14
1.1d,yoy_pct,Age Group,25-29,25-29,,2025-09,2.7,,1.1d!R21C15
1.1d,yoy_pct,Age Group,25-29,25-29,,2025-10,2.42,,1.1d!R21C16
1.1d,yoy_pct,Age Group,25-29,25-29,,2025-11,2.86,,1.1d!R21C17
1.1d,yoy_pct,Age Group,25-29,25-29,,2025-12,2.93,,1.1d!R21C18
1.1d,yoy_pct,Age Group,25-29,25-29,,2026-01,1.3403742864352974,,1.1d!R21C19
1.1d,yoy_pct,Age Group,25-29,25-29,,2026-02,1.9408135680251348,,1.1d!R21C20
1.1d,yoy_pct,Age Group,25-29,25-29,,2026-03,1.7860152149838715,,1.1d!R21C21
1.1d,yoy_pct,Age Group,30-34,30-34,,2024-10,4.6,,1.1d!R22C4
1.1d,yoy_pct,Age Group,30-34,30-34,,2024-11,4.6,,1.1d!R22C5
1.1d,yoy_pct,Age Group,30-34,30-34,,2024-12,4.5,,1.1d!R22C6
1.1d,yoy_pct,Age Group,30-34,30-34,,2025-01,4.4,,1.1d!R22C7
1.1d,yoy_pct,Age Group,30-34,30-34,,2025-02,4.5,,1.1d!R22C8
1.1d,yoy_pct,Age Group,30-34,30-34,,2025-03,4.8,,1.1d!R22C9
1.1d,yoy_pct,Age Group,30-34,30-34,,2025-04,3.8,,1.1d!R22C10
1.1d,yoy_pct,Age Group,30-34,30-34,,2025-05,4.1,,1.1d!R22C11
1.1d,yoy_pct,Age Group,30-34,30-34,,2025-06,4.0,,1.1d!R22C12
1.1d,yoy_pct,Age Group,30-34,30-34,,2025-07,3.9,,1.1d!R22C13
1.1d,yoy_pct,Age Group,30-34,30-34,,2025-08,4.0,,1.1d!R22C14
1.1d,yoy_pct,Age Group,30-34,30-34,,2025-09,4.0,,1.1d!R22C15
1.1d,yoy_pct,Age Group,30-34,30-34,,2025-10,3.77,,1.1d!R22C16
1.1d,yoy_pct,Age Group,30-34,30-34,,2025-11,4.06,,1.1d!R22C17
1.1d,yoy_pct,Age Group,30-34,30-34,,2025-12,4.11,,1.1d!R22C18
1.1d,yoy_pct,Age Group,30-34,30-34,,2026-01,3.5776684138225434,,1.1d!R22C19
1.1d,yoy_pct,Age Group,30-34,30-34,,2026-02,4.025065058770538,,1.1d!R22C20
1.1d,yoy_pct,Age Group,30-34,30-34,,2026-03,4.031512775724089,,1.1d!R22C21
1.1d,yoy_pct,Age Group,35-39,35-39,,2024-10,1.9,,1.1d!R23C4
1.1d,yoy_pct,Age Group,35-39,35-39,,2024-11,1.9,,1.1d!R23C5
1.1d,yoy_pct,Age Group,35-39,35-39,,2024-12,1.9,,1.1d!R23C6
1.1d,yoy_pct,Age Group,35-39,35-39,,2025-01,3.3,,1.1d!R23C7
1.1d,yoy_pct,Age Group,35-39,35-39,,2025-02,3.7,,1.1d!R23C8
1.1d,yoy_pct,Age Group,35-39,35-39,,2025-03,3.9,,1.1d!R23C9
1.1d,yoy_pct,Age Group,35-39,35-39,,2025-04,3.0,,1.1d!R23C10
1.1d,yoy_pct,Age Group,35-39,35-39,,2025-05,3.3,,1.1d!R23C11
1.1d,yoy_pct,Age Group,35-39,35-39,,2025-06,3.3,,1.1d!R23C12
1.1d,yoy_pct,Age Group,35-39,35-39,,2025-07,3.3,,1.1d!R23C13
1.1d,yoy_pct,Age Group,35-39,35-39,,2025-08,3.4,,1.1d!R23C14
1.1d,yoy_pct,Age Group,35-39,35-39,,2025-09,3.4,,1.1d!R23C15
1.1d,yoy_pct,Age Group,35-39,35-39,,2025-10,3.2,,1.1d!R23C16
1.1d,yoy_pct,Age Group,35-39,35-39,,2025-11,3.49,,1.1d!R23C17
1.1d,yoy_pct,Age Group,35-39,35-39,,2025-12,3.51,,1.1d!R23C18
1.1d,yoy_pct,Age Group,35-39,35-39,,2026-01,3.4736224163824714,,1.1d!R23C19
1.1d,yoy_pct,Age Group,35-39,35-39,,2026-02,3.7447258490569846,,1.1d!R23C20
1.1d,yoy_pct,Age Group,35-39,35-39,,2026-03,3.8339902279275417,,1.1d!R23C21
1.1d,yoy_pct,Age Group,40-44,40-44,,2024-10,4.0,,1.1d!R24C4
1.1d,yoy_pct,Age Group,40-44,40-44,,2024-11,4.0,,1.1d!R24C5
1.1d,yoy_pct,Age Group,40-44,40-44,,2024-12,4.1,,1.1d!R24C6
1.1d,yoy_pct,Age Group,40-44,40-44,,2025-01,6.0,,1.1d!R24C7
1.1d,yoy_pct,Age Group,40-44,40-44,,2025-02,6.6,,1.1d!R24C8
1.1d,yoy_pct,Age Group,40-44,40-44,,2025-03,6.7,,1.1d!R24C9
1.1d,yoy_pct,Age Group,40-44,40-44,,2025-04,5.7,,1.1d!R24C10
1.1d,yoy_pct,Age Group,40-44,40-44,,2025-05,6.1,,1.1d!R24C11
1.1d,yoy_pct,Age Group,40-44,40-44,,2025-06,6.1,,1.1d!R24C12
1.1d,yoy_pct,Age Group,40-44,40-44,,2025-07,6.1,,1.1d!R24C13
1.1d,yoy_pct,Age Group,40-44,40-44,,2025-08,6.3,,1.1d!R24C14
1.1d,yoy_pct,Age Group,40-44,40-44,,2025-09,6.4,,1.1d!R24C15
1.1d,yoy_pct,Age Group,40-44,40-44,,2025-10,6.19,,1.1d!R24C16
1.1d,yoy_pct,Age Group,40-44,40-44,,2025-11,6.48,,1.1d!R24C17
1.1d,yoy_pct,Age Group,40-44,40-44,,2025-12,6.49,,1.1d!R24C18
1.1d,yoy_pct,Age Group,40-44,40-44,,2026-01,5.026897644347317,,1.1d!R24C19
1.1d,yoy_pct,Age Group,40-44,40-44,,2026-02,5.197963974862363,,1.1d!R24C20
1.1d,yoy_pct,Age Group,40-44,40-44,,2026-03,5.296746763875371,,1.1d!R24C21
1.1d,yoy_pct,Age Group,45-49,45-49,,2024-10,2.5,,1.1d!R25C4
1.1d,yoy_pct,Age Group,45-49,45-49,,2024-11,2.6,,1.1d!R25C5
1.1d,yoy_pct,Age Group,45-49,45-49,,2024-12,2.6,,1.1d!R25C6
1.1d,yoy_pct,Age Group,45-49,45-49,,2025-01,3.7,,1.1d!R25C7
1.1d,yoy_pct,Age Group,45-49,45-49,,2025-02,4.4,,1.1d!R25C8
1.1d,yoy_pct,Age Group,45-49,45-49,,2025-03,4.5,,1.1d!R25C9
1.1d,yoy_pct,Age Group,45-49,45-49,,2025-04,3.5,,1.1d!R25C10
1.1d,yoy_pct,Age Group,45-49,45-49,,2025-05,3.8,,1.1d!R25C11
1.1d,yoy_pct,Age Group,45-49,45-49,,2025-06,3.8,,1.1d!R25C12
1.1d,yoy_pct,Age Group,45-49,45-49,,2025-07,3.8,,1.1d!R25C13
1.1d,yoy_pct,Age Group,45-49,45-49,,2025-08,4.1,,1.1d!R25C14
1.1d,yoy_pct,Age Group,45-49,45-49,,2025-09,4.2,,1.1d!R25C15
1.1d,yoy_pct,Age Group,45-49,45-49,,2025-10,3.95,,1.1d!R25C16
1.1d,yoy_pct,Age Group,45-49,45-49,,2025-11,4.27,,1.1d!R25C17
1.1d,yoy_pct,Age Group,45-49,45-49,,2025-12,4.29,,1.1d!R25C18
1.1d,yoy_pct,Age Group,45-49,45-49,,2026-01,3.637772848717047,,1.1d!R25C19
1.1d,yoy_pct,Age Group,45-49,45-49,,2026-02,3.768958560072311,,1.1d!R25C20
1.1d,yoy_pct,Age Group,45-49,45-49,,2026-03,3.93380280344362,,1.1d!R25C21
1.1d,yoy_pct,Age Group,50-54,50-54,,2024-10,3.4,,1.1d!R26C4
1.1d,yoy_pct,Age Group,50-54,50-54,,2024-11,3.5,,1.1d!R26C5
1.1d,yoy_pct,Age Group,50-54,50-54,,2024-12,3.5,,1.1d!R26C6
1.1d,yoy_pct,Age Group,50-54,50-54,,2025-01,4.2,,1.1d!R26C7
1.1d,yoy_pct,Age Group,50-54,50-54,,2025-02,4.8,,1.1d!R26C8
1.1d,yoy_pct,Age Group,50-54,50-54,,2025-03,4.8,,1.1d!R26C9
1.1d,yoy_pct,Age Group,50-54,50-54,,2025-04,3.6,,1.1d!R26C10
1.1d,yoy_pct,Age Group,50-54,50-54,,2025-05,4.0,,1.1d!R26C11
1.1d,yoy_pct,Age Group,50-54,50-54,,2025-06,3.9,,1.1d!R26C12
1.1d,yoy_pct,Age Group,50-54,50-54,,2025-07,3.9,,1.1d!R26C13
1.1d,yoy_pct,Age Group,50-54,50-54,,2025-08,4.1,,1.1d!R26C14
1.1d,yoy_pct,Age Group,50-54,50-54,,2025-09,4.2,,1.1d!R26C15
1.1d,yoy_pct,Age Group,50-54,50-54,,2025-10,3.94,,1.1d!R26C16
1.1d,yoy_pct,Age Group,50-54,50-54,,2025-11,4.15,,1.1d!R26C17
1.1d,yoy_pct,Age Group,50-54,50-54,,2025-12,4.18,,1.1d!R26C18
1.1d,yoy_pct,Age Group,50-54,50-54,,2026-01,3.8666430078271308,,1.1d!R26C19
1.1d,yoy_pct,Age Group,50-54,50-54,,2026-02,4.085961005897798,,1.1d!R26C20
1.1d,yoy_pct,Age Group,50-54,50-54,,2026-03,4.318950169037206,,1.1d!R26C21
1.1d,yoy_pct,Age Group,55-59,55-59,,2024-10,2.6,,1.1d!R27C4
1.1d,yoy_pct,Age Group,55-59,55-59,,2024-11,2.8,,1.1d!R27C5
1.1d,yoy_pct,Age Group,55-59,55-59,,2024-12,2.9,,1.1d!R27C6
1.1d,yoy_pct,Age Group,55-59,55-59,,2025-01,4.9,,1.1d!R27C7
1.1d,yoy_pct,Age Group,55-59,55-59,,2025-02,5.6,,1.1d!R27C8
1.1d,yoy_pct,Age Group,55-59,55-59,,2025-03,5.5,,1.1d!R27C9
1.1d,yoy_pct,Age Group,55-59,55-59,,2025-04,4.2,,1.1d!R27C10
1.1d,yoy_pct,Age Group,55-59,55-59,,2025-05,4.5,,1.1d!R27C11
1.1d,yoy_pct,Age Group,55-59,55-59,,2025-06,4.5,,1.1d!R27C12
1.1d,yoy_pct,Age Group,55-59,55-59,,2025-07,4.5,,1.1d!R27C13
1.1d,yoy_pct,Age Group,55-59,55-59,,2025-08,4.7,,1.1d!R27C14
1.1d,yoy_pct,Age Group,55-59,55-59,,2025-09,4.9,,1.1d!R27C15
1.1d,yoy_pct,Age Group,55-59,55-59,,2025-10,4.6,,1.1d!R27C16
1.1d,yoy_pct,Age Group,55-59,55-59,,2025-11,4.75,,1.1d!R27C17
1.1d,yoy_pct,Age Group,55-59,55-59,,2025-12,4.81,,1.1d!R27C18
1.1d,yoy_pct,Age Group,55-59,55-59,,2026-01,4.004621912839079,,1.1d!R27C19
1.1d,yoy_pct,Age Group,55-59,55-59,,2026-02,4.337513193520248,,1.1d!R27C20
1.1d,yoy_pct,Age Group,55-59,55-59,,2026-03,4.6083454183232675,,1.1d!R27C21
1.1d,yoy_pct,Age Group,60-64,60-64,,2024-10,5.0,,1.1d!R28C4
1.1d,yoy_pct,Age Group,60-64,60-64,,2024-11,5.8,,1.1d!R28C5
1.1d,yoy_pct,Age Group,60-64,60-64,,2024-12,6.0,,1.1d!R28C6
1.1d,yoy_pct,Age Group,60-64,60-64,,2025-01,5.7,,1.1d!R28C7
1.1d,yoy_pct,Age Group,60-64,60-64,,2025-02,6.5,,1.1d!R28C8
1.1d,yoy_pct,Age Group,60-64,60-64,,2025-03,6.3,,1.1d!R28C9
1.1d,yoy_pct,Age Group,60-64,60-64,,2025-04,5.2,,1.1d!R28C10
1.1d,yoy_pct,Age Group,60-64,60-64,,2025-05,5.5,,1.1d!R28C11
1.1d,yoy_pct,Age Group,60-64,60-64,,2025-06,5.7,,1.1d!R28C12
1.1d,yoy_pct,Age Group,60-64,60-64,,2025-07,5.4,,1.1d!R28C13
1.1d,yoy_pct,Age Group,60-64,60-64,,2025-08,5.7,,1.1d!R28C14
1.1d,yoy_pct,Age Group,60-64,60-64,,2025-09,5.9,,1.1d!R28C15
1.1d,yoy_pct,Age Group,60-64,60-64,,2025-10,5.81,,1.1d!R28C16
1.1d,yoy_pct,Age Group,60-64,60-64,,2025-11,6.04,,1.1d!R28C17
1.1d,yoy_pct,Age Group,60-64,60-64,,2025-12,6.11,,1.1d!R28C18
1.1d,yoy_pct,Age Group,60-64,60-64,,2026-01,5.010224948875264,,1.1d!R28C19
1.1d,yoy_pct,Age Group,60-64,60-64,,2026-02,5.259111697202656,,1.1d!R28C20
1.1d,yoy_pct,Age Group,60-64,60-64,,2026-03,5.4780104445437905,,1.1d!R28C21
1.1d,yoy_pct,Age Group,65 dan ke atas,65 and above,,2024-10,6.1,,1.1d!R29C4
1.1d,yoy_pct,Age Group,65 dan ke atas,65 and above,,2024-11,6.1,,1.1d!R29C5
1.1d,yoy_pct,Age Group,65 dan ke atas,65 and above,,2024-12,6.2,,1.1d!R29C6
1.1d,yoy_pct,Age Group,65 dan ke atas,65 and above,,2025-01,8.0,,1.1d!R29C7
1.1d,yoy_pct,Age Group,65 dan ke atas,65 and above,,2025-02,9.0,,1.1d!R29C8
1.1d,yoy_pct,Age Group,65 dan ke atas,65 and above,,2025-03,9.4,,1.1d!R29C9
1.1d,yoy_pct,Age Group,65 dan ke atas,65 and above,,2025-04,8.1,,1.1d!R29C10
1.1d,yoy_pct,Age Group,65 dan ke atas,65 and above,,2025-05,8.4,,1.1d!R29C11
1.1d,yoy_pct,Age Group,65 dan ke atas,65 and above,,2025-06,8.4,,1.1d!R29C12
1.1d,yoy_pct,Age Group,65 dan ke atas,65 and above,,2025-07,8.3,,1.1d!R29C13
1.1d,yoy_pct,Age Group,65 dan ke atas,65 and above,,2025-08,8.5,,1.1d!R29C14
1.1d,yoy_pct,Age Group,65 dan ke atas,65 and above,,2025-09,9.0,,1.1d!R29C15
1.1d,yoy_pct,Age Group,65 dan ke atas,65 and above,,2025-10,9.2,,1.1d!R29C16
1.1d,yoy_pct,Age Group,65 dan ke atas,65 and above,,2025-11,9.16,,1.1d!R29C17
1.1d,yoy_pct,Age Group,65 dan ke atas,65 and above,,2025-12,9.37,,1.1d!R29C18
1.1d,yoy_pct,Age Group,65 dan ke atas,65 and above,,2026-01,8.668045367887034,,1.1d!R29C19
1.1d,yoy_pct,Age Group,65 dan ke atas,65 and above,,2026-02,8.817929653519773,,1.1d!R29C20
1.1d,yoy_pct,Age Group,65 dan ke atas,65 and above,,2026-03,8.867153912295777,,1.1d!R29C21
1.2a,employees_000,,Jumlah,Total,,2024-10,6842.1,,1.2a!R9C4
1.2a,employees_000,,Jumlah,Total,,2024-11,6829.1,,1.2a!R9C5
1.2a,employees_000,,Jumlah,Total,,2024-12,6831.4,,1.2a!R9C6
1.2a,employees_000,,Jumlah,Total,,2025-01,6825.496,,1.2a!R9C7
1.2a,employees_000,,Jumlah,Total,,2025-02,6763.519,,1.2a!R9C8
1.2a,employees_000,,Jumlah,Total,,2025-03,6786.806,,1.2a!R9C9
1.2a,employees_000,,Jumlah,Total,,2025-04,6946.756,,1.2a!R9C10
1.2a,employees_000,,Jumlah,Total,,2025-05,6952.893,,1.2a!R9C11
1.2a,employees_000,,Jumlah,Total,,2025-06,6969.654,,1.2a!R9C12
1.2a,employees_000,,Jumlah,Total,,2025-07,7035.945,,1.2a!R9C13
1.2a,employees_000,,Jumlah,Total,,2025-08,7045.826,,1.2a!R9C14
1.2a,employees_000,,Jumlah,Total,,2025-09,7056.432,,1.2a!R9C15
1.2a,employees_000,,Jumlah,Total,,2025-10,7065.243,,1.2a!R9C16
1.2a,employees_000,,Jumlah,Total,,2025-11,7070.259,,1.2a!R9C17
1.2a,employees_000,,Jumlah,Total,,2025-12,7080.475,,1.2a!R9C18
1.2a,employees_000,,Jumlah,Total,,2026-01,7074.779,,1.2a!R9C19
1.2a,employees_000,,Jumlah,Total,,2026-02,7023.906,,1.2a!R9C20
1.2a,employees_000,,Jumlah,Total,,2026-03,7048.071,,1.2a!R9C21
1.2a,employees_000,,Pertanian,Agriculture,,2024-10,129.7,,1.2a!R10C4
1.2a,employees_000,,Pertanian,Agriculture,,2024-11,129.2,,1.2a!R10C5
1.2a,employees_000,,Pertanian,Agriculture,,2024-12,129.2,,1.2a!R10C6
1.2a,employees_000,,Pertanian,Agriculture,,2025-01,128.637,,1.2a!R10C7
1.2a,employees_000,,Pertanian,Agriculture,,2025-02,127.959,,1.2a!R10C8
1.2a,employees_000,,Pertanian,Agriculture,,2025-03,127.681,,1.2a!R10C9
1.2a,employees_000,,Pertanian,Agriculture,,2025-04,129.444,,1.2a!R10C10
1.2a,employees_000,,Pertanian,Agriculture,,2025-05,129.189,,1.2a!R10C11
1.2a,employees_000,,Pertanian,Agriculture,,2025-06,129.472,,1.2a!R10C12
1.2a,employees_000,,Pertanian,Agriculture,,2025-07,130.164,,1.2a!R10C13
1.2a,employees_000,,Pertanian,Agriculture,,2025-08,130.196,,1.2a!R10C14
1.2a,employees_000,,Pertanian,Agriculture,,2025-09,130.383,,1.2a!R10C15
1.2a,employees_000,,Pertanian,Agriculture,,2025-10,130.528,,1.2a!R10C16
1.2a,employees_000,,Pertanian,Agriculture,,2025-11,130.551,,1.2a!R10C17
1.2a,employees_000,,Pertanian,Agriculture,,2025-12,130.487,,1.2a!R10C18
1.2a,employees_000,,Pertanian,Agriculture,,2026-01,130.461,,1.2a!R10C19
1.2a,employees_000,,Pertanian,Agriculture,,2026-02,130.049,,1.2a!R10C20
1.2a,employees_000,,Pertanian,Agriculture,,2026-03,130.139,,1.2a!R10C21
1.2a,employees_000,,Perlombongan dan pengkuarian,Mining and quarrying,,2024-10,38.6,,1.2a!R11C4
1.2a,employees_000,,Perlombongan dan pengkuarian,Mining and quarrying,,2024-11,38.3,,1.2a!R11C5
1.2a,employees_000,,Perlombongan dan pengkuarian,Mining and quarrying,,2024-12,38.0,,1.2a!R11C6
1.2a,employees_000,,Perlombongan dan pengkuarian,Mining and quarrying,,2025-01,38.199,,1.2a!R11C7
1.2a,employees_000,,Perlombongan dan pengkuarian,Mining and quarrying,,2025-02,37.878,,1.2a!R11C8
1.2a,employees_000,,Perlombongan dan pengkuarian,Mining and quarrying,,2025-03,38.068,,1.2a!R11C9
1.2a,employees_000,,Perlombongan dan pengkuarian,Mining and quarrying,,2025-04,38.539,,1.2a!R11C10
1.2a,employees_000,,Perlombongan dan pengkuarian,Mining and quarrying,,2025-05,38.532,,1.2a!R11C11
1.2a,employees_000,,Perlombongan dan pengkuarian,Mining and quarrying,,2025-06,38.915,,1.2a!R11C12
1.2a,employees_000,,Perlombongan dan pengkuarian,Mining and quarrying,,2025-07,39.37,,1.2a!R11C13
1.2a,employees_000,,Perlombongan dan pengkuarian,Mining and quarrying,,2025-08,39.302,,1.2a!R11C14
1.2a,employees_000,,Perlombongan dan pengkuarian,Mining and quarrying,,2025-09,39.301,,1.2a!R11C15
1.2a,employees_000,,Perlombongan dan pengkuarian,Mining and quarrying,,2025-10,39.175,,1.2a!R11C16
1.2a,employees_000,,Perlombongan dan pengkuarian,Mining and quarrying,,2025-11,39.103,,1.2a!R11C17
1.2a,employees_000,,Perlombongan dan pengkuarian,Mining and quarrying,,2025-12,38.861,,1.2a!R11C18
1.2a,employees_000,,Perlombongan dan pengkuarian,Mining and quarrying,,2026-01,38.46,,1.2a!R11C19
1.2a,employees_000,,Perlombongan dan pengkuarian,Mining and quarrying,,2026-02,38.162,,1.2a!R11C20
1.2a,employees_000,,Perlombongan dan pengkuarian,Mining and quarrying,,2026-03,38.416,,1.2a!R11C21
1.2a,employees_000,,Pembuatan,Manufacturing,,2024-10,1219.3,,1.2a!R12C4
1.2a,employees_000,,Pembuatan,Manufacturing,,2024-11,1216.9,,1.2a!R12C5
1.2a,employees_000,,Pembuatan,Manufacturing,,2024-12,1217.0,,1.2a!R12C6
1.2a,employees_000,,Pembuatan,Manufacturing,,2025-01,1212.08,,1.2a!R12C7
1.2a,employees_000,,Pembuatan,Manufacturing,,2025-02,1204.51,,1.2a!R12C8
1.2a,employees_000,,Pembuatan,Manufacturing,,2025-03,1192.695,,1.2a!R12C9
1.2a,employees_000,,Pembuatan,Manufacturing,,2025-04,1224.718,,1.2a!R12C10
1.2a,employees_000,,Pembuatan,Manufacturing,,2025-05,1225.876,,1.2a!R12C11
1.2a,employees_000,,Pembuatan,Manufacturing,,2025-06,1229.407,,1.2a!R12C12
1.2a,employees_000,,Pembuatan,Manufacturing,,2025-07,1238.057,,1.2a!R12C13
1.2a,employees_000,,Pembuatan,Manufacturing,,2025-08,1241.182,,1.2a!R12C14
1.2a,employees_000,,Pembuatan,Manufacturing,,2025-09,1241.669,,1.2a!R12C15
1.2a,employees_000,,Pembuatan,Manufacturing,,2025-10,1240.639,,1.2a!R12C16
1.2a,employees_000,,Pembuatan,Manufacturing,,2025-11,1242.938,,1.2a!R12C17
1.2a,employees_000,,Pembuatan,Manufacturing,,2025-12,1245.63,,1.2a!R12C18
1.2a,employees_000,,Pembuatan,Manufacturing,,2026-01,1242.799,,1.2a!R12C19
1.2a,employees_000,,Pembuatan,Manufacturing,,2026-02,1239.016,,1.2a!R12C20
1.2a,employees_000,,Pembuatan,Manufacturing,,2026-03,1232.764,,1.2a!R12C21
1.2a,employees_000,,Pembinaan,Construction,,2024-10,432.0,,1.2a!R21C4
1.2a,employees_000,,Pembinaan,Construction,,2024-11,428.1,,1.2a!R21C5
1.2a,employees_000,,Pembinaan,Construction,,2024-12,427.6,,1.2a!R21C6
1.2a,employees_000,,Pembinaan,Construction,,2025-01,427.651,,1.2a!R21C7
1.2a,employees_000,,Pembinaan,Construction,,2025-02,419.45,,1.2a!R21C8
1.2a,employees_000,,Pembinaan,Construction,,2025-03,406.827,,1.2a!R21C9
1.2a,employees_000,,Pembinaan,Construction,,2025-04,435.818,,1.2a!R21C10
1.2a,employees_000,,Pembinaan,Construction,,2025-05,436.504,,1.2a!R21C11
1.2a,employees_000,,Pembinaan,Construction,,2025-06,436.419,,1.2a!R21C12
1.2a,employees_000,,Pembinaan,Construction,,2025-07,445.947,,1.2a!R21C13
1.2a,employees_000,,Pembinaan,Construction,,2025-08,445.781,,1.2a!R21C14
1.2a,employees_000,,Pembinaan,Construction,,2025-09,445.685,,1.2a!R21C15
1.2a,employees_000,,Pembinaan,Construction,,2025-10,447.746,,1.2a!R21C16
1.2a,employees_000,,Pembinaan,Construction,,2025-11,445.484,,1.2a!R21C17
1.2a,employees_000,,Pembinaan,Construction,,2025-12,445.159,,1.2a!R21C18
1.2a,employees_000,,Pembinaan,Construction,,2026-01,445.05,,1.2a!R21C19
1.2a,employees_000,,Pembinaan,Construction,,2026-02,437.66,,1.2a!R21C20
1.2a,employees_000,,Pembinaan,Construction,,2026-03,425.42,,1.2a!R21C21
1.2a,employees_000,,Perkhidmatan,Services,,2024-10,4630.1,,1.2a!R22C4
1.2a,employees_000,,Perkhidmatan,Services,,2024-11,4625.7,,1.2a!R22C5
1.2a,employees_000,,Perkhidmatan,Services,,2024-12,4628.3,,1.2a!R22C6
1.2a,employees_000,,Perkhidmatan,Services,,2025-01,4617.133,,1.2a!R22C7
1.2a,employees_000,,Perkhidmatan,Services,,2025-02,4566.718,,1.2a!R22C8
1.2a,employees_000,,Perkhidmatan,Services,,2025-03,4618.01,,1.2a!R22C9
1.2a,employees_000,,Perkhidmatan,Services,,2025-04,4713.215,,1.2a!R22C10
1.2a,employees_000,,Perkhidmatan,Services,,2025-05,4714.879,,1.2a!R22C11
1.2a,employees_000,,Perkhidmatan,Services,,2025-06,4725.424,,1.2a!R22C12
1.2a,employees_000,,Perkhidmatan,Services,,2025-07,4780.839,,1.2a!R22C13
1.2a,employees_000,,Perkhidmatan,Services,,2025-08,4785.132,,1.2a!R22C14
1.2a,employees_000,,Perkhidmatan,Services,,2025-09,4793.17,,1.2a!R22C15
1.2a,employees_000,,Perkhidmatan,Services,,2025-10,4808.753,,1.2a!R22C16
1.2a,employees_000,,Perkhidmatan,Services,,2025-11,4811.354,,1.2a!R22C17
1.2a,employees_000,,Perkhidmatan,Services,,2025-12,4820.004,,1.2a!R22C18
1.2a,employees_000,,Perkhidmatan,Services,,2026-01,4807.595,,1.2a!R22C19
1.2a,employees_000,,Perkhidmatan,Services,,2026-02,4764.823,,1.2a!R22C20
1.2a,employees_000,,Perkhidmatan,Services,,2026-03,4811.914,,1.2a!R22C21
1.2a,employees_000,,Tidak dikelaskan,Unclassified,,2024-10,392.5,,1.2a!R31C4
1.2a,employees_000,,Tidak dikelaskan,Unclassified,,2024-11,390.8,,1.2a!R31C5
1.2a,employees_000,,Tidak dikelaskan,Unclassified,,2024-12,391.4,,1.2a!R31C6
1.2a,employees_000,,Tidak dikelaskan,Unclassified,,2025-01,401.796,,1.2a!R31C7
1.2a,employees_000,,Tidak dikelaskan,Unclassified,,2025-02,407.004,,1.2a!R31C8
1.2a,employees_000,,Tidak dikelaskan,Unclassified,,2025-03,403.525,,1.2a!R31C9
1.2a,employees_000,,Tidak dikelaskan,Unclassified,,2025-04,405.022,,1.2a!R31C10
1.2a,employees_000,,Tidak dikelaskan,Unclassified,,2025-05,407.913,,1.2a!R31C11
1.2a,employees_000,,Tidak dikelaskan,Unclassified,,2025-06,410.017,,1.2a!R31C12
1.2a,employees_000,,Tidak dikelaskan,Unclassified,,2025-07,401.568,,1.2a!R31C13
1.2a,employees_000,,Tidak dikelaskan,Unclassified,,2025-08,404.233,,1.2a!R31C14
1.2a,employees_000,,Tidak dikelaskan,Unclassified,,2025-09,406.224,,1.2a!R31C15
1.2a,employees_000,,Tidak dikelaskan,Unclassified,,2025-10,398.402,,1.2a!R31C16
1.2a,employees_000,,Tidak dikelaskan,Unclassified,,2025-11,400.829,,1.2a!R31C17
1.2a,employees_000,,Tidak dikelaskan,Unclassified,,2025-12,400.334,,1.2a!R31C18
1.2a,employees_000,,Tidak dikelaskan,Unclassified,,2026-01,410.414,,1.2a!R31C19
1.2a,employees_000,,Tidak dikelaskan,Unclassified,,2026-02,414.196,,1.2a!R31C20
1.2a,employees_000,,Tidak dikelaskan,Unclassified,,2026-03,409.418,,1.2a!R31C21
1.2b,share_pct,,Jumlah,Total,,2024-10,100.0,,1.2b!R9C4
1.2b,share_pct,,Jumlah,Total,,2024-11,100.0,,1.2b!R9C5
1.2b,share_pct,,Jumlah,Total,,2024-12,100.0,,1.2b!R9C6
1.2b,share_pct,,Jumlah,Total,,2025-01,100.0,,1.2b!R9C7
1.2b,share_pct,,Jumlah,Total,,2025-02,100.0,,1.2b!R9C8
1.2b,share_pct,,Jumlah,Total,,2025-03,100.0,,1.2b!R9C9
1.2b,share_pct,,Jumlah,Total,,2025-04,100.0,,1.2b!R9C10
1.2b,share_pct,,Jumlah,Total,,2025-05,100.0,,1.2b!R9C11
1.2b,share_pct,,Jumlah,Total,,2025-06,100.0,,1.2b!R9C12
1.2b,share_pct,,Jumlah,Total,,2025-07,100.0,,1.2b!R9C13
1.2b,share_pct,,Jumlah,Total,,2025-08,100.0,,1.2b!R9C14
1.2b,share_pct,,Jumlah,Total,,2025-09,100.0,,1.2b!R9C15
1.2b,share_pct,,Jumlah,Total,,2025-10,100.0,,1.2b!R9C16
1.2b,share_pct,,Jumlah,Total,,2025-11,100.0,,1.2b!R9C17
1.2b,share_pct,,Jumlah,Total,,2025-12,100.0,,1.2b!R9C18
1.2b,share_pct,,Jumlah,Total,,2026-01,100.0,,1.2b!R9C19
1.2b,share_pct,,Jumlah,Total,,2026-02,100.0,,1.2b!R9C20
1.2b,share_pct,,Jumlah,Total,,2026-03,100.0,,1.2b!R9C21
1.2b,share_pct,,Pertanian,Agriculture,,2024-10,1.9,,1.2b!R10C4
1.2b,share_pct,,Pertanian,Agriculture,,2024-11,1.9,,1.2b!R10C5
1.2b,share_pct,,Pertanian,Agriculture,,2024-12,1.9,,1.2b!R10C6
1.2b,share_pct,,Pertanian,Agriculture,,2025-01,1.8846542434425277,,1.2b!R10C7
1.2b,share_pct,,Pertanian,Agriculture,,2025-02,1.8918997640133783,,1.2b!R10C8
1.2b,share_pct,,Pertanian,Agriculture,,2025-03,1.8813120634360259,,1.2b!R10C9
1.2b,share_pct,,Pertanian,Agriculture,,2025-04,1.8633733500931944,,1.2b!R10C10
1.2b,share_pct,,Pertanian,Agriculture,,2025-05,1.8580610977329868,,1.2b!R10C11
1.2b,share_pct,,Pertanian,Agriculture,,2025-06,1.857653191966201,,1.2b!R10C12
1.2b,share_pct,,Pertanian,Agriculture,,2025-07,1.8499860359909008,,1.2b!R10C13
1.2b,share_pct,,Pertanian,Agriculture,,2025-08,1.8478458026071038,,1.2b!R10C14
1.2b,share_pct,,Pertanian,Agriculture,,2025-09,1.847718507030182,,1.2b!R10C15
1.2b,share_pct,,Pertanian,Agriculture,,2025-10,1.8474665344136074,,1.2b!R10C16
1.2b,share_pct,,Pertanian,Agriculture,,2025-11,1.846481154367895,,1.2b!R10C17
1.2b,share_pct,,Pertanian,Agriculture,,2025-12,1.8429130813963752,,1.2b!R10C18
1.2b,share_pct,,Pertanian,Agriculture,,2026-01,1.8440293329303996,,1.2b!R10C19
1.2b,share_pct,,Pertanian,Agriculture,,2026-02,1.8515196530249693,,1.2b!R10C20
1.2b,share_pct,,Pertanian,Agriculture,,2026-03,1.8464484821449727,,1.2b!R10C21
1.2b,share_pct,,Perlombongan dan pengkuarian,Mining and quarrying,,2024-10,0.6,,1.2b!R11C4
1.2b,share_pct,,Perlombongan dan pengkuarian,Mining and quarrying,,2024-11,0.6,,1.2b!R11C5
1.2b,share_pct,,Perlombongan dan pengkuarian,Mining and quarrying,,2024-12,0.6,,1.2b!R11C6
1.2b,share_pct,,Perlombongan dan pengkuarian,Mining and quarrying,,2025-01,0.559651635573444,,1.2b!R11C7
1.2b,share_pct,,Perlombongan dan pengkuarian,Mining and quarrying,,2025-02,0.5600339113411229,,1.2b!R11C8
1.2b,share_pct,,Perlombongan dan pengkuarian,Mining and quarrying,,2025-03,0.5609118634008399,,1.2b!R11C9
1.2b,share_pct,,Perlombongan dan pengkuarian,Mining and quarrying,,2025-04,0.5547769347303979,,1.2b!R11C10
1.2b,share_pct,,Perlombongan dan pengkuarian,Mining and quarrying,,2025-05,0.5541865810390005,,1.2b!R11C11
1.2b,share_pct,,Perlombongan dan pengkuarian,Mining and quarrying,,2025-06,0.558349094517461,,1.2b!R11C12
1.2b,share_pct,,Perlombongan dan pengkuarian,Mining and quarrying,,2025-07,0.5595552551931546,,1.2b!R11C13
1.2b,share_pct,,Perlombongan dan pengkuarian,Mining and quarrying,,2025-08,0.5578054297679221,,1.2b!R11C14
1.2b,share_pct,,Perlombongan dan pengkuarian,Mining and quarrying,,2025-09,0.5569528622964127,,1.2b!R11C15
1.2b,share_pct,,Perlombongan dan pengkuarian,Mining and quarrying,,2025-10,0.5544749133186218,,1.2b!R11C16
1.2b,share_pct,,Perlombongan dan pengkuarian,Mining and quarrying,,2025-11,0.5530631904715231,,1.2b!R11C17
1.2b,share_pct,,Perlombongan dan pengkuarian,Mining and quarrying,,2025-12,0.5488473584046267,,1.2b!R11C18
1.2b,share_pct,,Perlombongan dan pengkuarian,Mining and quarrying,,2026-01,0.5436212212423879,,1.2b!R11C19
1.2b,share_pct,,Perlombongan dan pengkuarian,Mining and quarrying,,2026-02,0.5433159270639443,,1.2b!R11C20
1.2b,share_pct,,Perlombongan dan pengkuarian,Mining and quarrying,,2026-03,0.5450569382743164,,1.2b!R11C21
1.2b,share_pct,,Pembuatan,Manufacturing,,2024-10,17.8,,1.2b!R12C4
1.2b,share_pct,,Pembuatan,Manufacturing,,2024-11,17.8,,1.2b!R12C5
1.2b,share_pct,,Pembuatan,Manufacturing,,2024-12,17.8,,1.2b!R12C6
1.2b,share_pct,,Pembuatan,Manufacturing,,2025-01,17.758123365686536,,1.2b!R12C7
1.2b,share_pct,,Pembuatan,Manufacturing,,2025-02,17.808924614538675,,1.2b!R12C8
1.2b,share_pct,,Pembuatan,Manufacturing,,2025-03,17.57373055896986,,1.2b!R12C9
1.2b,share_pct,,Pembuatan,Manufacturing,,2025-04,17.630070784118516,,1.2b!R12C10
1.2b,share_pct,,Pembuatan,Manufacturing,,2025-05,17.631164466359543,,1.2b!R12C11
1.2b,share_pct,,Pembuatan,Manufacturing,,2025-06,17.63942657698646,,1.2b!R12C12
1.2b,share_pct,,Pembuatan,Manufacturing,,2025-07,17.596172227042707,,1.2b!R12C13
1.2b,share_pct,,Pembuatan,Manufacturing,,2025-08,17.615848021225617,,1.2b!R12C14
1.2b,share_pct,,Pembuatan,Manufacturing,,2025-09,17.596272450439542,,1.2b!R12C15
1.2b,share_pct,,Pembuatan,Manufacturing,,2025-10,17.559749891121932,,1.2b!R12C16
1.2b,share_pct,,Pembuatan,Manufacturing,,2025-11,17.579808603899803,,1.2b!R12C17
1.2b,share_pct,,Pembuatan,Manufacturing,,2025-12,17.592463782443975,,1.2b!R12C18
1.2b,share_pct,,Pembuatan,Manufacturing,,2026-01,17.5666123281024,,1.2b!R12C19
1.2b,share_pct,,Pembuatan,Manufacturing,,2026-02,17.639985500944917,,1.2b!R12C20
1.2b,share_pct,,Pembuatan,Manufacturing,,2026-03,17.490799964983324,,1.2b!R12C21
1.2b,share_pct,,Pembinaan,Construction,,2024-10,6.3,,1.2b!R21C4
1.2b,share_pct,,Pembinaan,Construction,,2024-11,6.3,,1.2b!R21C5
1.2b,share_pct,,Pembinaan,Construction,,2024-12,6.3,,1.2b!R21C6
1.2b,share_pct,,Pembinaan,Construction,,2025-01,6.265493379528755,,1.2b!R21C7
1.2b,share_pct,,Pembinaan,Construction,,2025-02,6.201653310946565,,1.2b!R21C8
1.2b,share_pct,,Pembinaan,Construction,,2025-03,5.994380861925331,,1.2b!R21C9
1.2b,share_pct,,Pembinaan,Construction,,2025-04,6.273690914147553,,1.2b!R21C10
1.2b,share_pct,,Pembinaan,Construction,,2025-05,6.2780198113217045,,1.2b!R21C11
1.2b,share_pct,,Pembinaan,Construction,,2025-06,6.26170251780074,,1.2b!R21C12
1.2b,share_pct,,Pembinaan,Construction,,2025-07,6.338125155895903,,1.2b!R21C13
1.2b,share_pct,,Pembinaan,Construction,,2025-08,6.326880624074452,,1.2b!R21C14
1.2b,share_pct,,Pembinaan,Construction,,2025-09,6.316010697757733,,1.2b!R21C15
1.2b,share_pct,,Pembinaan,Construction,,2025-10,6.337305029706691,,1.2b!R21C16
1.2b,share_pct,,Pembinaan,Construction,,2025-11,6.300815854129247,,1.2b!R21C17
1.2b,share_pct,,Pembinaan,Construction,,2025-12,6.287134690822296,,1.2b!R21C18
1.2b,share_pct,,Pembinaan,Construction,,2026-01,6.290655863596586,,1.2b!R21C19
1.2b,share_pct,,Pembinaan,Construction,,2026-02,6.2310059388607995,,1.2b!R21C20
1.2b,share_pct,,Pembinaan,Construction,,2026-03,6.035977787397432,,1.2b!R21C21
1.2b,share_pct,,Perkhidmatan,Services,,2024-10,67.7,,1.2b!R22C4
1.2b,share_pct,,Perkhidmatan,Services,,2024-11,67.7,,1.2b!R22C5
1.2b,share_pct,,Perkhidmatan,Services,,2024-12,67.7,,1.2b!R22C6
1.2b,share_pct,,Perkhidmatan,Services,,2025-01,67.64538430613686,,1.2b!R22C7
1.2b,share_pct,,Perkhidmatan,Services,,2025-02,67.51985172215824,,1.2b!R22C8
1.2b,share_pct,,Perkhidmatan,Services,,2025-03,68.04393701543849,,1.2b!R22C9
1.2b,share_pct,,Perkhidmatan,Services,,2025-04,67.84771193921306,,1.2b!R22C10
1.2b,share_pct,,Perkhidmatan,Services,,2025-05,67.8117583572766,,1.2b!R22C11
1.2b,share_pct,,Perkhidmatan,Services,,2025-06,67.79997974074465,,1.2b!R22C12
1.2b,share_pct,,Perkhidmatan,Services,,2025-07,67.9487829992986,,1.2b!R22C13
1.2b,share_pct,,Perkhidmatan,Services,,2025-08,67.91442195705656,,1.2b!R22C14
1.2b,share_pct,,Perkhidmatan,Services,,2025-09,67.92625508188841,,1.2b!R22C15
1.2b,share_pct,,Perkhidmatan,Services,,2025-10,68.06210345489886,,1.2b!R22C16
1.2b,share_pct,,Perkhidmatan,Services,,2025-11,68.05060465253112,,1.2b!R22C17
1.2b,share_pct,,Perkhidmatan,Services,,2025-12,68.0745853915168,,1.2b!R22C18
1.2b,share_pct,,Perkhidmatan,Services,,2026-01,67.95399545342688,,1.2b!R22C19
1.2b,share_pct,,Perkhidmatan,Services,,2026-02,67.83722618155767,,1.2b!R22C20
1.2b,share_pct,,Perkhidmatan,Services,,2026-03,68.27277988544667,,1.2b!R22C21
1.2b,share_pct,,Tidak dikelaskan,Unclassified,,2024-10,5.7,,1.2b!R31C4
1.2b,share_pct,,Tidak dikelaskan,Unclassified,,2024-11,5.7,,1.2b!R31C5
1.2b,share_pct,,Tidak dikelaskan,Unclassified,,2024-12,5.7,,1.2b!R31C6
1.2b,share_pct,,Tidak dikelaskan,Unclassified,,2025-01,5.886693069631862,,1.2b!R31C7
1.2b,share_pct,,Tidak dikelaskan,Unclassified,,2025-02,6.017636677002016,,1.2b!R31C8
1.2b,share_pct,,Tidak dikelaskan,Unclassified,,2025-03,5.94572763682946,,1.2b!R31C9
1.2b,share_pct,,Tidak dikelaskan,Unclassified,,2025-04,5.830376077697273,,1.2b!R31C10
1.2b,share_pct,,Tidak dikelaskan,Unclassified,,2025-05,5.8668096862701615,,1.2b!R31C11
1.2b,share_pct,,Tidak dikelaskan,Unclassified,,2025-06,5.882888877984473,,1.2b!R31C12
1.2b,share_pct,,Tidak dikelaskan,Unclassified,,2025-07,5.707378326578732,,1.2b!R31C13
1.2b,share_pct,,Tidak dikelaskan,Unclassified,,2025-08,5.737198165268344,,1.2b!R31C14
1.2b,share_pct,,Tidak dikelaskan,Unclassified,,2025-09,5.756790400587719,,1.2b!R31C15
1.2b,share_pct,,Tidak dikelaskan,Unclassified,,2025-10,5.638900176540282,,1.2b!R31C16
1.2b,share_pct,,Tidak dikelaskan,Unclassified,,2025-11,5.669226544600417,,1.2b!R31C17
1.2b,share_pct,,Tidak dikelaskan,Unclassified,,2025-12,5.654055695415915,,1.2b!R31C18
1.2b,share_pct,,Tidak dikelaskan,Unclassified,,2026-01,5.801085800701336,,1.2b!R31C19
1.2b,share_pct,,Tidak dikelaskan,Unclassified,,2026-02,5.896946798547703,,1.2b!R31C20
1.2b,share_pct,,Tidak dikelaskan,Unclassified,,2026-03,5.808936941753283,,1.2b!R31C21
1.2c,mom_pct,,Jumlah,Total,,2024-10,0.4,,1.2c!R9C4
1.2c,mom_pct,,Jumlah,Total,,2024-11,-0.2,,1.2c!R9C5
1.2c,mom_pct,,Jumlah,Total,,2024-12,0.0,,1.2c!R9C6
1.2c,mom_pct,,Jumlah,Total,,2025-01,-0.0870972265608172,,1.2c!R9C7
1.2c,mom_pct,,Jumlah,Total,,2025-02,-0.9080219225093611,,1.2c!R9C8
1.2c,mom_pct,,Jumlah,Total,,2025-03,0.34430301740853153,,1.2c!R9C9
1.2c,mom_pct,,Jumlah,Total,,2025-04,2.3567787262520845,,1.2c!R9C10
1.2c,mom_pct,,Jumlah,Total,,2025-05,0.08834339366461386,,1.2c!R9C11
1.2c,mom_pct,,Jumlah,Total,,2025-06,0.24106512210098074,,1.2c!R9C12
1.2c,mom_pct,,Jumlah,Total,,2025-07,0.951137603100527,,1.2c!R9C13
1.2c,mom_pct,,Jumlah,Total,,2025-08,0.1404360039767294,,1.2c!R9C14
1.2c,mom_pct,,Jumlah,Total,,2025-09,0.15052883792474603,,1.2c!R9C15
1.2c,mom_pct,,Jumlah,Total,,2025-10,0.12486480419566792,,1.2c!R9C16
1.2c,mom_pct,,Jumlah,Total,,2025-11,0.0709954349765507,,1.2c!R9C17
1.2c,mom_pct,,Jumlah,Total,,2025-12,0.14449258506654683,,1.2c!R9C18
1.2c,mom_pct,,Jumlah,Total,,2026-01,-0.0804465802082488,,1.2c!R9C19
1.2c,mom_pct,,Jumlah,Total,,2026-02,-0.7190754651134723,,1.2c!R9C20
1.2c,mom_pct,,Jumlah,Total,,2026-03,0.3440393422121435,,1.2c!R9C21
1.2c,mom_pct,,Pertanian,Agriculture,,2024-10,0.2,,1.2c!R10C4
1.2c,mom_pct,,Pertanian,Agriculture,,2024-11,-0.3,,1.2c!R10C5
1.2c,mom_pct,,Pertanian,Agriculture,,2024-12,0.0,,1.2c!R10C6
1.2c,mom_pct,,Pertanian,Agriculture,,2025-01,-0.42882244119172297,,1.2c!R10C7
1.2c,mom_pct,,Pertanian,Agriculture,,2025-02,-0.5270645304228161,,1.2c!R10C8
1.2c,mom_pct,,Pertanian,Agriculture,,2025-03,-0.21725709016169326,,1.2c!R10C9
1.2c,mom_pct,,Pertanian,Agriculture,,2025-04,1.3807849249301007,,1.2c!R10C10
1.2c,mom_pct,,Pertanian,Agriculture,,2025-05,-0.19699638453694046,,1.2c!R10C11
1.2c,mom_pct,,Pertanian,Agriculture,,2025-06,0.21905889820341695,,1.2c!R10C12
1.2c,mom_pct,,Pertanian,Agriculture,,2025-07,0.5344784972812544,,1.2c!R10C13
1.2c,mom_pct,,Pertanian,Agriculture,,2025-08,0.024584370486468998,,1.2c!R10C14
1.2c,mom_pct,,Pertanian,Agriculture,,2025-09,0.1436296045961516,,1.2c!R10C15
1.2c,mom_pct,,Pertanian,Agriculture,,2025-10,0.11121081736114036,,1.2c!R10C16
1.2c,mom_pct,,Pertanian,Agriculture,,2025-11,0.01762074037754413,,1.2c!R10C17
1.2c,mom_pct,,Pertanian,Agriculture,,2025-12,-0.049022987185076694,,1.2c!R10C18
1.2c,mom_pct,,Pertanian,Agriculture,,2026-01,-0.019925356548911033,,1.2c!R10C19
1.2c,mom_pct,,Pertanian,Agriculture,,2026-02,-0.3158031902254388,,1.2c!R10C20
1.2c,mom_pct,,Pertanian,Agriculture,,2026-03,0.06920468438820215,,1.2c!R10C21
1.2c,mom_pct,,Perlombongan dan pengkuarian,Mining and quarrying,,2024-10,-0.3,,1.2c!R11C4
1.2c,mom_pct,,Perlombongan dan pengkuarian,Mining and quarrying,,2024-11,-0.7,,1.2c!R11C5
1.2c,mom_pct,,Perlombongan dan pengkuarian,Mining and quarrying,,2024-12,-0.8,,1.2c!R11C6
1.2c,mom_pct,,Perlombongan dan pengkuarian,Mining and quarrying,,2025-01,0.5448515476942584,,1.2c!R11C7
1.2c,mom_pct,,Perlombongan dan pengkuarian,Mining and quarrying,,2025-02,-0.8403361344537785,,1.2c!R11C8
1.2c,mom_pct,,Perlombongan dan pengkuarian,Mining and quarrying,,2025-03,0.5016104334970128,,1.2c!R11C9
1.2c,mom_pct,,Perlombongan dan pengkuarian,Mining and quarrying,,2025-04,1.2372596406430736,,1.2c!R11C10
1.2c,mom_pct,,Perlombongan dan pengkuarian,Mining and quarrying,,2025-05,-0.0181634188743951,,1.2c!R11C11
1.2c,mom_pct,,Perlombongan dan pengkuarian,Mining and quarrying,,2025-06,0.9939790304162921,,1.2c!R11C12
1.2c,mom_pct,,Perlombongan dan pengkuarian,Mining and quarrying,,2025-07,1.169214955672615,,1.2c!R11C13
1.2c,mom_pct,,Perlombongan dan pengkuarian,Mining and quarrying,,2025-08,-0.17272034544068005,,1.2c!R11C14
1.2c,mom_pct,,Perlombongan dan pengkuarian,Mining and quarrying,,2025-09,-0.002544399776083228,,1.2c!R11C15
1.2c,mom_pct,,Perlombongan dan pengkuarian,Mining and quarrying,,2025-10,-0.32060252919774435,,1.2c!R11C16
1.2c,mom_pct,,Perlombongan dan pengkuarian,Mining and quarrying,,2025-11,-0.18379068283342903,,1.2c!R11C17
1.2c,mom_pct,,Perlombongan dan pengkuarian,Mining and quarrying,,2025-12,-0.6188783469299186,,1.2c!R11C18
1.2c,mom_pct,,Perlombongan dan pengkuarian,Mining and quarrying,,2026-01,-1.0318828645685785,,1.2c!R11C19
1.2c,mom_pct,,Perlombongan dan pengkuarian,Mining and quarrying,,2026-02,-0.774830993239739,,1.2c!R11C20
1.2c,mom_pct,,Perlombongan dan pengkuarian,Mining and quarrying,,2026-03,0.6655835648026853,,1.2c!R11C21
1.2c,mom_pct,,Pembuatan,Manufacturing,,2024-10,-0.1,,1.2c!R12C4
1.2c,mom_pct,,Pembuatan,Manufacturing,,2024-11,-0.2,,1.2c!R12C5
1.2c,mom_pct,,Pembuatan,Manufacturing,,2024-12,0.0,,1.2c!R12C6
1.2c,mom_pct,,Pembuatan,Manufacturing,,2025-01,-0.4016539465294233,,1.2c!R12C7
1.2c,mom_pct,,Pembuatan,Manufacturing,,2025-02,-0.6245462345719655,,1.2c!R12C8
1.2c,mom_pct,,Pembuatan,Manufacturing,,2025-03,-0.9808967962075865,,1.2c!R12C9
1.2c,mom_pct,,Pembuatan,Manufacturing,,2025-04,2.684927831507644,,1.2c!R12C10
1.2c,mom_pct,,Pembuatan,Manufacturing,,2025-05,0.09455237858837506,,1.2c!R12C11
1.2c,mom_pct,,Pembuatan,Manufacturing,,2025-06,0.28803892073911985,,1.2c!R12C12
1.2c,mom_pct,,Pembuatan,Manufacturing,,2025-07,0.7035912435833014,,1.2c!R12C13
1.2c,mom_pct,,Pembuatan,Manufacturing,,2025-08,0.2524116417903288,,1.2c!R12C14
1.2c,mom_pct,,Pembuatan,Manufacturing,,2025-09,0.039236792025665324,,1.2c!R12C15
1.2c,mom_pct,,Pembuatan,Manufacturing,,2025-10,-0.08295286424966353,,1.2c!R12C16
1.2c,mom_pct,,Pembuatan,Manufacturing,,2025-11,0.18530773254752386,,1.2c!R12C17
1.2c,mom_pct,,Pembuatan,Manufacturing,,2025-12,0.21658361076739574,,1.2c!R12C18
1.2c,mom_pct,,Pembuatan,Manufacturing,,2026-01,-0.2272745518332231,,1.2c!R12C19
1.2c,mom_pct,,Pembuatan,Manufacturing,,2026-02,-0.3043935503649342,,1.2c!R12C20
1.2c,mom_pct,,Pembuatan,Manufacturing,,2026-03,-0.5045939681166511,,1.2c!R12C21
1.2c,mom_pct,,Pembinaan,Construction,,2024-10,1.0,,1.2c!R21C4
1.2c,mom_pct,,Pembinaan,Construction,,2024-11,-0.9,,1.2c!R21C5
1.2c,mom_pct,,Pembinaan,Construction,,2024-12,-0.1,,1.2c!R21C6
1.2c,mom_pct,,Pembinaan,Construction,,2025-01,0.01637116710049291,,1.2c!R21C7
1.2c,mom_pct,,Pembinaan,Construction,,2025-02,-1.9176852152806845,,1.2c!R21C8
1.2c,mom_pct,,Pembinaan,Construction,,2025-03,-3.009417093813327,,1.2c!R21C9
1.2c,mom_pct,,Pembinaan,Construction,,2025-04,7.126124863885619,,1.2c!R21C10
1.2c,mom_pct,,Pembinaan,Construction,,2025-05,0.1574051553630218,,1.2c!R21C11
1.2c,mom_pct,,Pembinaan,Construction,,2025-06,-0.019472902882911036,,1.2c!R21C12
1.2c,mom_pct,,Pembinaan,Construction,,2025-07,2.183223003581425,,1.2c!R21C13
1.2c,mom_pct,,Pembinaan,Construction,,2025-08,-0.03722415443987437,,1.2c!R21C14
1.2c,mom_pct,,Pembinaan,Construction,,2025-09,-0.02153523815505709,,1.2c!R21C15
1.2c,mom_pct,,Pembinaan,Construction,,2025-10,0.46243423045424503,,1.2c!R21C16
1.2c,mom_pct,,Pembinaan,Construction,,2025-11,-0.5051971430230506,,1.2c!R21C17
1.2c,mom_pct,,Pembinaan,Construction,,2025-12,-0.07295435975254172,,1.2c!R21C18
1.2c,mom_pct,,Pembinaan,Construction,,2026-01,-0.024485633223181313,,1.2c!R21C19
1.2c,mom_pct,,Pembinaan,Construction,,2026-02,-1.6604875856645274,,1.2c!R21C20
1.2c,mom_pct,,Pembinaan,Construction,,2026-03,-2.7966914956815803,,1.2c!R21C21
1.2c,mom_pct,,Perkhidmatan,Services,,2024-10,0.4,,1.2c!R22C4
1.2c,mom_pct,,Perkhidmatan,Services,,2024-11,-0.1,,1.2c!R22C5
1.2c,mom_pct,,Perkhidmatan,Services,,2024-12,0.1,,1.2c!R22C6
1.2c,mom_pct,,Perkhidmatan,Services,,2025-01,-0.24095318244230501,,1.2c!R22C7
1.2c,mom_pct,,Perkhidmatan,Services,,2025-02,-1.0919113657761215,,1.2c!R22C8
1.2c,mom_pct,,Perkhidmatan,Services,,2025-03,1.123169856338846,,1.2c!R22C9
1.2c,mom_pct,,Perkhidmatan,Services,,2025-04,2.0616022918962917,,1.2c!R22C10
1.2c,mom_pct,,Perkhidmatan,Services,,2025-05,0.035304988208673116,,1.2c!R22C11
1.2c,mom_pct,,Perkhidmatan,Services,,2025-06,0.2236536717061144,,1.2c!R22C12
1.2c,mom_pct,,Perkhidmatan,Services,,2025-07,1.1726990001320603,,1.2c!R22C13
1.2c,mom_pct,,Perkhidmatan,Services,,2025-08,0.08979595422475839,,1.2c!R22C14
1.2c,mom_pct,,Perkhidmatan,Services,,2025-09,0.16797864719302336,,1.2c!R22C15
1.2c,mom_pct,,Perkhidmatan,Services,,2025-10,0.3251084355447409,,1.2c!R22C16
1.2c,mom_pct,,Perkhidmatan,Services,,2025-11,0.054088866697887816,,1.2c!R22C17
1.2c,mom_pct,,Perkhidmatan,Services,,2025-12,0.17978307145971595,,1.2c!R22C18
1.2c,mom_pct,,Perkhidmatan,Services,,2026-01,-0.25744791913034915,,1.2c!R22C19
1.2c,mom_pct,,Perkhidmatan,Services,,2026-02,-0.8896756070342904,,1.2c!R22C20
1.2c,mom_pct,,Perkhidmatan,Services,,2026-03,0.9883053368404227,,1.2c!R22C21
1.2c,mom_pct,,Tidak dikelaskan,Unclassified,,2024-10,5.7,,1.2c!R31C4
1.2c,mom_pct,,Tidak dikelaskan,Unclassified,,2024-11,5.7,,1.2c!R31C5
1.2c,mom_pct,,Tidak dikelaskan,Unclassified,,2024-12,5.7,,1.2c!R31C6
1.2c,mom_pct,,Tidak dikelaskan,Unclassified,,2025-01,2.648500749816707,,1.2c!R31C7
1.2c,mom_pct,,Tidak dikelaskan,Unclassified,,2025-02,1.2961801511214732,,1.2c!R31C8
1.2c,mom_pct,,Tidak dikelaskan,Unclassified,,2025-03,-0.8547827539778563,,1.2c!R31C9
1.2c,mom_pct,,Tidak dikelaskan,Unclassified,,2025-04,0.3709807322966441,,1.2c!R31C10
1.2c,mom_pct,,Tidak dikelaskan,Unclassified,,2025-05,0.7137883868036932,,1.2c!R31C11
1.2c,mom_pct,,Tidak dikelaskan,Unclassified,,2025-06,0.5157962604771082,,1.2c!R31C12
1.2c,mom_pct,,Tidak dikelaskan,Unclassified,,2025-07,-2.0606462658865343,,1.2c!R31C13
1.2c,mom_pct,,Tidak dikelaskan,Unclassified,,2025-08,0.6636484978882917,,1.2c!R31C14
1.2c,mom_pct,,Tidak dikelaskan,Unclassified,,2025-09,0.4925377195825087,,1.2c!R31C15
1.2c,mom_pct,,Tidak dikelaskan,Unclassified,,2025-10,-1.9255386190870083,,1.2c!R31C16
1.2c,mom_pct,,Tidak dikelaskan,Unclassified,,2025-11,0.6091836888369118,,1.2c!R31C17
1.2c,mom_pct,,Tidak dikelaskan,Unclassified,,2025-12,-0.12349405856363349,,1.2c!R31C18
1.2c,mom_pct,,Tidak dikelaskan,Unclassified,,2026-01,2.5178975555411265,,1.2c!R31C19
1.2c,mom_pct,,Tidak dikelaskan,Unclassified,,2026-02,0.9215085255376287,,1.2c!R31C20
1.2c,mom_pct,,Tidak dikelaskan,Unclassified,,2026-03,-1.15356015026703,,1.2c!R31C21
1.2d,yoy_pct,,Jumlah,Total,,2024-10,2.1,,1.2d!R9C4
1.2d,yoy_pct,,Jumlah,Total,,2024-11,2.3,,1.2d!R9C5
1.2d,yoy_pct,,Jumlah,Total,,2024-12,2.3,,1.2d!R9C6
1.2d,yoy_pct,,Jumlah,Total,,2025-01,3.062025845322758,,1.2d!R9C7
1.2d,yoy_pct,,Jumlah,Total,,2025-02,3.448155084156257,,1.2d!R9C8
1.2d,yoy_pct,,Jumlah,Total,,2025-03,3.6489695284394497,,1.2d!R9C9
1.2d,yoy_pct,,Jumlah,Total,,2025-04,3.251104596730614,,1.2d!R9C10
1.2d,yoy_pct,,Jumlah,Total,,2025-05,3.511294710555468,,1.2d!R9C11
1.2d,yoy_pct,,Jumlah,Total,,2025-06,3.545918060359421,,1.2d!R9C12
1.2d,yoy_pct,,Jumlah,Total,,2025-07,3.454246060995847,,1.2d!R9C13
1.2d,yoy_pct,,Jumlah,Total,,2025-08,3.481080236388001,,1.2d!R9C14
1.2d,yoy_pct,,Jumlah,Total,,2025-09,3.512855139870208,,1.2d!R9C15
1.2d,yoy_pct,,Jumlah,Total,,2025-10,3.2609912538829278,,1.2d!R9C16
1.2d,yoy_pct,,Jumlah,Total,,2025-11,3.5320866691433306,,1.2d!R9C17
1.2d,yoy_pct,,Jumlah,Total,,2025-12,3.6453336526410363,,1.2d!R9C18
1.2d,yoy_pct,,Jumlah,Total,,2026-01,3.6522327461623316,,1.2d!R9C19
1.2d,yoy_pct,,Jumlah,Total,,2026-02,3.8498745993025274,,1.2d!R9C20
1.2d,yoy_pct,,Jumlah,Total,,2026-03,3.8496017124992177,,1.2d!R9C21
1.2d,yoy_pct,,Pertanian,Agriculture,,2024-10,-0.3,,1.2d!R10C4
1.2d,yoy_pct,,Pertanian,Agriculture,,2024-11,-0.1,,1.2d!R10C5
1.2d,yoy_pct,,Pertanian,Agriculture,,2024-12,-0.1,,1.2d!R10C6
1.2d,yoy_pct,,Pertanian,Agriculture,,2025-01,0.24703865336659359,,1.2d!R10C7
1.2d,yoy_pct,,Pertanian,Agriculture,,2025-02,0.9721685197313867,,1.2d!R10C8
1.2d,yoy_pct,,Pertanian,Agriculture,,2025-03,0.8299770986338162,,1.2d!R10C9
1.2d,yoy_pct,,Pertanian,Agriculture,,2025-04,0.3667491141419177,,1.2d!R10C10
1.2d,yoy_pct,,Pertanian,Agriculture,,2025-05,0.3456471757907087,,1.2d!R10C11
1.2d,yoy_pct,,Pertanian,Agriculture,,2025-06,0.3246728088459827,,1.2d!R10C12
1.2d,yoy_pct,,Pertanian,Agriculture,,2025-07,0.49101352603297954,,1.2d!R10C13
1.2d,yoy_pct,,Pertanian,Agriculture,,2025-08,0.5172706638049362,,1.2d!R10C14
1.2d,yoy_pct,,Pertanian,Agriculture,,2025-09,0.726966517822647,,1.2d!R10C15
1.2d,yoy_pct,,Pertanian,Agriculture,,2025-10,0.649260521567463,,1.2d!R10C16
1.2d,yoy_pct,,Pertanian,Agriculture,,2025-11,1.0112655132926696,,1.2d!R10C17
1.2d,yoy_pct,,Pertanian,Agriculture,,2025-12,1.0031658552066336,,1.2d!R10C18
1.2d,yoy_pct,,Pertanian,Agriculture,,2026-01,1.417943515473774,,1.2d!R10C19
1.2d,yoy_pct,,Pertanian,Agriculture,,2026-02,1.6333356778343022,,1.2d!R10C20
1.2d,yoy_pct,,Pertanian,Agriculture,,2026-03,1.9251102356654615,,1.2d!R10C21
1.2d,yoy_pct,,Perlombongan dan pengkuarian,Mining and quarrying,,2024-10,4.8,,1.2d!R11C4
1.2d,yoy_pct,,Perlombongan dan pengkuarian,Mining and quarrying,,2024-11,4.1,,1.2d!R11C5
1.2d,yoy_pct,,Perlombongan dan pengkuarian,Mining and quarrying,,2024-12,3.3,,1.2d!R11C6
1.2d,yoy_pct,,Perlombongan dan pengkuarian,Mining and quarrying,,2025-01,4.041944709246881,,1.2d!R11C7
1.2d,yoy_pct,,Perlombongan dan pengkuarian,Mining and quarrying,,2025-02,3.3985750552780303,,1.2d!R11C8
1.2d,yoy_pct,,Perlombongan dan pengkuarian,Mining and quarrying,,2025-03,2.750411617047699,,1.2d!R11C9
1.2d,yoy_pct,,Perlombongan dan pengkuarian,Mining and quarrying,,2025-04,1.1177288589195422,,1.2d!R11C10
1.2d,yoy_pct,,Perlombongan dan pengkuarian,Mining and quarrying,,2025-05,0.9827816652252519,,1.2d!R11C11
1.2d,yoy_pct,,Perlombongan dan pengkuarian,Mining and quarrying,,2025-06,1.507681873907707,,1.2d!R11C12
1.2d,yoy_pct,,Perlombongan dan pengkuarian,Mining and quarrying,,2025-07,2.0873849345261153,,1.2d!R11C13
1.2d,yoy_pct,,Perlombongan dan pengkuarian,Mining and quarrying,,2025-08,1.4768912987348282,,1.2d!R11C14
1.2d,yoy_pct,,Perlombongan dan pengkuarian,Mining and quarrying,,2025-09,1.6448984870037542,,1.2d!R11C15
1.2d,yoy_pct,,Perlombongan dan pengkuarian,Mining and quarrying,,2025-10,1.5791111341596054,,1.2d!R11C16
1.2d,yoy_pct,,Perlombongan dan pengkuarian,Mining and quarrying,,2025-11,2.0992715214496416,,1.2d!R11C17
1.2d,yoy_pct,,Perlombongan dan pengkuarian,Mining and quarrying,,2025-12,2.2873236470835945,,1.2d!R11C18
1.2d,yoy_pct,,Perlombongan dan pengkuarian,Mining and quarrying,,2026-01,0.6832639597895263,,1.2d!R11C19
1.2d,yoy_pct,,Perlombongan dan pengkuarian,Mining and quarrying,,2026-02,0.7497755953323804,,1.2d!R11C20
1.2d,yoy_pct,,Perlombongan dan pengkuarian,Mining and quarrying,,2026-03,0.9141536198381761,,1.2d!R11C21
1.2d,yoy_pct,,Pembuatan,Manufacturing,,2024-10,0.0,,1.2d!R12C4
1.2d,yoy_pct,,Pembuatan,Manufacturing,,2024-11,0.2,,1.2d!R12C5
1.2d,yoy_pct,,Pembuatan,Manufacturing,,2024-12,0.5,,1.2d!R12C6
1.2d,yoy_pct,,Pembuatan,Manufacturing,,2025-01,0.7851912089849256,,1.2d!R12C7
1.2d,yoy_pct,,Pembuatan,Manufacturing,,2025-02,1.173757030446776,,1.2d!R12C8
1.2d,yoy_pct,,Pembuatan,Manufacturing,,2025-03,2.432558007714025,,1.2d!R12C9
1.2d,yoy_pct,,Pembuatan,Manufacturing,,2025-04,1.1236808577923307,,1.2d!R12C10
1.2d,yoy_pct,,Pembuatan,Manufacturing,,2025-05,1.429254626419607,,1.2d!R12C11
1.2d,yoy_pct,,Pembuatan,Manufacturing,,2025-06,1.7193904483272737,,1.2d!R12C12
1.2d,yoy_pct,,Pembuatan,Manufacturing,,2025-07,1.5913328037916896,,1.2d!R12C13
1.2d,yoy_pct,,Pembuatan,Manufacturing,,2025-08,1.6678953490277149,,1.2d!R12C14
1.2d,yoy_pct,,Pembuatan,Manufacturing,,2025-09,1.6962076531644499,,1.2d!R12C15
1.2d,yoy_pct,,Pembuatan,Manufacturing,,2025-10,1.752856429313665,,1.2d!R12C16
1.2d,yoy_pct,,Pembuatan,Manufacturing,,2025-11,2.1380205765374916,,1.2d!R12C17
1.2d,yoy_pct,,Pembuatan,Manufacturing,,2025-12,2.3551975072475306,,1.2d!R12C18
1.2d,yoy_pct,,Pembuatan,Manufacturing,,2026-01,2.534403669724772,,1.2d!R12C19
1.2d,yoy_pct,,Pembuatan,Manufacturing,,2026-02,2.864733377057904,,1.2d!R12C20
1.2d,yoy_pct,,Pembuatan,Manufacturing,,2026-03,3.359534499599648,,1.2d!R12C21
1.2d,yoy_pct,,Pembinaan,Construction,,2024-10,1.2,,1.2d!R21C4
1.2d,yoy_pct,,Pembinaan,Construction,,2024-11,0.9,,1.2d!R21C5
1.2d,yoy_pct,,Pembinaan,Construction,,2024-12,0.8,,1.2d!R21C6
1.2d,yoy_pct,,Pembinaan,Construction,,2025-01,2.558377679665602,,1.2d!R21C7
1.2d,yoy_pct,,Pembinaan,Construction,,2025-02,3.596806022421073,,1.2d!R21C8
1.2d,yoy_pct,,Pembinaan,Construction,,2025-03,4.4589830560697985,,1.2d!R21C9
1.2d,yoy_pct,,Pembinaan,Construction,,2025-04,2.949214920641663,,1.2d!R21C10
1.2d,yoy_pct,,Pembinaan,Construction,,2025-05,3.78916132468472,,1.2d!R21C11
1.2d,yoy_pct,,Pembinaan,Construction,,2025-06,3.7884463089403075,,1.2d!R21C12
1.2d,yoy_pct,,Pembinaan,Construction,,2025-07,3.853032822390201,,1.2d!R21C13
1.2d,yoy_pct,,Pembinaan,Construction,,2025-08,4.302119355910472,,1.2d!R21C14
1.2d,yoy_pct,,Pembinaan,Construction,,2025-09,4.164865085949998,,1.2d!R21C15
1.2d,yoy_pct,,Pembinaan,Construction,,2025-10,3.645147326729914,,1.2d!R21C16
1.2d,yoy_pct,,Pembinaan,Construction,,2025-11,4.057573584544261,,1.2d!R21C17
1.2d,yoy_pct,,Pembinaan,Construction,,2025-12,4.111033932751917,,1.2d!R21C18
1.2d,yoy_pct,,Pembinaan,Construction,,2026-01,4.068504458074451,,1.2d!R21C19
1.2d,yoy_pct,,Pembinaan,Construction,,2026-02,4.341399451662897,,1.2d!R21C20
1.2d,yoy_pct,,Pembinaan,Construction,,2026-03,4.570247304136643,,1.2d!R21C21
1.2d,yoy_pct,,Perkhidmatan,Services,,2024-10,2.6,,1.2d!R22C4
1.2d,yoy_pct,,Perkhidmatan,Services,,2024-11,3.0,,1.2d!R22C5
1.2d,yoy_pct,,Perkhidmatan,Services,,2024-12,3.0,,1.2d!R22C6
1.2d,yoy_pct,,Perkhidmatan,Services,,2025-01,3.6071157211246874,,1.2d!R22C7
1.2d,yoy_pct,,Perkhidmatan,Services,,2025-02,3.8328912527153536,,1.2d!R22C8
1.2d,yoy_pct,,Perkhidmatan,Services,,2025-03,3.7658518960258736,,1.2d!R22C9
1.2d,yoy_pct,,Perkhidmatan,Services,,2025-04,3.6828729118907333,,1.2d!R22C10
1.2d,yoy_pct,,Perkhidmatan,Services,,2025-05,3.891709228839324,,1.2d!R22C11
1.2d,yoy_pct,,Perkhidmatan,Services,,2025-06,3.8533954595633357,,1.2d!R22C12
1.2d,yoy_pct,,Perkhidmatan,Services,,2025-07,3.928187356159185,,1.2d!R22C13
1.2d,yoy_pct,,Perkhidmatan,Services,,2025-08,3.8934545021100497,,1.2d!R22C14
1.2d,yoy_pct,,Perkhidmatan,Services,,2025-09,3.921921479181667,,1.2d!R22C15
1.2d,yoy_pct,,Perkhidmatan,Services,,2025-10,3.8576379672402794,,1.2d!R22C16
1.2d,yoy_pct,,Perkhidmatan,Services,,2025-11,4.013578058922129,,1.2d!R22C17
1.2d,yoy_pct,,Perkhidmatan,Services,,2025-12,4.142333499341544,,1.2d!R22C18
1.2d,yoy_pct,,Perkhidmatan,Services,,2026-01,4.125114004729791,,1.2d!R22C19
1.2d,yoy_pct,,Perkhidmatan,Services,,2026-02,4.338016930320654,,1.2d!R22C20
1.2d,yoy_pct,,Perkhidmatan,Services,,2026-03,4.198864879027964,,1.2d!R22C21
1.2d,yoy_pct,,Tidak dikelaskan,Unclassified,,2024-10,5.7,,1.2d!R31C4
1.2d,yoy_pct,,Tidak dikelaskan,Unclassified,,2024-11,5.7,,1.2d!R31C5
1.2d,yoy_pct,,Tidak dikelaskan,Unclassified,,2024-12,5.7,,1.2d!R31C6
1.2d,yoy_pct,,Tidak dikelaskan,Unclassified,,2025-01,5.274245020515322,,1.2d!R31C7
1.2d,yoy_pct,,Tidak dikelaskan,Unclassified,,2025-02,6.782876077984845,,1.2d!R31C8
1.2d,yoy_pct,,Tidak dikelaskan,Unclassified,,2025-03,6.204484262444354,,1.2d!R31C9
1.2d,yoy_pct,,Tidak dikelaskan,Unclassified,,2025-04,6.389875386134869,,1.2d!R31C10
1.2d,yoy_pct,,Tidak dikelaskan,Unclassified,,2025-05,6.587075128558895,,1.2d!R31C11
1.2d,yoy_pct,,Tidak dikelaskan,Unclassified,,2025-06,6.668869330849714,,1.2d!R31C12
1.2d,yoy_pct,,Tidak dikelaskan,Unclassified,,2025-07,4.377932289297548,,1.2d!R31C13
1.2d,yoy_pct,,Tidak dikelaskan,Unclassified,,2025-08,4.580251417099368,,1.2d!R31C14
1.2d,yoy_pct,,Tidak dikelaskan,Unclassified,,2025-09,4.76413987326918,,1.2d!R31C15
1.2d,yoy_pct,,Tidak dikelaskan,Unclassified,,2025-10,1.5127463595479895,,1.2d!R31C16
1.2d,yoy_pct,,Tidak dikelaskan,Unclassified,,2025-11,2.5723110623194323,,1.2d!R31C17
1.2d,yoy_pct,,Tidak dikelaskan,Unclassified,,2025-12,2.2749975091268304,,1.2d!R31C18
1.2d,yoy_pct,,Tidak dikelaskan,Unclassified,,2026-01,2.1448695357843217,,1.2d!R31C19
1.2d,yoy_pct,,Tidak dikelaskan,Unclassified,,2026-02,1.7670588004049081,,1.2d!R31C20
1.2d,yoy_pct,,Tidak dikelaskan,Unclassified,,2026-03,1.460380397744876,,1.2d!R31C21
1.3a,employees_000,,Malaysia,Total,,2024-10,6842.1,,1.3a!R9C4
1.3a,employees_000,,Malaysia,Total,,2024-11,6829.1,,1.3a!R9C5
1.3a,employees_000,,Malaysia,Total,,2024-12,6831.4,,1.3a!R9C6
1.3a,employees_000,,Malaysia,Total,,2025-01,6825.5,,1.3a!R9C7
1.3a,employees_000,,Malaysia,Total,,2025-02,6763.5,,1.3a!R9C8
1.3a,employees_000,,Malaysia,Total,,2025-03,6786.8,,1.3a!R9C9
1.3a,employees_000,,Malaysia,Total,,2025-04,6946.8,,1.3a!R9C10
1.3a,employees_000,,Malaysia,Total,,2025-05,6952.9,,1.3a!R9C11
1.3a,employees_000,,Malaysia,Total,,2025-06,6969.7,,1.3a!R9C12
1.3a,employees_000,,Malaysia,Total,,2025-07,7035.9,,1.3a!R9C13
1.3a,employees_000,,Malaysia,Total,,2025-08,7045.8,,1.3a!R9C14
1.3a,employees_000,,Malaysia,Total,,2025-09,7056.4,,1.3a!R9C15
1.3a,employees_000,,Malaysia,Total,,2025-10,7065.2,,1.3a!R9C16
1.3a,employees_000,,Malaysia,Total,,2025-11,7070.3,,1.3a!R9C17
1.3a,employees_000,,Malaysia,Total,,2025-12,7080.5,,1.3a!R9C18
1.3a,employees_000,,Malaysia,Total,,2026-01,7074.779,,1.3a!R9C19
1.3a,employees_000,,Malaysia,Total,,2026-02,7023.906,,1.3a!R9C20
1.3a,employees_000,,Malaysia,Total,,2026-03,7048.071,,1.3a!R9C21
1.3a,employees_000,,Johor,Johor,,2024-10,730.6,,1.3a!R10C4
1.3a,employees_000,,Johor,Johor,,2024-11,730.2,,1.3a!R10C5
1.3a,employees_000,,Johor,Johor,,2024-12,730.8,,1.3a!R10C6
1.3a,employees_000,,Johor,Johor,,2025-01,729.5,,1.3a!R10C7
1.3a,employees_000,,Johor,Johor,,2025-02,724.1,,1.3a!R10C8
1.3a,employees_000,,Johor,Johor,,2025-03,726.9,,1.3a!R10C9
1.3a,employees_000,,Johor,Johor,,2025-04,744.5,,1.3a!R10C10
1.3a,employees_000,,Johor,Johor,,2025-05,746.5,,1.3a!R10C11
1.3a,employees_000,,Johor,Johor,,2025-06,749.1,,1.3a!R10C12
1.3a,employees_000,,Johor,Johor,,2025-07,756.0,,1.3a!R10C13
1.3a,employees_000,,Johor,Johor,,2025-08,759.1,,1.3a!R10C14
1.3a,employees_000,,Johor,Johor,,2025-09,760.2,,1.3a!R10C15
1.3a,employees_000,,Johor,Johor,,2025-10,759.7,,1.3a!R10C16
1.3a,employees_000,,Johor,Johor,,2025-11,760.9,,1.3a!R10C17
1.3a,employees_000,,Johor,Johor,,2025-12,763.2,,1.3a!R10C18
1.3a,employees_000,,Johor,Johor,,2026-01,762.607,,1.3a!R10C19
1.3a,employees_000,,Johor,Johor,,2026-02,757.418,,1.3a!R10C20
1.3a,employees_000,,Johor,Johor,,2026-03,760.622,,1.3a!R10C21
1.3a,employees_000,,Kedah,Kedah,,2024-10,246.4,,1.3a!R11C4
1.3a,employees_000,,Kedah,Kedah,,2024-11,245.4,,1.3a!R11C5
1.3a,employees_000,,Kedah,Kedah,,2024-12,244.7,,1.3a!R11C6
1.3a,employees_000,,Kedah,Kedah,,2025-01,244.4,,1.3a!R11C7
1.3a,employees_000,,Kedah,Kedah,,2025-02,241.0,,1.3a!R11C8
1.3a,employees_000,,Kedah,Kedah,,2025-03,240.9,,1.3a!R11C9
1.3a,employees_000,,Kedah,Kedah,,2025-04,248.1,,1.3a!R11C10
1.3a,employees_000,,Kedah,Kedah,,2025-05,247.7,,1.3a!R11C11
1.3a,employees_000,,Kedah,Kedah,,2025-06,248.0,,1.3a!R11C12
1.3a,employees_000,,Kedah,Kedah,,2025-07,252.0,,1.3a!R11C13
1.3a,employees_000,,Kedah,Kedah,,2025-08,252.1,,1.3a!R11C14
1.3a,employees_000,,Kedah,Kedah,,2025-09,251.7,,1.3a!R11C15
1.3a,employees_000,,Kedah,Kedah,,2025-10,252.8,,1.3a!R11C16
1.3a,employees_000,,Kedah,Kedah,,2025-11,253.3,,1.3a!R11C17
1.3a,employees_000,,Kedah,Kedah,,2025-12,253.3,,1.3a!R11C18
1.3a,employees_000,,Kedah,Kedah,,2026-01,251.651,,1.3a!R11C19
1.3a,employees_000,,Kedah,Kedah,,2026-02,249.559,,1.3a!R11C20
1.3a,employees_000,,Kedah,Kedah,,2026-03,250.268,,1.3a!R11C21
1.3a,employees_000,,Kelantan,Kelantan,,2024-10,93.7,,1.3a!R12C4
1.3a,employees_000,,Kelantan,Kelantan,,2024-11,92.7,,1.3a!R12C5
1.3a,employees_000,,Kelantan,Kelantan,,2024-12,92.6,,1.3a!R12C6
1.3a,employees_000,,Kelantan,Kelantan,,2025-01,93.1,,1.3a!R12C7
1.3a,employees_000,,Kelantan,Kelantan,,2025-02,91.2,,1.3a!R12C8
1.3a,employees_000,,Kelantan,Kelantan,,2025-03,91.3,,1.3a!R12C9
1.3a,employees_000,,Kelantan,Kelantan,,2025-04,95.8,,1.3a!R12C10
1.3a,employees_000,,Kelantan,Kelantan,,2025-05,95.2,,1.3a!R12C11
1.3a,employees_000,,Kelantan,Kelantan,,2025-06,95.1,,1.3a!R12C12
1.3a,employees_000,,Kelantan,Kelantan,,2025-07,97.1,,1.3a!R12C13
1.3a,employees_000,,Kelantan,Kelantan,,2025-08,96.4,,1.3a!R12C14
1.3a,employees_000,,Kelantan,Kelantan,,2025-09,95.9,,1.3a!R12C15
1.3a,employees_000,,Kelantan,Kelantan,,2025-10,96.2,,1.3a!R12C16
1.3a,employees_000,,Kelantan,Kelantan,,2025-11,96.1,,1.3a!R12C17
1.3a,employees_000,,Kelantan,Kelantan,,2025-12,96.6,,1.3a!R12C18
1.3a,employees_000,,Kelantan,Kelantan,,2026-01,96.272,,1.3a!R12C19
1.3a,employees_000,,Kelantan,Kelantan,,2026-02,94.288,,1.3a!R12C20
1.3a,employees_000,,Kelantan,Kelantan,,2026-03,95.213,,1.3a!R12C21
1.3a,employees_000,,Melaka,Melaka,,2024-10,178.8,,1.3a!R13C4
1.3a,employees_000,,Melaka,Melaka,,2024-11,178.3,,1.3a!R13C5
1.3a,employees_000,,Melaka,Melaka,,2024-12,178.3,,1.3a!R13C6
1.3a,employees_000,,Melaka,Melaka,,2025-01,177.9,,1.3a!R13C7
1.3a,employees_000,,Melaka,Melaka,,2025-02,176.1,,1.3a!R13C8
1.3a,employees_000,,Melaka,Melaka,,2025-03,176.1,,1.3a!R13C9
1.3a,employees_000,,Melaka,Melaka,,2025-04,179.8,,1.3a!R13C10
1.3a,employees_000,,Melaka,Melaka,,2025-05,179.5,,1.3a!R13C11
1.3a,employees_000,,Melaka,Melaka,,2025-06,179.6,,1.3a!R13C12
1.3a,employees_000,,Melaka,Melaka,,2025-07,180.9,,1.3a!R13C13
1.3a,employees_000,,Melaka,Melaka,,2025-08,181.4,,1.3a!R13C14
1.3a,employees_000,,Melaka,Melaka,,2025-09,181.7,,1.3a!R13C15
1.3a,employees_000,,Melaka,Melaka,,2025-10,182.2,,1.3a!R13C16
1.3a,employees_000,,Melaka,Melaka,,2025-11,183.1,,1.3a!R13C17
1.3a,employees_000,,Melaka,Melaka,,2025-12,183.3,,1.3a!R13C18
1.3a,employees_000,,Melaka,Melaka,,2026-01,182.994,,1.3a!R13C19
1.3a,employees_000,,Melaka,Melaka,,2026-02,181.343,,1.3a!R13C20
1.3a,employees_000,,Melaka,Melaka,,2026-03,180.591,,1.3a!R13C21
1.3a,employees_000,,Negeri Sembilan,Negeri Sembilan,,2024-10,172.5,,1.3a!R14C4
1.3a,employees_000,,Negeri Sembilan,Negeri Sembilan,,2024-11,173.6,,1.3a!R14C5
1.3a,employees_000,,Negeri Sembilan,Negeri Sembilan,,2024-12,173.4,,1.3a!R14C6
1.3a,employees_000,,Negeri Sembilan,Negeri Sembilan,,2025-01,172.6,,1.3a!R14C7
1.3a,employees_000,,Negeri Sembilan,Negeri Sembilan,,2025-02,170.1,,1.3a!R14C8
1.3a,employees_000,,Negeri Sembilan,Negeri Sembilan,,2025-03,170.2,,1.3a!R14C9
1.3a,employees_000,,Negeri Sembilan,Negeri Sembilan,,2025-04,173.5,,1.3a!R14C10
1.3a,employees_000,,Negeri Sembilan,Negeri Sembilan,,2025-05,173.0,,1.3a!R14C11
1.3a,employees_000,,Negeri Sembilan,Negeri Sembilan,,2025-06,172.9,,1.3a!R14C12
1.3a,employees_000,,Negeri Sembilan,Negeri Sembilan,,2025-07,173.7,,1.3a!R14C13
1.3a,employees_000,,Negeri Sembilan,Negeri Sembilan,,2025-08,173.9,,1.3a!R14C14
1.3a,employees_000,,Negeri Sembilan,Negeri Sembilan,,2025-09,174.1,,1.3a!R14C15
1.3a,employees_000,,Negeri Sembilan,Negeri Sembilan,,2025-10,174.3,,1.3a!R14C16
1.3a,employees_000,,Negeri Sembilan,Negeri Sembilan,,2025-11,175.4,,1.3a!R14C17
1.3a,employees_000,,Negeri Sembilan,Negeri Sembilan,,2025-12,175.9,,1.3a!R14C18
1.3a,employees_000,,Negeri Sembilan,Negeri Sembilan,,2026-01,174.631,,1.3a!R14C19
1.3a,employees_000,,Negeri Sembilan,Negeri Sembilan,,2026-02,173.054,,1.3a!R14C20
1.3a,employees_000,,Negeri Sembilan,Negeri Sembilan,,2026-03,173.745,,1.3a!R14C21
1.3a,employees_000,,Pahang,Pahang,,2024-10,171.6,,1.3a!R15C4
1.3a,employees_000,,Pahang,Pahang,,2024-11,170.9,,1.3a!R15C5
1.3a,employees_000,,Pahang,Pahang,,2024-12,170.6,,1.3a!R15C6
1.3a,employees_000,,Pahang,Pahang,,2025-01,169.3,,1.3a!R15C7
1.3a,employees_000,,Pahang,Pahang,,2025-02,167.4,,1.3a!R15C8
1.3a,employees_000,,Pahang,Pahang,,2025-03,167.9,,1.3a!R15C9
1.3a,employees_000,,Pahang,Pahang,,2025-04,172.3,,1.3a!R15C10
1.3a,employees_000,,Pahang,Pahang,,2025-05,171.7,,1.3a!R15C11
1.3a,employees_000,,Pahang,Pahang,,2025-06,171.8,,1.3a!R15C12
1.3a,employees_000,,Pahang,Pahang,,2025-07,173.6,,1.3a!R15C13
1.3a,employees_000,,Pahang,Pahang,,2025-08,173.6,,1.3a!R15C14
1.3a,employees_000,,Pahang,Pahang,,2025-09,173.1,,1.3a!R15C15
1.3a,employees_000,,Pahang,Pahang,,2025-10,173.9,,1.3a!R15C16
1.3a,employees_000,,Pahang,Pahang,,2025-11,174.1,,1.3a!R15C17
1.3a,employees_000,,Pahang,Pahang,,2025-12,174.1,,1.3a!R15C18
1.3a,employees_000,,Pahang,Pahang,,2026-01,172.863,,1.3a!R15C19
1.3a,employees_000,,Pahang,Pahang,,2026-02,171.068,,1.3a!R15C20
1.3a,employees_000,,Pahang,Pahang,,2026-03,171.558,,1.3a!R15C21
1.3a,employees_000,,Pulau Pinang,Pulau Pinang,,2024-10,539.8,,1.3a!R16C4
1.3a,employees_000,,Pulau Pinang,Pulau Pinang,,2024-11,539.6,,1.3a!R16C5
1.3a,employees_000,,Pulau Pinang,Pulau Pinang,,2024-12,540.2,,1.3a!R16C6
1.3a,employees_000,,Pulau Pinang,Pulau Pinang,,2025-01,541.7,,1.3a!R16C7
1.3a,employees_000,,Pulau Pinang,Pulau Pinang,,2025-02,538.7,,1.3a!R16C8
1.3a,employees_000,,Pulau Pinang,Pulau Pinang,,2025-03,540.0,,1.3a!R16C9
1.3a,employees_000,,Pulau Pinang,Pulau Pinang,,2025-04,551.2,,1.3a!R16C10
1.3a,employees_000,,Pulau Pinang,Pulau Pinang,,2025-05,553.9,,1.3a!R16C11
1.3a,employees_000,,Pulau Pinang,Pulau Pinang,,2025-06,557.0,,1.3a!R16C12
1.3a,employees_000,,Pulau Pinang,Pulau Pinang,,2025-07,562.1,,1.3a!R16C13
1.3a,employees_000,,Pulau Pinang,Pulau Pinang,,2025-08,562.6,,1.3a!R16C14
1.3a,employees_000,,Pulau Pinang,Pulau Pinang,,2025-09,564.6,,1.3a!R16C15
1.3a,employees_000,,Pulau Pinang,Pulau Pinang,,2025-10,565.2,,1.3a!R16C16
1.3a,employees_000,,Pulau Pinang,Pulau Pinang,,2025-11,567.6,,1.3a!R16C17
1.3a,employees_000,,Pulau Pinang,Pulau Pinang,,2025-12,568.8,,1.3a!R16C18
1.3a,employees_000,,Pulau Pinang,Pulau Pinang,,2026-01,569.186,,1.3a!R16C19
1.3a,employees_000,,Pulau Pinang,Pulau Pinang,,2026-02,567.507,,1.3a!R16C20
1.3a,employees_000,,Pulau Pinang,Pulau Pinang,,2026-03,567.706,,1.3a!R16C21
1.3a,employees_000,,Perak,Perak,,2024-10,313.9,,1.3a!R17C4
1.3a,employees_000,,Perak,Perak,,2024-11,312.3,,1.3a!R17C5
1.3a,employees_000,,Perak,Perak,,2024-12,312.0,,1.3a!R17C6
1.3a,employees_000,,Perak,Perak,,2025-01,312.3,,1.3a!R17C7
1.3a,employees_000,,Perak,Perak,,2025-02,306.0,,1.3a!R17C8
1.3a,employees_000,,Perak,Perak,,2025-03,309.5,,1.3a!R17C9
1.3a,employees_000,,Perak,Perak,,2025-04,317.8,,1.3a!R17C10
1.3a,employees_000,,Perak,Perak,,2025-05,317.6,,1.3a!R17C11
1.3a,employees_000,,Perak,Perak,,2025-06,318.0,,1.3a!R17C12
1.3a,employees_000,,Perak,Perak,,2025-07,319.1,,1.3a!R17C13
1.3a,employees_000,,Perak,Perak,,2025-08,319.5,,1.3a!R17C14
1.3a,employees_000,,Perak,Perak,,2025-09,320.4,,1.3a!R17C15
1.3a,employees_000,,Perak,Perak,,2025-10,320.7,,1.3a!R17C16
1.3a,employees_000,,Perak,Perak,,2025-11,321.4,,1.3a!R17C17
1.3a,employees_000,,Perak,Perak,,2025-12,321.9,,1.3a!R17C18
1.3a,employees_000,,Perak,Perak,,2026-01,320.88,,1.3a!R17C19
1.3a,employees_000,,Perak,Perak,,2026-02,318.1,,1.3a!R17C20
1.3a,employees_000,,Perak,Perak,,2026-03,318.387,,1.3a!R17C21
1.3a,employees_000,,Perlis,Perlis,,2024-10,18.7,,1.3a!R18C4
1.3a,employees_000,,Perlis,Perlis,,2024-11,18.4,,1.3a!R18C5
1.3a,employees_000,,Perlis,Perlis,,2024-12,18.4,,1.3a!R18C6
1.3a,employees_000,,Perlis,Perlis,,2025-01,18.5,,1.3a!R18C7
1.3a,employees_000,,Perlis,Perlis,,2025-02,18.0,,1.3a!R18C8
1.3a,employees_000,,Perlis,Perlis,,2025-03,18.1,,1.3a!R18C9
1.3a,employees_000,,Perlis,Perlis,,2025-04,19.1,,1.3a!R18C10
1.3a,employees_000,,Perlis,Perlis,,2025-05,18.7,,1.3a!R18C11
1.3a,employees_000,,Perlis,Perlis,,2025-06,18.7,,1.3a!R18C12
1.3a,employees_000,,Perlis,Perlis,,2025-07,18.9,,1.3a!R18C13
1.3a,employees_000,,Perlis,Perlis,,2025-08,18.9,,1.3a!R18C14
1.3a,employees_000,,Perlis,Perlis,,2025-09,18.9,,1.3a!R18C15
1.3a,employees_000,,Perlis,Perlis,,2025-10,19.1,,1.3a!R18C16
1.3a,employees_000,,Perlis,Perlis,,2025-11,18.9,,1.3a!R18C17
1.3a,employees_000,,Perlis,Perlis,,2025-12,18.8,,1.3a!R18C18
1.3a,employees_000,,Perlis,Perlis,,2026-01,18.73,,1.3a!R18C19
1.3a,employees_000,,Perlis,Perlis,,2026-02,18.392,,1.3a!R18C20
1.3a,employees_000,,Perlis,Perlis,,2026-03,18.462,,1.3a!R18C21
1.3a,employees_000,,Selangor,Selangor,,2024-10,1923.7,,1.3a!R19C4
1.3a,employees_000,,Selangor,Selangor,,2024-11,1922.8,,1.3a!R19C5
1.3a,employees_000,,Selangor,Selangor,,2024-12,1925.6,,1.3a!R19C6
1.3a,employees_000,,Selangor,Selangor,,2025-01,1922.7,,1.3a!R19C7
1.3a,employees_000,,Selangor,Selangor,,2025-02,1905.6,,1.3a!R19C8
1.3a,employees_000,,Selangor,Selangor,,2025-03,1911.4,,1.3a!R19C9
1.3a,employees_000,,Selangor,Selangor,,2025-04,1958.7,,1.3a!R19C10
1.3a,employees_000,,Selangor,Selangor,,2025-05,1961.9,,1.3a!R19C11
1.3a,employees_000,,Selangor,Selangor,,2025-06,1967.3,,1.3a!R19C12
1.3a,employees_000,,Selangor,Selangor,,2025-07,1982.3,,1.3a!R19C13
1.3a,employees_000,,Selangor,Selangor,,2025-08,1986.6,,1.3a!R19C14
1.3a,employees_000,,Selangor,Selangor,,2025-09,1991.2,,1.3a!R19C15
1.3a,employees_000,,Selangor,Selangor,,2025-10,1991.5,,1.3a!R19C16
1.3a,employees_000,,Selangor,Selangor,,2025-11,1992.7,,1.3a!R19C17
1.3a,employees_000,,Selangor,Selangor,,2025-12,1996.3,,1.3a!R19C18
1.3a,employees_000,,Selangor,Selangor,,2026-01,1996.523,,1.3a!R19C19
1.3a,employees_000,,Selangor,Selangor,,2026-02,1982.677,,1.3a!R19C20
1.3a,employees_000,,Selangor,Selangor,,2026-03,1989.56,,1.3a!R19C21
1.3a,employees_000,,Terengganu,Terengganu,,2024-10,148.1,,1.3a!R20C4
1.3a,employees_000,,Terengganu,Terengganu,,2024-11,144.9,,1.3a!R20C5
1.3a,employees_000,,Terengganu,Terengganu,,2024-12,144.8,,1.3a!R20C6
1.3a,employees_000,,Terengganu,Terengganu,,2025-01,144.8,,1.3a!R20C7
1.3a,employees_000,,Terengganu,Terengganu,,2025-02,142.3,,1.3a!R20C8
1.3a,employees_000,,Terengganu,Terengganu,,2025-03,143.0,,1.3a!R20C9
1.3a,employees_000,,Terengganu,Terengganu,,2025-04,147.8,,1.3a!R20C10
1.3a,employees_000,,Terengganu,Terengganu,,2025-05,146.8,,1.3a!R20C11
1.3a,employees_000,,Terengganu,Terengganu,,2025-06,147.0,,1.3a!R20C12
1.3a,employees_000,,Terengganu,Terengganu,,2025-07,149.9,,1.3a!R20C13
1.3a,employees_000,,Terengganu,Terengganu,,2025-08,149.4,,1.3a!R20C14
1.3a,employees_000,,Terengganu,Terengganu,,2025-09,149.9,,1.3a!R20C15
1.3a,employees_000,,Terengganu,Terengganu,,2025-10,149.7,,1.3a!R20C16
1.3a,employees_000,,Terengganu,Terengganu,,2025-11,148.2,,1.3a!R20C17
1.3a,employees_000,,Terengganu,Terengganu,,2025-12,147.5,,1.3a!R20C18
1.3a,employees_000,,Terengganu,Terengganu,,2026-01,147.262,,1.3a!R20C19
1.3a,employees_000,,Terengganu,Terengganu,,2026-02,144.351,,1.3a!R20C20
1.3a,employees_000,,Terengganu,Terengganu,,2026-03,145.107,,1.3a!R20C21
1.3a,employees_000,,Sabah,Sabah,,2024-10,344.6,,1.3a!R21C4
1.3a,employees_000,,Sabah,Sabah,,2024-11,343.1,,1.3a!R21C5
1.3a,employees_000,,Sabah,Sabah,,2024-12,342.7,,1.3a!R21C6
1.3a,employees_000,,Sabah,Sabah,,2025-01,342.9,,1.3a!R21C7
1.3a,employees_000,,Sabah,Sabah,,2025-02,341.0,,1.3a!R21C8
1.3a,employees_000,,Sabah,Sabah,,2025-03,342.8,,1.3a!R21C9
1.3a,employees_000,,Sabah,Sabah,,2025-04,349.7,,1.3a!R21C10
1.3a,employees_000,,Sabah,Sabah,,2025-05,349.9,,1.3a!R21C11
1.3a,employees_000,,Sabah,Sabah,,2025-06,350.4,,1.3a!R21C12
1.3a,employees_000,,Sabah,Sabah,,2025-07,355.9,,1.3a!R21C13
1.3a,employees_000,,Sabah,Sabah,,2025-08,355.5,,1.3a!R21C14
1.3a,employees_000,,Sabah,Sabah,,2025-09,355.1,,1.3a!R21C15
1.3a,employees_000,,Sabah,Sabah,,2025-10,356.4,,1.3a!R21C16
1.3a,employees_000,,Sabah,Sabah,,2025-11,356.8,,1.3a!R21C17
1.3a,employees_000,,Sabah,Sabah,,2025-12,356.5,,1.3a!R21C18
1.3a,employees_000,,Sabah,Sabah,,2026-01,355.127,,1.3a!R21C19
1.3a,employees_000,,Sabah,Sabah,,2026-02,353.539,,1.3a!R21C20
1.3a,employees_000,,Sabah,Sabah,,2026-03,356.989,,1.3a!R21C21
1.3a,employees_000,,Sarawak,Sarawak,,2024-10,505.4,,1.3a!R22C4
1.3a,employees_000,,Sarawak,Sarawak,,2024-11,503.5,,1.3a!R22C5
1.3a,employees_000,,Sarawak,Sarawak,,2024-12,501.4,,1.3a!R22C6
1.3a,employees_000,,Sarawak,Sarawak,,2025-01,498.6,,1.3a!R22C7
1.3a,employees_000,,Sarawak,Sarawak,,2025-02,493.7,,1.3a!R22C8
1.3a,employees_000,,Sarawak,Sarawak,,2025-03,496.7,,1.3a!R22C9
1.3a,employees_000,,Sarawak,Sarawak,,2025-04,509.1,,1.3a!R22C10
1.3a,employees_000,,Sarawak,Sarawak,,2025-05,509.7,,1.3a!R22C11
1.3a,employees_000,,Sarawak,Sarawak,,2025-06,511.0,,1.3a!R22C12
1.3a,employees_000,,Sarawak,Sarawak,,2025-07,516.6,,1.3a!R22C13
1.3a,employees_000,,Sarawak,Sarawak,,2025-08,517.2,,1.3a!R22C14
1.3a,employees_000,,Sarawak,Sarawak,,2025-09,518.6,,1.3a!R22C15
1.3a,employees_000,,Sarawak,Sarawak,,2025-10,518.9,,1.3a!R22C16
1.3a,employees_000,,Sarawak,Sarawak,,2025-11,519.4,,1.3a!R22C17
1.3a,employees_000,,Sarawak,Sarawak,,2025-12,520.0,,1.3a!R22C18
1.3a,employees_000,,Sarawak,Sarawak,,2026-01,518.572,,1.3a!R22C19
1.3a,employees_000,,Sarawak,Sarawak,,2026-02,514.67,,1.3a!R22C20
1.3a,employees_000,,Sarawak,Sarawak,,2026-03,518.458,,1.3a!R22C21
1.3a,employees_000,,W.P. Kuala Lumpur,W.P. Kuala Lumpur,,2024-10,1404.8,,1.3a!R23C4
1.3a,employees_000,,W.P. Kuala Lumpur,W.P. Kuala Lumpur,,2024-11,1403.7,,1.3a!R23C5
1.3a,employees_000,,W.P. Kuala Lumpur,W.P. Kuala Lumpur,,2024-12,1406.6,,1.3a!R23C6
1.3a,employees_000,,W.P. Kuala Lumpur,W.P. Kuala Lumpur,,2025-01,1407.5,,1.3a!R23C7
1.3a,employees_000,,W.P. Kuala Lumpur,W.P. Kuala Lumpur,,2025-02,1398.9,,1.3a!R23C8
1.3a,employees_000,,W.P. Kuala Lumpur,W.P. Kuala Lumpur,,2025-03,1402.2,,1.3a!R23C9
1.3a,employees_000,,W.P. Kuala Lumpur,W.P. Kuala Lumpur,,2025-04,1428.4,,1.3a!R23C10
1.3a,employees_000,,W.P. Kuala Lumpur,W.P. Kuala Lumpur,,2025-05,1429.8,,1.3a!R23C11
1.3a,employees_000,,W.P. Kuala Lumpur,W.P. Kuala Lumpur,,2025-06,1432.7,,1.3a!R23C12
1.3a,employees_000,,W.P. Kuala Lumpur,W.P. Kuala Lumpur,,2025-07,1446.6,,1.3a!R23C13
1.3a,employees_000,,W.P. Kuala Lumpur,W.P. Kuala Lumpur,,2025-08,1448.0,,1.3a!R23C14
1.3a,employees_000,,W.P. Kuala Lumpur,W.P. Kuala Lumpur,,2025-09,1449.5,,1.3a!R23C15
1.3a,employees_000,,W.P. Kuala Lumpur,W.P. Kuala Lumpur,,2025-10,1453.2,,1.3a!R23C16
1.3a,employees_000,,W.P. Kuala Lumpur,W.P. Kuala Lumpur,,2025-11,1451.0,,1.3a!R23C17
1.3a,employees_000,,W.P. Kuala Lumpur,W.P. Kuala Lumpur,,2025-12,1453.3,,1.3a!R23C18
1.3a,employees_000,,W.P. Kuala Lumpur,W.P. Kuala Lumpur,,2026-01,1457.254,,1.3a!R23C19
1.3a,employees_000,,W.P. Kuala Lumpur,W.P. Kuala Lumpur,,2026-02,1447.536,,1.3a!R23C20
1.3a,employees_000,,W.P. Kuala Lumpur,W.P. Kuala Lumpur,,2026-03,1450.424,,1.3a!R23C21
1.3a,employees_000,,W.P. Labuan,W.P. Labuan,,2024-10,17.8,,1.3a!R24C4
1.3a,employees_000,,W.P. Labuan,W.P. Labuan,,2024-11,17.9,,1.3a!R24C5
1.3a,employees_000,,W.P. Labuan,W.P. Labuan,,2024-12,17.8,,1.3a!R24C6
1.3a,employees_000,,W.P. Labuan,W.P. Labuan,,2025-01,17.7,,1.3a!R24C7
1.3a,employees_000,,W.P. Labuan,W.P. Labuan,,2025-02,17.6,,1.3a!R24C8
1.3a,employees_000,,W.P. Labuan,W.P. Labuan,,2025-03,17.7,,1.3a!R24C9
1.3a,employees_000,,W.P. Labuan,W.P. Labuan,,2025-04,18.2,,1.3a!R24C10
1.3a,employees_000,,W.P. Labuan,W.P. Labuan,,2025-05,18.2,,1.3a!R24C11
1.3a,employees_000,,W.P. Labuan,W.P. Labuan,,2025-06,18.3,,1.3a!R24C12
1.3a,employees_000,,W.P. Labuan,W.P. Labuan,,2025-07,18.4,,1.3a!R24C13
1.3a,employees_000,,W.P. Labuan,W.P. Labuan,,2025-08,18.5,,1.3a!R24C14
1.3a,employees_000,,W.P. Labuan,W.P. Labuan,,2025-09,18.5,,1.3a!R24C15
1.3a,employees_000,,W.P. Labuan,W.P. Labuan,,2025-10,18.6,,1.3a!R24C16
1.3a,employees_000,,W.P. Labuan,W.P. Labuan,,2025-11,18.7,,1.3a!R24C17
1.3a,employees_000,,W.P. Labuan,W.P. Labuan,,2025-12,18.7,,1.3a!R24C18
1.3a,employees_000,,W.P. Labuan,W.P. Labuan,,2026-01,18.286,,1.3a!R24C19
1.3a,employees_000,,W.P. Labuan,W.P. Labuan,,2026-02,18.139,,1.3a!R24C20
1.3a,employees_000,,W.P. Labuan,W.P. Labuan,,2026-03,18.308,,1.3a!R24C21
1.3a,employees_000,,W.P. Putrajaya,W.P. Putrajaya,,2024-10,31.5,,1.3a!R25C4
1.3a,employees_000,,W.P. Putrajaya,W.P. Putrajaya,,2024-11,31.9,,1.3a!R25C5
1.3a,employees_000,,W.P. Putrajaya,W.P. Putrajaya,,2024-12,31.8,,1.3a!R25C6
1.3a,employees_000,,W.P. Putrajaya,W.P. Putrajaya,,2025-01,31.9,,1.3a!R25C7
1.3a,employees_000,,W.P. Putrajaya,W.P. Putrajaya,,2025-02,31.9,,1.3a!R25C8
1.3a,employees_000,,W.P. Putrajaya,W.P. Putrajaya,,2025-03,32.0,,1.3a!R25C9
1.3a,employees_000,,W.P. Putrajaya,W.P. Putrajaya,,2025-04,32.7,,1.3a!R25C10
1.3a,employees_000,,W.P. Putrajaya,W.P. Putrajaya,,2025-05,32.8,,1.3a!R25C11
1.3a,employees_000,,W.P. Putrajaya,W.P. Putrajaya,,2025-06,32.7,,1.3a!R25C12
1.3a,employees_000,,W.P. Putrajaya,W.P. Putrajaya,,2025-07,33.0,,1.3a!R25C13
1.3a,employees_000,,W.P. Putrajaya,W.P. Putrajaya,,2025-08,33.1,,1.3a!R25C14
1.3a,employees_000,,W.P. Putrajaya,W.P. Putrajaya,,2025-09,33.1,,1.3a!R25C15
1.3a,employees_000,,W.P. Putrajaya,W.P. Putrajaya,,2025-10,32.9,,1.3a!R25C16
1.3a,employees_000,,W.P. Putrajaya,W.P. Putrajaya,,2025-11,32.6,,1.3a!R25C17
1.3a,employees_000,,W.P. Putrajaya,W.P. Putrajaya,,2025-12,32.3,,1.3a!R25C18
1.3a,employees_000,,W.P. Putrajaya,W.P. Putrajaya,,2026-01,31.941,,1.3a!R25C19
1.3a,employees_000,,W.P. Putrajaya,W.P. Putrajaya,,2026-02,32.265,,1.3a!R25C20
1.3a,employees_000,,W.P. Putrajaya,W.P. Putrajaya,,2026-03,32.673,,1.3a!R25C21
1.3b,share_pct,,Malaysia,Total,,2024-10,100.0,,1.3b!R9C4
1.3b,share_pct,,Malaysia,Total,,2024-11,100.0,,1.3b!R9C5
1.3b,share_pct,,Malaysia,Total,,2024-12,100.0,,1.3b!R9C6
1.3b,share_pct,,Malaysia,Total,,2025-01,100.0,,1.3b!R9C7
1.3b,share_pct,,Malaysia,Total,,2025-02,100.0,,1.3b!R9C8
1.3b,share_pct,,Malaysia,Total,,2025-03,100.0,,1.3b!R9C9
1.3b,share_pct,,Malaysia,Total,,2025-04,100.0,,1.3b!R9C10
1.3b,share_pct,,Malaysia,Total,,2025-05,100.0,,1.3b!R9C11
1.3b,share_pct,,Malaysia,Total,,2025-06,100.0,,1.3b!R9C12
1.3b,share_pct,,Malaysia,Total,,2025-07,100.0,,1.3b!R9C13
1.3b,share_pct,,Malaysia,Total,,2025-08,100.0,,1.3b!R9C14
1.3b,share_pct,,Malaysia,Total,,2025-09,100.0,,1.3b!R9C15
1.3b,share_pct,,Malaysia,Total,,2025-10,100.0,,1.3b!R9C16
1.3b,share_pct,,Malaysia,Total,,2025-11,100.0,,1.3b!R9C17
1.3b,share_pct,,Malaysia,Total,,2025-12,100.0,,1.3b!R9C18
1.3b,share_pct,,Malaysia,Total,,2026-01,100.0,,1.3b!R9C19
1.3b,share_pct,,Malaysia,Total,,2026-02,100.0,,1.3b!R9C20
1.3b,share_pct,,Malaysia,Total,,2026-03,100.0,,1.3b!R9C21
1.3b,share_pct,,Johor,Johor,,2024-10,10.7,,1.3b!R10C4
1.3b,share_pct,,Johor,Johor,,2024-11,10.7,,1.3b!R10C5
1.3b,share_pct,,Johor,Johor,,2024-12,10.7,,1.3b!R10C6
1.3b,share_pct,,Johor,Johor,,2025-01,10.7,,1.3b!R10C7
1.3b,share_pct,,Johor,Johor,,2025-02,10.7,,1.3b!R10C8
1.3b,share_pct,,Johor,Johor,,2025-03,10.7,,1.3b!R10C9
1.3b,share_pct,,Johor,Johor,,2025-04,10.7,,1.3b!R10C10
1.3b,share_pct,,Johor,Johor,,2025-05,10.7,,1.3b!R10C11
1.3b,share_pct,,Johor,Johor,,2025-06,10.7,,1.3b!R10C12
1.3b,share_pct,,Johor,Johor,,2025-07,10.7,,1.3b!R10C13
1.3b,share_pct,,Johor,Johor,,2025-08,10.8,,1.3b!R10C14
1.3b,share_pct,,Johor,Johor,,2025-09,10.8,,1.3b!R10C15
1.3b,share_pct,,Johor,Johor,,2025-10,10.8,,1.3b!R10C16
1.3b,share_pct,,Johor,Johor,,2025-11,10.8,,1.3b!R10C17
1.3b,share_pct,,Johor,Johor,,2025-12,10.8,,1.3b!R10C18
1.3b,share_pct,,Johor,Johor,,2026-01,10.779234234737226,,1.3b!R10C19
1.3b,share_pct,,Johor,Johor,,2026-02,10.78343018827416,,1.3b!R10C20
1.3b,share_pct,,Johor,Johor,,2026-03,10.791917391297561,,1.3b!R10C21
1.3b,share_pct,,Kedah,Kedah,,2024-10,3.6,,1.3b!R11C4
1.3b,share_pct,,Kedah,Kedah,,2024-11,3.6,,1.3b!R11C5
1.3b,share_pct,,Kedah,Kedah,,2024-12,3.6,,1.3b!R11C6
1.3b,share_pct,,Kedah,Kedah,,2025-01,3.6,,1.3b!R11C7
1.3b,share_pct,,Kedah,Kedah,,2025-02,3.6,,1.3b!R11C8
1.3b,share_pct,,Kedah,Kedah,,2025-03,3.5,,1.3b!R11C9
1.3b,share_pct,,Kedah,Kedah,,2025-04,3.6,,1.3b!R11C10
1.3b,share_pct,,Kedah,Kedah,,2025-05,3.6,,1.3b!R11C11
1.3b,share_pct,,Kedah,Kedah,,2025-06,3.6,,1.3b!R11C12
1.3b,share_pct,,Kedah,Kedah,,2025-07,3.6,,1.3b!R11C13
1.3b,share_pct,,Kedah,Kedah,,2025-08,3.6,,1.3b!R11C14
1.3b,share_pct,,Kedah,Kedah,,2025-09,3.6,,1.3b!R11C15
1.3b,share_pct,,Kedah,Kedah,,2025-10,3.6,,1.3b!R11C16
1.3b,share_pct,,Kedah,Kedah,,2025-11,3.6,,1.3b!R11C17
1.3b,share_pct,,Kedah,Kedah,,2025-12,3.6,,1.3b!R11C18
1.3b,share_pct,,Kedah,Kedah,,2026-01,3.557015703246702,,1.3b!R11C19
1.3b,share_pct,,Kedah,Kedah,,2026-02,3.5529945873421425,,1.3b!R11C20
1.3b,share_pct,,Kedah,Kedah,,2026-03,3.5508722883183212,,1.3b!R11C21
1.3b,share_pct,,Kelantan,Kelantan,,2024-10,1.4,,1.3b!R12C4
1.3b,share_pct,,Kelantan,Kelantan,,2024-11,1.4,,1.3b!R12C5
1.3b,share_pct,,Kelantan,Kelantan,,2024-12,1.4,,1.3b!R12C6
1.3b,share_pct,,Kelantan,Kelantan,,2025-01,1.4,,1.3b!R12C7
1.3b,share_pct,,Kelantan,Kelantan,,2025-02,1.3,,1.3b!R12C8
1.3b,share_pct,,Kelantan,Kelantan,,2025-03,1.3,,1.3b!R12C9
1.3b,share_pct,,Kelantan,Kelantan,,2025-04,1.4,,1.3b!R12C10
1.3b,share_pct,,Kelantan,Kelantan,,2025-05,1.4,,1.3b!R12C11
1.3b,share_pct,,Kelantan,Kelantan,,2025-06,1.4,,1.3b!R12C12
1.3b,share_pct,,Kelantan,Kelantan,,2025-07,1.4,,1.3b!R12C13
1.3b,share_pct,,Kelantan,Kelantan,,2025-08,1.4,,1.3b!R12C14
1.3b,share_pct,,Kelantan,Kelantan,,2025-09,1.4,,1.3b!R12C15
1.3b,share_pct,,Kelantan,Kelantan,,2025-10,1.4,,1.3b!R12C16
1.3b,share_pct,,Kelantan,Kelantan,,2025-11,1.4,,1.3b!R12C17
1.3b,share_pct,,Kelantan,Kelantan,,2025-12,1.4,,1.3b!R12C18
1.3b,share_pct,,Kelantan,Kelantan,,2026-01,1.3607774885971704,,1.3b!R12C19
1.3b,share_pct,,Kelantan,Kelantan,,2026-02,1.3423869852472399,,1.3b!R12C20
1.3b,share_pct,,Kelantan,Kelantan,,2026-03,1.3509086386899338,,1.3b!R12C21
1.3b,share_pct,,Melaka,Melaka,,2024-10,2.6,,1.3b!R13C4
1.3b,share_pct,,Melaka,Melaka,,2024-11,2.6,,1.3b!R13C5
1.3b,share_pct,,Melaka,Melaka,,2024-12,2.6,,1.3b!R13C6
1.3b,share_pct,,Melaka,Melaka,,2025-01,2.6,,1.3b!R13C7
1.3b,share_pct,,Melaka,Melaka,,2025-02,2.6,,1.3b!R13C8
1.3b,share_pct,,Melaka,Melaka,,2025-03,2.6,,1.3b!R13C9
1.3b,share_pct,,Melaka,Melaka,,2025-04,2.6,,1.3b!R13C10
1.3b,share_pct,,Melaka,Melaka,,2025-05,2.6,,1.3b!R13C11
1.3b,share_pct,,Melaka,Melaka,,2025-06,2.6,,1.3b!R13C12
1.3b,share_pct,,Melaka,Melaka,,2025-07,2.6,,1.3b!R13C13
1.3b,share_pct,,Melaka,Melaka,,2025-08,2.6,,1.3b!R13C14
1.3b,share_pct,,Melaka,Melaka,,2025-09,2.6,,1.3b!R13C15
1.3b,share_pct,,Melaka,Melaka,,2025-10,2.6,,1.3b!R13C16
1.3b,share_pct,,Melaka,Melaka,,2025-11,2.6,,1.3b!R13C17
1.3b,share_pct,,Melaka,Melaka,,2025-12,2.6,,1.3b!R13C18
1.3b,share_pct,,Melaka,Melaka,,2026-01,2.586568428497908,,1.3b!R13C19
1.3b,share_pct,,Melaka,Melaka,,2026-02,2.581797079858415,,1.3b!R13C20
1.3b,share_pct,,Melaka,Melaka,,2026-03,2.5622755502888666,,1.3b!R13C21
1.3b,share_pct,,Negeri Sembilan,Negeri Sembilan,,2024-10,2.5,,1.3b!R14C4
1.3b,share_pct,,Negeri Sembilan,Negeri Sembilan,,2024-11,2.5,,1.3b!R14C5
1.3b,share_pct,,Negeri Sembilan,Negeri Sembilan,,2024-12,2.5,,1.3b!R14C6
1.3b,share_pct,,Negeri Sembilan,Negeri Sembilan,,2025-01,2.5,,1.3b!R14C7
1.3b,share_pct,,Negeri Sembilan,Negeri Sembilan,,2025-02,2.5,,1.3b!R14C8
1.3b,share_pct,,Negeri Sembilan,Negeri Sembilan,,2025-03,2.5,,1.3b!R14C9
1.3b,share_pct,,Negeri Sembilan,Negeri Sembilan,,2025-04,2.5,,1.3b!R14C10
1.3b,share_pct,,Negeri Sembilan,Negeri Sembilan,,2025-05,2.5,,1.3b!R14C11
1.3b,share_pct,,Negeri Sembilan,Negeri Sembilan,,2025-06,2.5,,1.3b!R14C12
1.3b,share_pct,,Negeri Sembilan,Negeri Sembilan,,2025-07,2.5,,1.3b!R14C13
1.3b,share_pct,,Negeri Sembilan,Negeri Sembilan,,2025-08,2.5,,1.3b!R14C14
1.3b,share_pct,,Negeri Sembilan,Negeri Sembilan,,2025-09,2.5,,1.3b!R14C15
1.3b,share_pct,,Negeri Sembilan,Negeri Sembilan,,2025-10,2.5,,1.3b!R14C16
1.3b,share_pct,,Negeri Sembilan,Negeri Sembilan,,2025-11,2.5,,1.3b!R14C17
1.3b,share_pct,,Negeri Sembilan,Negeri Sembilan,,2025-12,2.5,,1.3b!R14C18
1.3b,share_pct,,Negeri Sembilan,Negeri Sembilan,,2026-01,2.468359789047827,,1.3b!R14C19
1.3b,share_pct,,Negeri Sembilan,Negeri Sembilan,,2026-02,2.463785819457151,,1.3b!R14C20
1.3b,share_pct,,Negeri Sembilan,Negeri Sembilan,,2026-03,2.4651425900789024,,1.3b!R14C21
1.3b,share_pct,,Pahang,Pahang,,2024-10,2.5,,1.3b!R15C4
1.3b,share_pct,,Pahang,Pahang,,2024-11,2.5,,1.3b!R15C5
1.3b,share_pct,,Pahang,Pahang,,2024-12,2.5,,1.3b!R15C6
1.3b,share_pct,,Pahang,Pahang,,2025-01,2.5,,1.3b!R15C7
1.3b,share_pct,,Pahang,Pahang,,2025-02,2.5,,1.3b!R15C8
1.3b,share_pct,,Pahang,Pahang,,2025-03,2.5,,1.3b!R15C9
1.3b,share_pct,,Pahang,Pahang,,2025-04,2.5,,1.3b!R15C10
1.3b,share_pct,,Pahang,Pahang,,2025-05,2.5,,1.3b!R15C11
1.3b,share_pct,,Pahang,Pahang,,2025-06,2.5,,1.3b!R15C12
1.3b,share_pct,,Pahang,Pahang,,2025-07,2.5,,1.3b!R15C13
1.3b,share_pct,,Pahang,Pahang,,2025-08,2.5,,1.3b!R15C14
1.3b,share_pct,,Pahang,Pahang,,2025-09,2.5,,1.3b!R15C15
1.3b,share_pct,,Pahang,Pahang,,2025-10,2.5,,1.3b!R15C16
1.3b,share_pct,,Pahang,Pahang,,2025-11,2.5,,1.3b!R15C17
1.3b,share_pct,,Pahang,Pahang,,2025-12,2.5,,1.3b!R15C18
1.3b,share_pct,,Pahang,Pahang,,2026-01,2.443369609142561,,1.3b!R15C19
1.3b,share_pct,,Pahang,Pahang,,2026-02,2.435510953591919,,1.3b!R15C20
1.3b,share_pct,,Pahang,Pahang,,2026-03,2.4341128232107763,,1.3b!R15C21
1.3b,share_pct,,Pulau Pinang,Pulau Pinang,,2024-10,7.9,,1.3b!R16C4
1.3b,share_pct,,Pulau Pinang,Pulau Pinang,,2024-11,7.9,,1.3b!R16C5
1.3b,share_pct,,Pulau Pinang,Pulau Pinang,,2024-12,7.9,,1.3b!R16C6
1.3b,share_pct,,Pulau Pinang,Pulau Pinang,,2025-01,7.9,,1.3b!R16C7
1.3b,share_pct,,Pulau Pinang,Pulau Pinang,,2025-02,8.0,,1.3b!R16C8
1.3b,share_pct,,Pulau Pinang,Pulau Pinang,,2025-03,8.0,,1.3b!R16C9
1.3b,share_pct,,Pulau Pinang,Pulau Pinang,,2025-04,7.9,,1.3b!R16C10
1.3b,share_pct,,Pulau Pinang,Pulau Pinang,,2025-05,8.0,,1.3b!R16C11
1.3b,share_pct,,Pulau Pinang,Pulau Pinang,,2025-06,8.0,,1.3b!R16C12
1.3b,share_pct,,Pulau Pinang,Pulau Pinang,,2025-07,8.0,,1.3b!R16C13
1.3b,share_pct,,Pulau Pinang,Pulau Pinang,,2025-08,8.0,,1.3b!R16C14
1.3b,share_pct,,Pulau Pinang,Pulau Pinang,,2025-09,8.0,,1.3b!R16C15
1.3b,share_pct,,Pulau Pinang,Pulau Pinang,,2025-10,8.0,,1.3b!R16C16
1.3b,share_pct,,Pulau Pinang,Pulau Pinang,,2025-11,8.0,,1.3b!R16C17
1.3b,share_pct,,Pulau Pinang,Pulau Pinang,,2025-12,8.0,,1.3b!R16C18
1.3b,share_pct,,Pulau Pinang,Pulau Pinang,,2026-01,8.045283110610239,,1.3b!R16C19
1.3b,share_pct,,Pulau Pinang,Pulau Pinang,,2026-02,8.07964969918447,,1.3b!R16C20
1.3b,share_pct,,Pulau Pinang,Pulau Pinang,,2026-03,8.054771298416261,,1.3b!R16C21
1.3b,share_pct,,Perak,Perak,,2024-10,4.6,,1.3b!R17C4
1.3b,share_pct,,Perak,Perak,,2024-11,4.6,,1.3b!R17C5
1.3b,share_pct,,Perak,Perak,,2024-12,4.6,,1.3b!R17C6
1.3b,share_pct,,Perak,Perak,,2025-01,4.6,,1.3b!R17C7
1.3b,share_pct,,Perak,Perak,,2025-02,4.5,,1.3b!R17C8
1.3b,share_pct,,Perak,Perak,,2025-03,4.6,,1.3b!R17C9
1.3b,share_pct,,Perak,Perak,,2025-04,4.6,,1.3b!R17C10
1.3b,share_pct,,Perak,Perak,,2025-05,4.6,,1.3b!R17C11
1.3b,share_pct,,Perak,Perak,,2025-06,4.6,,1.3b!R17C12
1.3b,share_pct,,Perak,Perak,,2025-07,4.5,,1.3b!R17C13
1.3b,share_pct,,Perak,Perak,,2025-08,4.5,,1.3b!R17C14
1.3b,share_pct,,Perak,Perak,,2025-09,4.5,,1.3b!R17C15
1.3b,share_pct,,Perak,Perak,,2025-10,4.5,,1.3b!R17C16
1.3b,share_pct,,Perak,Perak,,2025-11,4.5,,1.3b!R17C17
1.3b,share_pct,,Perak,Perak,,2025-12,4.5,,1.3b!R17C18
1.3b,share_pct,,Perak,Perak,,2026-01,4.535548036200141,,1.3b!R17C19
1.3b,share_pct,,Perak,Perak,,2026-02,4.528819149914591,,1.3b!R17C20
1.3b,share_pct,,Perak,Perak,,2026-03,4.517363687170574,,1.3b!R17C21
1.3b,share_pct,,Perlis,Perlis,,2024-10,0.3,,1.3b!R18C4
1.3b,share_pct,,Perlis,Perlis,,2024-11,0.3,,1.3b!R18C5
1.3b,share_pct,,Perlis,Perlis,,2024-12,0.3,,1.3b!R18C6
1.3b,share_pct,,Perlis,Perlis,,2025-01,0.3,,1.3b!R18C7
1.3b,share_pct,,Perlis,Perlis,,2025-02,0.3,,1.3b!R18C8
1.3b,share_pct,,Perlis,Perlis,,2025-03,0.3,,1.3b!R18C9
1.3b,share_pct,,Perlis,Perlis,,2025-04,0.3,,1.3b!R18C10
1.3b,share_pct,,Perlis,Perlis,,2025-05,0.3,,1.3b!R18C11
1.3b,share_pct,,Perlis,Perlis,,2025-06,0.3,,1.3b!R18C12
1.3b,share_pct,,Perlis,Perlis,,2025-07,0.3,,1.3b!R18C13
1.3b,share_pct,,Perlis,Perlis,,2025-08,0.3,,1.3b!R18C14
1.3b,share_pct,,Perlis,Perlis,,2025-09,0.3,,1.3b!R18C15
1.3b,share_pct,,Perlis,Perlis,,2025-10,0.3,,1.3b!R18C16
1.3b,share_pct,,Perlis,Perlis,,2025-11,0.3,,1.3b!R18C17
1.3b,share_pct,,Perlis,Perlis,,2025-12,0.3,,1.3b!R18C18
1.3b,share_pct,,Perlis,Perlis,,2026-01,0.2647432520507001,,1.3b!R18C19
1.3b,share_pct,,Perlis,Perlis,,2026-02,0.26184860674388294,,1.3b!R18C20
1.3b,share_pct,,Perlis,Perlis,,2026-03,0.2619440127660462,,1.3b!R18C21
1.3b,share_pct,,Selangor,Selangor,,2024-10,28.1,,1.3b!R19C4
1.3b,share_pct,,Selangor,Selangor,,2024-11,28.2,,1.3b!R19C5
1.3b,share_pct,,Selangor,Selangor,,2024-12,28.2,,1.3b!R19C6
1.3b,share_pct,,Selangor,Selangor,,2025-01,28.2,,1.3b!R19C7
1.3b,share_pct,,Selangor,Selangor,,2025-02,28.2,,1.3b!R19C8
1.3b,share_pct,,Selangor,Selangor,,2025-03,28.2,,1.3b!R19C9
1.3b,share_pct,,Selangor,Selangor,,2025-04,28.2,,1.3b!R19C10
1.3b,share_pct,,Selangor,Selangor,,2025-05,28.2,,1.3b!R19C11
1.3b,share_pct,,Selangor,Selangor,,2025-06,28.2,,1.3b!R19C12
1.3b,share_pct,,Selangor,Selangor,,2025-07,28.2,,1.3b!R19C13
1.3b,share_pct,,Selangor,Selangor,,2025-08,28.2,,1.3b!R19C14
1.3b,share_pct,,Selangor,Selangor,,2025-09,28.2,,1.3b!R19C15
1.3b,share_pct,,Selangor,Selangor,,2025-10,28.2,,1.3b!R19C16
1.3b,share_pct,,Selangor,Selangor,,2025-11,28.2,,1.3b!R19C17
1.3b,share_pct,,Selangor,Selangor,,2025-12,28.2,,1.3b!R19C18
1.3b,share_pct,,Selangor,Selangor,,2026-01,28.220287870476234,,1.3b!R19C19
1.3b,share_pct,,Selangor,Selangor,,2026-02,28.227556006586646,,1.3b!R19C20
1.3b,share_pct,,Selangor,Selangor,,2026-03,28.228432999610813,,1.3b!R19C21
1.3b,share_pct,,Terengganu,Terengganu,,2024-10,2.2,,1.3b!R20C4
1.3b,share_pct,,Terengganu,Terengganu,,2024-11,2.1,,1.3b!R20C5
1.3b,share_pct,,Terengganu,Terengganu,,2024-12,2.1,,1.3b!R20C6
1.3b,share_pct,,Terengganu,Terengganu,,2025-01,2.1,,1.3b!R20C7
1.3b,share_pct,,Terengganu,Terengganu,,2025-02,2.1,,1.3b!R20C8
1.3b,share_pct,,Terengganu,Terengganu,,2025-03,2.1,,1.3b!R20C9
1.3b,share_pct,,Terengganu,Terengganu,,2025-04,2.1,,1.3b!R20C10
1.3b,share_pct,,Terengganu,Terengganu,,2025-05,2.1,,1.3b!R20C11
1.3b,share_pct,,Terengganu,Terengganu,,2025-06,2.1,,1.3b!R20C12
1.3b,share_pct,,Terengganu,Terengganu,,2025-07,2.1,,1.3b!R20C13
1.3b,share_pct,,Terengganu,Terengganu,,2025-08,2.1,,1.3b!R20C14
1.3b,share_pct,,Terengganu,Terengganu,,2025-09,2.1,,1.3b!R20C15
1.3b,share_pct,,Terengganu,Terengganu,,2025-10,2.1,,1.3b!R20C16
1.3b,share_pct,,Terengganu,Terengganu,,2025-11,2.1,,1.3b!R20C17
1.3b,share_pct,,Terengganu,Terengganu,,2025-12,2.1,,1.3b!R20C18
1.3b,share_pct,,Terengganu,Terengganu,,2026-01,2.0815067156161344,,1.3b!R20C19
1.3b,share_pct,,Terengganu,Terengganu,,2026-02,2.0551385511138673,,1.3b!R20C20
1.3b,share_pct,,Terengganu,Terengganu,,2026-03,2.05881864697447,,1.3b!R20C21
1.3b,share_pct,,Sabah,Sabah,,2024-10,5.0,,1.3b!R21C4
1.3b,share_pct,,Sabah,Sabah,,2024-11,5.0,,1.3b!R21C5
1.3b,share_pct,,Sabah,Sabah,,2024-12,5.0,,1.3b!R21C6
1.3b,share_pct,,Sabah,Sabah,,2025-01,5.0,,1.3b!R21C7
1.3b,share_pct,,Sabah,Sabah,,2025-02,5.0,,1.3b!R21C8
1.3b,share_pct,,Sabah,Sabah,,2025-03,5.1,,1.3b!R21C9
1.3b,share_pct,,Sabah,Sabah,,2025-04,5.0,,1.3b!R21C10
1.3b,share_pct,,Sabah,Sabah,,2025-05,5.0,,1.3b!R21C11
1.3b,share_pct,,Sabah,Sabah,,2025-06,5.0,,1.3b!R21C12
1.3b,share_pct,,Sabah,Sabah,,2025-07,5.1,,1.3b!R21C13
1.3b,share_pct,,Sabah,Sabah,,2025-08,5.0,,1.3b!R21C14
1.3b,share_pct,,Sabah,Sabah,,2025-09,5.0,,1.3b!R21C15
1.3b,share_pct,,Sabah,Sabah,,2025-10,5.0,,1.3b!R21C16
1.3b,share_pct,,Sabah,Sabah,,2025-11,5.0,,1.3b!R21C17
1.3b,share_pct,,Sabah,Sabah,,2025-12,5.0,,1.3b!R21C18
1.3b,share_pct,,Sabah,Sabah,,2026-01,5.019619694127548,,1.3b!R21C19
1.3b,share_pct,,Sabah,Sabah,,2026-02,5.033367473881341,,1.3b!R21C20
1.3b,share_pct,,Sabah,Sabah,,2026-03,5.06505964539801,,1.3b!R21C21
1.3b,share_pct,,Sarawak,Sarawak,,2024-10,7.4,,1.3b!R22C4
1.3b,share_pct,,Sarawak,Sarawak,,2024-11,7.4,,1.3b!R22C5
1.3b,share_pct,,Sarawak,Sarawak,,2024-12,7.3,,1.3b!R22C6
1.3b,share_pct,,Sarawak,Sarawak,,2025-01,7.3,,1.3b!R22C7
1.3b,share_pct,,Sarawak,Sarawak,,2025-02,7.3,,1.3b!R22C8
1.3b,share_pct,,Sarawak,Sarawak,,2025-03,7.3,,1.3b!R22C9
1.3b,share_pct,,Sarawak,Sarawak,,2025-04,7.3,,1.3b!R22C10
1.3b,share_pct,,Sarawak,Sarawak,,2025-05,7.3,,1.3b!R22C11
1.3b,share_pct,,Sarawak,Sarawak,,2025-06,7.3,,1.3b!R22C12
1.3b,share_pct,,Sarawak,Sarawak,,2025-07,7.3,,1.3b!R22C13
1.3b,share_pct,,Sarawak,Sarawak,,2025-08,7.3,,1.3b!R22C14
1.3b,share_pct,,Sarawak,Sarawak,,2025-09,7.3,,1.3b!R22C15
1.3b,share_pct,,Sarawak,Sarawak,,2025-10,7.3,,1.3b!R22C16
1.3b,share_pct,,Sarawak,Sarawak,,2025-11,7.3,,1.3b!R22C17
1.3b,share_pct,,Sarawak,Sarawak,,2025-12,7.3,,1.3b!R22C18
1.3b,share_pct,,Sarawak,Sarawak,,2026-01,7.329868537236287,,1.3b!R22C19
1.3b,share_pct,,Sarawak,Sarawak,,2026-02,7.327404438499034,,1.3b!R22C20
1.3b,share_pct,,Sarawak,Sarawak,,2026-03,7.356026918571053,,1.3b!R22C21
1.3b,share_pct,,W.P. Kuala Lumpur,W.P. Kuala Lumpur,,2024-10,20.5,,1.3b!R23C4
1.3b,share_pct,,W.P. Kuala Lumpur,W.P. Kuala Lumpur,,2024-11,20.6,,1.3b!R23C5
1.3b,share_pct,,W.P. Kuala Lumpur,W.P. Kuala Lumpur,,2024-12,20.6,,1.3b!R23C6
1.3b,share_pct,,W.P. Kuala Lumpur,W.P. Kuala Lumpur,,2025-01,20.6,,1.3b!R23C7
1.3b,share_pct,,W.P. Kuala Lumpur,W.P. Kuala Lumpur,,2025-02,20.7,,1.3b!R23C8
1.3b,share_pct,,W.P. Kuala Lumpur,W.P. Kuala Lumpur,,2025-03,20.7,,1.3b!R23C9
1.3b,share_pct,,W.P. Kuala Lumpur,W.P. Kuala Lumpur,,2025-04,20.6,,1.3b!R23C10
1.3b,share_pct,,W.P. Kuala Lumpur,W.P. Kuala Lumpur,,2025-05,20.6,,1.3b!R23C11
1.3b,share_pct,,W.P. Kuala Lumpur,W.P. Kuala Lumpur,,2025-06,20.6,,1.3b!R23C12
1.3b,share_pct,,W.P. Kuala Lumpur,W.P. Kuala Lumpur,,2025-07,20.6,,1.3b!R23C13
1.3b,share_pct,,W.P. Kuala Lumpur,W.P. Kuala Lumpur,,2025-08,20.6,,1.3b!R23C14
1.3b,share_pct,,W.P. Kuala Lumpur,W.P. Kuala Lumpur,,2025-09,20.5,,1.3b!R23C15
1.3b,share_pct,,W.P. Kuala Lumpur,W.P. Kuala Lumpur,,2025-10,20.6,,1.3b!R23C16
1.3b,share_pct,,W.P. Kuala Lumpur,W.P. Kuala Lumpur,,2025-11,20.5,,1.3b!R23C17
1.3b,share_pct,,W.P. Kuala Lumpur,W.P. Kuala Lumpur,,2025-12,20.5,,1.3b!R23C18
1.3b,share_pct,,W.P. Kuala Lumpur,W.P. Kuala Lumpur,,2026-01,20.597873092572925,,1.3b!R23C19
1.3b,share_pct,,W.P. Kuala Lumpur,W.P. Kuala Lumpur,,2026-02,20.608704045868496,,1.3b!R23C20
1.3b,share_pct,,W.P. Kuala Lumpur,W.P. Kuala Lumpur,,2026-03,20.579020841305372,,1.3b!R23C21
1.3b,share_pct,,W.P. Labuan,W.P. Labuan,,2024-10,0.3,,1.3b!R24C4
1.3b,share_pct,,W.P. Labuan,W.P. Labuan,,2024-11,0.3,,1.3b!R24C5
1.3b,share_pct,,W.P. Labuan,W.P. Labuan,,2024-12,0.3,,1.3b!R24C6
1.3b,share_pct,,W.P. Labuan,W.P. Labuan,,2025-01,0.3,,1.3b!R24C7
1.3b,share_pct,,W.P. Labuan,W.P. Labuan,,2025-02,0.3,,1.3b!R24C8
1.3b,share_pct,,W.P. Labuan,W.P. Labuan,,2025-03,0.3,,1.3b!R24C9
1.3b,share_pct,,W.P. Labuan,W.P. Labuan,,2025-04,0.3,,1.3b!R24C10
1.3b,share_pct,,W.P. Labuan,W.P. Labuan,,2025-05,0.3,,1.3b!R24C11
1.3b,share_pct,,W.P. Labuan,W.P. Labuan,,2025-06,0.3,,1.3b!R24C12
1.3b,share_pct,,W.P. Labuan,W.P. Labuan,,2025-07,0.3,,1.3b!R24C13
1.3b,share_pct,,W.P. Labuan,W.P. Labuan,,2025-08,0.3,,1.3b!R24C14
1.3b,share_pct,,W.P. Labuan,W.P. Labuan,,2025-09,0.3,,1.3b!R24C15
1.3b,share_pct,,W.P. Labuan,W.P. Labuan,,2025-10,0.3,,1.3b!R24C16
1.3b,share_pct,,W.P. Labuan,W.P. Labuan,,2025-11,0.3,,1.3b!R24C17
1.3b,share_pct,,W.P. Labuan,W.P. Labuan,,2025-12,0.3,,1.3b!R24C18
1.3b,share_pct,,W.P. Labuan,W.P. Labuan,,2026-01,0.25846743764010155,,1.3b!R24C19
1.3b,share_pct,,W.P. Labuan,W.P. Labuan,,2026-02,0.25824662232097073,,1.3b!R24C20
1.3b,share_pct,,W.P. Labuan,W.P. Labuan,,2026-03,0.25975901775109816,,1.3b!R24C21
1.3b,share_pct,,W.P. Putrajaya,W.P. Putrajaya,,2024-10,0.5,,1.3b!R25C4
1.3b,share_pct,,W.P. Putrajaya,W.P. Putrajaya,,2024-11,0.5,,1.3b!R25C5
1.3b,share_pct,,W.P. Putrajaya,W.P. Putrajaya,,2024-12,0.5,,1.3b!R25C6
1.3b,share_pct,,W.P. Putrajaya,W.P. Putrajaya,,2025-01,0.5,,1.3b!R25C7
1.3b,share_pct,,W.P. Putrajaya,W.P. Putrajaya,,2025-02,0.5,,1.3b!R25C8
1.3b,share_pct,,W.P. Putrajaya,W.P. Putrajaya,,2025-03,0.5,,1.3b!R25C9
1.3b,share_pct,,W.P. Putrajaya,W.P. Putrajaya,,2025-04,0.5,,1.3b!R25C10
1.3b,share_pct,,W.P. Putrajaya,W.P. Putrajaya,,2025-05,0.5,,1.3b!R25C11
1.3b,share_pct,,W.P. Putrajaya,W.P. Putrajaya,,2025-06,0.5,,1.3b!R25C12
1.3b,share_pct,,W.P. Putrajaya,W.P. Putrajaya,,2025-07,0.5,,1.3b!R25C13
1.3b,share_pct,,W.P. Putrajaya,W.P. Putrajaya,,2025-08,0.5,,1.3b!R25C14
1.3b,share_pct,,W.P. Putrajaya,W.P. Putrajaya,,2025-09,0.5,,1.3b!R25C15
1.3b,share_pct,,W.P. Putrajaya,W.P. Putrajaya,,2025-10,0.5,,1.3b!R25C16
1.3b,share_pct,,W.P. Putrajaya,W.P. Putrajaya,,2025-11,0.5,,1.3b!R25C17
1.3b,share_pct,,W.P. Putrajaya,W.P. Putrajaya,,2025-12,0.5,,1.3b!R25C18
1.3b,share_pct,,W.P. Putrajaya,W.P. Putrajaya,,2026-01,0.45147700020028886,,1.3b!R25C19
1.3b,share_pct,,W.P. Putrajaya,W.P. Putrajaya,,2026-02,0.45935979211566896,,1.3b!R25C20
1.3b,share_pct,,W.P. Putrajaya,W.P. Putrajaya,,2026-03,0.46357365015193525,,1.3b!R25C21
1.3c,mom_pct,,Malaysia,Total,,2024-10,0.4,,1.3c!R9C4
1.3c,mom_pct,,Malaysia,Total,,2024-11,-0.2,,1.3c!R9C5
1.3c,mom_pct,,Malaysia,Total,,2024-12,0.0,,1.3c!R9C6
1.3c,mom_pct,,Malaysia,Total,,2025-01,-0.1,,1.3c!R9C7
1.3c,mom_pct,,Malaysia,Total,,2025-02,-0.9,,1.3c!R9C8
1.3c,mom_pct,,Malaysia,Total,,2025-03,0.3,,1.3c!R9C9
1.3c,mom_pct,,Malaysia,Total,,2025-04,2.4,,1.3c!R9C10
1.3c,mom_pct,,Malaysia,Total,,2025-05,0.1,,1.3c!R9C11
1.3c,mom_pct,,Malaysia,Total,,2025-06,0.2,,1.3c!R9C12
1.3c,mom_pct,,Malaysia,Total,,2025-07,1.0,,1.3c!R9C13
1.3c,mom_pct,,Malaysia,Total,,2025-08,0.1,,1.3c!R9C14
1.3c,mom_pct,,Malaysia,Total,,2025-09,0.2,,1.3c!R9C15
1.3c,mom_pct,,Malaysia,Total,,2025-10,0.1,,1.3c!R9C16
1.3c,mom_pct,,Malaysia,Total,,2025-11,0.1,,1.3c!R9C17
1.3c,mom_pct,,Malaysia,Total,,2025-12,0.1,,1.3c!R9C18
1.3c,mom_pct,,Malaysia,Total,,2026-01,-0.0804465802082488,,1.3c!R9C19
1.3c,mom_pct,,Malaysia,Total,,2026-02,-0.7190754651134723,,1.3c!R9C20
1.3c,mom_pct,,Malaysia,Total,,2026-03,0.3440393422121435,,1.3c!R9C21
1.3c,mom_pct,,Johor,Johor,,2024-10,0.1,,1.3c!R10C4
1.3c,mom_pct,,Johor,Johor,,2024-11,-0.1,,1.3c!R10C5
1.3c,mom_pct,,Johor,Johor,,2024-12,0.1,,1.3c!R10C6
1.3c,mom_pct,,Johor,Johor,,2025-01,-0.2,,1.3c!R10C7
1.3c,mom_pct,,Johor,Johor,,2025-02,-0.7,,1.3c!R10C8
1.3c,mom_pct,,Johor,Johor,,2025-03,0.4,,1.3c!R10C9
1.3c,mom_pct,,Johor,Johor,,2025-04,2.4,,1.3c!R10C10
1.3c,mom_pct,,Johor,Johor,,2025-05,0.3,,1.3c!R10C11
1.3c,mom_pct,,Johor,Johor,,2025-06,0.3,,1.3c!R10C12
1.3c,mom_pct,,Johor,Johor,,2025-07,0.9,,1.3c!R10C13
1.3c,mom_pct,,Johor,Johor,,2025-08,0.4,,1.3c!R10C14
1.3c,mom_pct,,Johor,Johor,,2025-09,0.1,,1.3c!R10C15
1.3c,mom_pct,,Johor,Johor,,2025-10,-0.1,,1.3c!R10C16
1.3c,mom_pct,,Johor,Johor,,2025-11,0.2,,1.3c!R10C17
1.3c,mom_pct,,Johor,Johor,,2025-12,0.3,,1.3c!R10C18
1.3c,mom_pct,,Johor,Johor,,2026-01,-0.07337843486420192,,1.3c!R10C19
1.3c,mom_pct,,Johor,Johor,,2026-02,-0.6804291069974377,,1.3c!R10C20
1.3c,mom_pct,,Johor,Johor,,2026-03,0.4230160888703427,,1.3c!R10C21
1.3c,mom_pct,,Kedah,Kedah,,2024-10,0.6,,1.3c!R11C4
1.3c,mom_pct,,Kedah,Kedah,,2024-11,-0.4,,1.3c!R11C5
1.3c,mom_pct,,Kedah,Kedah,,2024-12,-0.3,,1.3c!R11C6
1.3c,mom_pct,,Kedah,Kedah,,2025-01,-0.1,,1.3c!R11C7
1.3c,mom_pct,,Kedah,Kedah,,2025-02,-1.4,,1.3c!R11C8
1.3c,mom_pct,,Kedah,Kedah,,2025-03,0.0,,1.3c!R11C9
1.3c,mom_pct,,Kedah,Kedah,,2025-04,3.0,,1.3c!R11C10
1.3c,mom_pct,,Kedah,Kedah,,2025-05,-0.2,,1.3c!R11C11
1.3c,mom_pct,,Kedah,Kedah,,2025-06,0.1,,1.3c!R11C12
1.3c,mom_pct,,Kedah,Kedah,,2025-07,1.6,,1.3c!R11C13
1.3c,mom_pct,,Kedah,Kedah,,2025-08,0.1,,1.3c!R11C14
1.3c,mom_pct,,Kedah,Kedah,,2025-09,-0.2,,1.3c!R11C15
1.3c,mom_pct,,Kedah,Kedah,,2025-10,0.5,,1.3c!R11C16
1.3c,mom_pct,,Kedah,Kedah,,2025-11,0.2,,1.3c!R11C17
1.3c,mom_pct,,Kedah,Kedah,,2025-12,0.0,,1.3c!R11C18
1.3c,mom_pct,,Kedah,Kedah,,2026-01,-0.642377150798723,,1.3c!R11C19
1.3c,mom_pct,,Kedah,Kedah,,2026-02,-0.8313100285713193,,1.3c!R11C20
1.3c,mom_pct,,Kedah,Kedah,,2026-03,0.2841011544364225,,1.3c!R11C21
1.3c,mom_pct,,Kelantan,Kelantan,,2024-10,1.7,,1.3c!R12C4
1.3c,mom_pct,,Kelantan,Kelantan,,2024-11,-1.1,,1.3c!R12C5
1.3c,mom_pct,,Kelantan,Kelantan,,2024-12,-0.1,,1.3c!R12C6
1.3c,mom_pct,,Kelantan,Kelantan,,2025-01,0.6,,1.3c!R12C7
1.3c,mom_pct,,Kelantan,Kelantan,,2025-02,-2.1,,1.3c!R12C8
1.3c,mom_pct,,Kelantan,Kelantan,,2025-03,0.2,,1.3c!R12C9
1.3c,mom_pct,,Kelantan,Kelantan,,2025-04,4.9,,1.3c!R12C10
1.3c,mom_pct,,Kelantan,Kelantan,,2025-05,-0.7,,1.3c!R12C11
1.3c,mom_pct,,Kelantan,Kelantan,,2025-06,-0.1,,1.3c!R12C12
1.3c,mom_pct,,Kelantan,Kelantan,,2025-07,2.2,,1.3c!R12C13
1.3c,mom_pct,,Kelantan,Kelantan,,2025-08,-0.7,,1.3c!R12C14
1.3c,mom_pct,,Kelantan,Kelantan,,2025-09,-0.5,,1.3c!R12C15
1.3c,mom_pct,,Kelantan,Kelantan,,2025-10,0.3,,1.3c!R12C16
1.3c,mom_pct,,Kelantan,Kelantan,,2025-11,0.0,,1.3c!R12C17
1.3c,mom_pct,,Kelantan,Kelantan,,2025-12,0.5,,1.3c!R12C18
1.3c,mom_pct,,Kelantan,Kelantan,,2026-01,-0.3849178428045219,,1.3c!R12C19
1.3c,mom_pct,,Kelantan,Kelantan,,2026-02,-2.0608276549775706,,1.3c!R12C20
1.3c,mom_pct,,Kelantan,Kelantan,,2026-03,0.9810368233497346,,1.3c!R12C21
1.3c,mom_pct,,Melaka,Melaka,,2024-10,0.6,,1.3c!R13C4
1.3c,mom_pct,,Melaka,Melaka,,2024-11,-0.3,,1.3c!R13C5
1.3c,mom_pct,,Melaka,Melaka,,2024-12,0.0,,1.3c!R13C6
1.3c,mom_pct,,Melaka,Melaka,,2025-01,-0.2,,1.3c!R13C7
1.3c,mom_pct,,Melaka,Melaka,,2025-02,-1.1,,1.3c!R13C8
1.3c,mom_pct,,Melaka,Melaka,,2025-03,0.0,,1.3c!R13C9
1.3c,mom_pct,,Melaka,Melaka,,2025-04,2.1,,1.3c!R13C10
1.3c,mom_pct,,Melaka,Melaka,,2025-05,-0.1,,1.3c!R13C11
1.3c,mom_pct,,Melaka,Melaka,,2025-06,0.1,,1.3c!R13C12
1.3c,mom_pct,,Melaka,Melaka,,2025-07,0.7,,1.3c!R13C13
1.3c,mom_pct,,Melaka,Melaka,,2025-08,0.3,,1.3c!R13C14
1.3c,mom_pct,,Melaka,Melaka,,2025-09,0.2,,1.3c!R13C15
1.3c,mom_pct,,Melaka,Melaka,,2025-10,0.3,,1.3c!R13C16
1.3c,mom_pct,,Melaka,Melaka,,2025-11,0.5,,1.3c!R13C17
1.3c,mom_pct,,Melaka,Melaka,,2025-12,0.1,,1.3c!R13C18
1.3c,mom_pct,,Melaka,Melaka,,2026-01,-0.158769130043368,,1.3c!R13C19
1.3c,mom_pct,,Melaka,Melaka,,2026-02,-0.9022153731816362,,1.3c!R13C20
1.3c,mom_pct,,Melaka,Melaka,,2026-03,-0.41468377604869655,,1.3c!R13C21
1.3c,mom_pct,,Negeri Sembilan,Negeri Sembilan,,2024-10,0.2,,1.3c!R14C4
1.3c,mom_pct,,Negeri Sembilan,Negeri Sembilan,,2024-11,0.6,,1.3c!R14C5
1.3c,mom_pct,,Negeri Sembilan,Negeri Sembilan,,2024-12,-0.1,,1.3c!R14C6
1.3c,mom_pct,,Negeri Sembilan,Negeri Sembilan,,2025-01,-0.5,,1.3c!R14C7
1.3c,mom_pct,,Negeri Sembilan,Negeri Sembilan,,2025-02,-1.4,,1.3c!R14C8
1.3c,mom_pct,,Negeri Sembilan,Negeri Sembilan,,2025-03,0.0,,1.3c!R14C9
1.3c,mom_pct,,Negeri Sembilan,Negeri Sembilan,,2025-04,1.9,,1.3c!R14C10
1.3c,mom_pct,,Negeri Sembilan,Negeri Sembilan,,2025-05,-0.3,,1.3c!R14C11
1.3c,mom_pct,,Negeri Sembilan,Negeri Sembilan,,2025-06,0.0,,1.3c!R14C12
1.3c,mom_pct,,Negeri Sembilan,Negeri Sembilan,,2025-07,0.4,,1.3c!R14C13
1.3c,mom_pct,,Negeri Sembilan,Negeri Sembilan,,2025-08,0.1,,1.3c!R14C14
1.3c,mom_pct,,Negeri Sembilan,Negeri Sembilan,,2025-09,0.1,,1.3c!R14C15
1.3c,mom_pct,,Negeri Sembilan,Negeri Sembilan,,2025-10,0.1,,1.3c!R14C16
1.3c,mom_pct,,Negeri Sembilan,Negeri Sembilan,,2025-11,0.6,,1.3c!R14C17
1.3c,mom_pct,,Negeri Sembilan,Negeri Sembilan,,2025-12,0.3,,1.3c!R14C18
1.3c,mom_pct,,Negeri Sembilan,Negeri Sembilan,,2026-01,-0.6954632820407869,,1.3c!R14C19
1.3c,mom_pct,,Negeri Sembilan,Negeri Sembilan,,2026-02,-0.9030469962377774,,1.3c!R14C20
1.3c,mom_pct,,Negeri Sembilan,Negeri Sembilan,,2026-03,0.3992973291573776,,1.3c!R14C21
1.3c,mom_pct,,Pahang,Pahang,,2024-10,0.3,,1.3c!R15C4
1.3c,mom_pct,,Pahang,Pahang,,2024-11,-0.4,,1.3c!R15C5
1.3c,mom_pct,,Pahang,Pahang,,2024-12,-0.2,,1.3c!R15C6
1.3c,mom_pct,,Pahang,Pahang,,2025-01,-0.8,,1.3c!R15C7
1.3c,mom_pct,,Pahang,Pahang,,2025-02,-1.1,,1.3c!R15C8
1.3c,mom_pct,,Pahang,Pahang,,2025-03,0.3,,1.3c!R15C9
1.3c,mom_pct,,Pahang,Pahang,,2025-04,2.6,,1.3c!R15C10
1.3c,mom_pct,,Pahang,Pahang,,2025-05,-0.3,,1.3c!R15C11
1.3c,mom_pct,,Pahang,Pahang,,2025-06,0.1,,1.3c!R15C12
1.3c,mom_pct,,Pahang,Pahang,,2025-07,1.0,,1.3c!R15C13
1.3c,mom_pct,,Pahang,Pahang,,2025-08,0.0,,1.3c!R15C14
1.3c,mom_pct,,Pahang,Pahang,,2025-09,-0.3,,1.3c!R15C15
1.3c,mom_pct,,Pahang,Pahang,,2025-10,0.5,,1.3c!R15C16
1.3c,mom_pct,,Pahang,Pahang,,2025-11,0.1,,1.3c!R15C17
1.3c,mom_pct,,Pahang,Pahang,,2025-12,0.0,,1.3c!R15C18
1.3c,mom_pct,,Pahang,Pahang,,2026-01,-0.7338880562302919,,1.3c!R15C19
1.3c,mom_pct,,Pahang,Pahang,,2026-02,-1.038394566795664,,1.3c!R15C20
1.3c,mom_pct,,Pahang,Pahang,,2026-03,0.28643580330627305,,1.3c!R15C21
1.3c,mom_pct,,Pulau Pinang,Pulau Pinang,,2024-10,0.1,,1.3c!R16C4
1.3c,mom_pct,,Pulau Pinang,Pulau Pinang,,2024-11,-0.1,,1.3c!R16C5
1.3c,mom_pct,,Pulau Pinang,Pulau Pinang,,2024-12,0.1,,1.3c!R16C6
1.3c,mom_pct,,Pulau Pinang,Pulau Pinang,,2025-01,0.3,,1.3c!R16C7
1.3c,mom_pct,,Pulau Pinang,Pulau Pinang,,2025-02,-0.6,,1.3c!R16C8
1.3c,mom_pct,,Pulau Pinang,Pulau Pinang,,2025-03,0.3,,1.3c!R16C9
1.3c,mom_pct,,Pulau Pinang,Pulau Pinang,,2025-04,2.1,,1.3c!R16C10
1.3c,mom_pct,,Pulau Pinang,Pulau Pinang,,2025-05,0.5,,1.3c!R16C11
1.3c,mom_pct,,Pulau Pinang,Pulau Pinang,,2025-06,0.6,,1.3c!R16C12
1.3c,mom_pct,,Pulau Pinang,Pulau Pinang,,2025-07,0.9,,1.3c!R16C13
1.3c,mom_pct,,Pulau Pinang,Pulau Pinang,,2025-08,0.1,,1.3c!R16C14
1.3c,mom_pct,,Pulau Pinang,Pulau Pinang,,2025-09,0.3,,1.3c!R16C15
1.3c,mom_pct,,Pulau Pinang,Pulau Pinang,,2025-10,0.1,,1.3c!R16C16
1.3c,mom_pct,,Pulau Pinang,Pulau Pinang,,2025-11,0.4,,1.3c!R16C17
1.3c,mom_pct,,Pulau Pinang,Pulau Pinang,,2025-12,0.2,,1.3c!R16C18
1.3c,mom_pct,,Pulau Pinang,Pulau Pinang,,2026-01,0.06504739669770387,,1.3c!R16C19
1.3c,mom_pct,,Pulau Pinang,Pulau Pinang,,2026-02,-0.2949826594470184,,1.3c!R16C20
1.3c,mom_pct,,Pulau Pinang,Pulau Pinang,,2026-03,0.03506564676736268,,1.3c!R16C21
1.3c,mom_pct,,Perak,Perak,,2024-10,0.2,,1.3c!R17C4
1.3c,mom_pct,,Perak,Perak,,2024-11,-0.5,,1.3c!R17C5
1.3c,mom_pct,,Perak,Perak,,2024-12,-0.1,,1.3c!R17C6
1.3c,mom_pct,,Perak,Perak,,2025-01,0.1,,1.3c!R17C7
1.3c,mom_pct,,Perak,Perak,,2025-02,-2.0,,1.3c!R17C8
1.3c,mom_pct,,Perak,Perak,,2025-03,1.1,,1.3c!R17C9
1.3c,mom_pct,,Perak,Perak,,2025-04,2.7,,1.3c!R17C10
1.3c,mom_pct,,Perak,Perak,,2025-05,-0.1,,1.3c!R17C11
1.3c,mom_pct,,Perak,Perak,,2025-06,0.1,,1.3c!R17C12
1.3c,mom_pct,,Perak,Perak,,2025-07,0.4,,1.3c!R17C13
1.3c,mom_pct,,Perak,Perak,,2025-08,0.1,,1.3c!R17C14
1.3c,mom_pct,,Perak,Perak,,2025-09,0.3,,1.3c!R17C15
1.3c,mom_pct,,Perak,Perak,,2025-10,0.1,,1.3c!R17C16
1.3c,mom_pct,,Perak,Perak,,2025-11,0.2,,1.3c!R17C17
1.3c,mom_pct,,Perak,Perak,,2025-12,0.2,,1.3c!R17C18
1.3c,mom_pct,,Perak,Perak,,2026-01,-0.3304922595234072,,1.3c!R17C19
1.3c,mom_pct,,Perak,Perak,,2026-02,-0.8663674894041296,,1.3c!R17C20
1.3c,mom_pct,,Perak,Perak,,2026-03,0.09022320025149355,,1.3c!R17C21
1.3c,mom_pct,,Perlis,Perlis,,2024-10,2.3,,1.3c!R18C4
1.3c,mom_pct,,Perlis,Perlis,,2024-11,-1.7,,1.3c!R18C5
1.3c,mom_pct,,Perlis,Perlis,,2024-12,0.2,,1.3c!R18C6
1.3c,mom_pct,,Perlis,Perlis,,2025-01,0.4,,1.3c!R18C7
1.3c,mom_pct,,Perlis,Perlis,,2025-02,-2.7,,1.3c!R18C8
1.3c,mom_pct,,Perlis,Perlis,,2025-03,0.7,,1.3c!R18C9
1.3c,mom_pct,,Perlis,Perlis,,2025-04,5.5,,1.3c!R18C10
1.3c,mom_pct,,Perlis,Perlis,,2025-05,-2.1,,1.3c!R18C11
1.3c,mom_pct,,Perlis,Perlis,,2025-06,0.2,,1.3c!R18C12
1.3c,mom_pct,,Perlis,Perlis,,2025-07,1.0,,1.3c!R18C13
1.3c,mom_pct,,Perlis,Perlis,,2025-08,-0.1,,1.3c!R18C14
1.3c,mom_pct,,Perlis,Perlis,,2025-09,-0.1,,1.3c!R18C15
1.3c,mom_pct,,Perlis,Perlis,,2025-10,0.8,,1.3c!R18C16
1.3c,mom_pct,,Perlis,Perlis,,2025-11,-0.6,,1.3c!R18C17
1.3c,mom_pct,,Perlis,Perlis,,2025-12,-0.5,,1.3c!R18C18
1.3c,mom_pct,,Perlis,Perlis,,2026-01,-0.5363496362381093,,1.3c!R18C19
1.3c,mom_pct,,Perlis,Perlis,,2026-02,-1.8045915643353005,,1.3c!R18C20
1.3c,mom_pct,,Perlis,Perlis,,2026-03,0.3806002609830328,,1.3c!R18C21
1.3c,mom_pct,,Selangor,Selangor,,2024-10,0.3,,1.3c!R19C4
1.3c,mom_pct,,Selangor,Selangor,,2024-11,0.0,,1.3c!R19C5
1.3c,mom_pct,,Selangor,Selangor,,2024-12,0.1,,1.3c!R19C6
1.3c,mom_pct,,Selangor,Selangor,,2025-01,-0.1,,1.3c!R19C7
1.3c,mom_pct,,Selangor,Selangor,,2025-02,-0.9,,1.3c!R19C8
1.3c,mom_pct,,Selangor,Selangor,,2025-03,0.3,,1.3c!R19C9
1.3c,mom_pct,,Selangor,Selangor,,2025-04,2.5,,1.3c!R19C10
1.3c,mom_pct,,Selangor,Selangor,,2025-05,0.2,,1.3c!R19C11
1.3c,mom_pct,,Selangor,Selangor,,2025-06,0.3,,1.3c!R19C12
1.3c,mom_pct,,Selangor,Selangor,,2025-07,0.8,,1.3c!R19C13
1.3c,mom_pct,,Selangor,Selangor,,2025-08,0.2,,1.3c!R19C14
1.3c,mom_pct,,Selangor,Selangor,,2025-09,0.2,,1.3c!R19C15
1.3c,mom_pct,,Selangor,Selangor,,2025-10,0.0,,1.3c!R19C16
1.3c,mom_pct,,Selangor,Selangor,,2025-11,0.1,,1.3c!R19C17
1.3c,mom_pct,,Selangor,Selangor,,2025-12,0.2,,1.3c!R19C18
1.3c,mom_pct,,Selangor,Selangor,,2026-01,0.011521354831178776,,1.3c!R19C19
1.3c,mom_pct,,Selangor,Selangor,,2026-02,-0.6935056595891997,,1.3c!R19C20
1.3c,mom_pct,,Selangor,Selangor,,2026-03,0.3471568994848795,,1.3c!R19C21
1.3c,mom_pct,,Terengganu,Terengganu,,2024-10,0.7,,1.3c!R20C4
1.3c,mom_pct,,Terengganu,Terengganu,,2024-11,-2.2,,1.3c!R20C5
1.3c,mom_pct,,Terengganu,Terengganu,,2024-12,-0.1,,1.3c!R20C6
1.3c,mom_pct,,Terengganu,Terengganu,,2025-01,0.0,,1.3c!R20C7
1.3c,mom_pct,,Terengganu,Terengganu,,2025-02,-1.7,,1.3c!R20C8
1.3c,mom_pct,,Terengganu,Terengganu,,2025-03,0.5,,1.3c!R20C9
1.3c,mom_pct,,Terengganu,Terengganu,,2025-04,3.3,,1.3c!R20C10
1.3c,mom_pct,,Terengganu,Terengganu,,2025-05,-0.6,,1.3c!R20C11
1.3c,mom_pct,,Terengganu,Terengganu,,2025-06,0.1,,1.3c!R20C12
1.3c,mom_pct,,Terengganu,Terengganu,,2025-07,1.9,,1.3c!R20C13
1.3c,mom_pct,,Terengganu,Terengganu,,2025-08,-0.3,,1.3c!R20C14
1.3c,mom_pct,,Terengganu,Terengganu,,2025-09,0.3,,1.3c!R20C15
1.3c,mom_pct,,Terengganu,Terengganu,,2025-10,-0.1,,1.3c!R20C16
1.3c,mom_pct,,Terengganu,Terengganu,,2025-11,-1.0,,1.3c!R20C17
1.3c,mom_pct,,Terengganu,Terengganu,,2025-12,-0.5,,1.3c!R20C18
1.3c,mom_pct,,Terengganu,Terengganu,,2026-01,-0.14781665310550363,,1.3c!R20C19
1.3c,mom_pct,,Terengganu,Terengganu,,2026-02,-1.9767489236870328,,1.3c!R20C20
1.3c,mom_pct,,Terengganu,Terengganu,,2026-03,0.5237234241536326,,1.3c!R20C21
1.3c,mom_pct,,Sabah,Sabah,,2024-10,0.0,,1.3c!R21C4
1.3c,mom_pct,,Sabah,Sabah,,2024-11,-0.4,,1.3c!R21C5
1.3c,mom_pct,,Sabah,Sabah,,2024-12,-0.1,,1.3c!R21C6
1.3c,mom_pct,,Sabah,Sabah,,2025-01,0.1,,1.3c!R21C7
1.3c,mom_pct,,Sabah,Sabah,,2025-02,-0.5,,1.3c!R21C8
1.3c,mom_pct,,Sabah,Sabah,,2025-03,0.5,,1.3c!R21C9
1.3c,mom_pct,,Sabah,Sabah,,2025-04,2.0,,1.3c!R21C10
1.3c,mom_pct,,Sabah,Sabah,,2025-05,0.1,,1.3c!R21C11
1.3c,mom_pct,,Sabah,Sabah,,2025-06,0.1,,1.3c!R21C12
1.3c,mom_pct,,Sabah,Sabah,,2025-07,1.6,,1.3c!R21C13
1.3c,mom_pct,,Sabah,Sabah,,2025-08,-0.1,,1.3c!R21C14
1.3c,mom_pct,,Sabah,Sabah,,2025-09,-0.1,,1.3c!R21C15
1.3c,mom_pct,,Sabah,Sabah,,2025-10,0.4,,1.3c!R21C16
1.3c,mom_pct,,Sabah,Sabah,,2025-11,0.1,,1.3c!R21C17
1.3c,mom_pct,,Sabah,Sabah,,2025-12,-0.1,,1.3c!R21C18
1.3c,mom_pct,,Sabah,Sabah,,2026-01,-0.3747934568244182,,1.3c!R21C19
1.3c,mom_pct,,Sabah,Sabah,,2026-02,-0.44716397232540395,,1.3c!R21C20
1.3c,mom_pct,,Sabah,Sabah,,2026-03,0.9758470776915606,,1.3c!R21C21
1.3c,mom_pct,,Sarawak,Sarawak,,2024-10,0.5,,1.3c!R22C4
1.3c,mom_pct,,Sarawak,Sarawak,,2024-11,-0.4,,1.3c!R22C5
1.3c,mom_pct,,Sarawak,Sarawak,,2024-12,-0.4,,1.3c!R22C6
1.3c,mom_pct,,Sarawak,Sarawak,,2025-01,-0.6,,1.3c!R22C7
1.3c,mom_pct,,Sarawak,Sarawak,,2025-02,-1.0,,1.3c!R22C8
1.3c,mom_pct,,Sarawak,Sarawak,,2025-03,0.6,,1.3c!R22C9
1.3c,mom_pct,,Sarawak,Sarawak,,2025-04,2.5,,1.3c!R22C10
1.3c,mom_pct,,Sarawak,Sarawak,,2025-05,0.1,,1.3c!R22C11
1.3c,mom_pct,,Sarawak,Sarawak,,2025-06,0.3,,1.3c!R22C12
1.3c,mom_pct,,Sarawak,Sarawak,,2025-07,1.1,,1.3c!R22C13
1.3c,mom_pct,,Sarawak,Sarawak,,2025-08,0.1,,1.3c!R22C14
1.3c,mom_pct,,Sarawak,Sarawak,,2025-09,0.3,,1.3c!R22C15
1.3c,mom_pct,,Sarawak,Sarawak,,2025-10,0.1,,1.3c!R22C16
1.3c,mom_pct,,Sarawak,Sarawak,,2025-11,0.1,,1.3c!R22C17
1.3c,mom_pct,,Sarawak,Sarawak,,2025-12,0.1,,1.3c!R22C18
1.3c,mom_pct,,Sarawak,Sarawak,,2026-01,-0.27384826037123444,,1.3c!R22C19
1.3c,mom_pct,,Sarawak,Sarawak,,2026-02,-0.7524509614865504,,1.3c!R22C20
1.3c,mom_pct,,Sarawak,Sarawak,,2026-03,0.7360055958186784,,1.3c!R22C21
1.3c,mom_pct,,W.P. Kuala Lumpur,W.P. Kuala Lumpur,,2024-10,0.6,,1.3c!R23C4
1.3c,mom_pct,,W.P. Kuala Lumpur,W.P. Kuala Lumpur,,2024-11,-0.1,,1.3c!R23C5
1.3c,mom_pct,,W.P. Kuala Lumpur,W.P. Kuala Lumpur,,2024-12,0.2,,1.3c!R23C6
1.3c,mom_pct,,W.P. Kuala Lumpur,W.P. Kuala Lumpur,,2025-01,0.1,,1.3c!R23C7
1.3c,mom_pct,,W.P. Kuala Lumpur,W.P. Kuala Lumpur,,2025-02,-0.6,,1.3c!R23C8
1.3c,mom_pct,,W.P. Kuala Lumpur,W.P. Kuala Lumpur,,2025-03,0.2,,1.3c!R23C9
1.3c,mom_pct,,W.P. Kuala Lumpur,W.P. Kuala Lumpur,,2025-04,1.9,,1.3c!R23C10
1.3c,mom_pct,,W.P. Kuala Lumpur,W.P. Kuala Lumpur,,2025-05,0.1,,1.3c!R23C11
1.3c,mom_pct,,W.P. Kuala Lumpur,W.P. Kuala Lumpur,,2025-06,0.2,,1.3c!R23C12
1.3c,mom_pct,,W.P. Kuala Lumpur,W.P. Kuala Lumpur,,2025-07,1.0,,1.3c!R23C13
1.3c,mom_pct,,W.P. Kuala Lumpur,W.P. Kuala Lumpur,,2025-08,0.1,,1.3c!R23C14
1.3c,mom_pct,,W.P. Kuala Lumpur,W.P. Kuala Lumpur,,2025-09,0.1,,1.3c!R23C15
1.3c,mom_pct,,W.P. Kuala Lumpur,W.P. Kuala Lumpur,,2025-10,0.3,,1.3c!R23C16
1.3c,mom_pct,,W.P. Kuala Lumpur,W.P. Kuala Lumpur,,2025-11,-0.1,,1.3c!R23C17
1.3c,mom_pct,,W.P. Kuala Lumpur,W.P. Kuala Lumpur,,2025-12,0.2,,1.3c!R23C18
1.3c,mom_pct,,W.P. Kuala Lumpur,W.P. Kuala Lumpur,,2026-01,0.27310541290936907,,1.3c!R23C19
1.3c,mom_pct,,W.P. Kuala Lumpur,W.P. Kuala Lumpur,,2026-02,-0.6668707033914423,,1.3c!R23C20
1.3c,mom_pct,,W.P. Kuala Lumpur,W.P. Kuala Lumpur,,2026-03,0.19951144565661938,,1.3c!R23C21
1.3c,mom_pct,,W.P. Labuan,W.P. Labuan,,2024-10,2.9,,1.3c!R24C4
1.3c,mom_pct,,W.P. Labuan,W.P. Labuan,,2024-11,0.4,,1.3c!R24C5
1.3c,mom_pct,,W.P. Labuan,W.P. Labuan,,2024-12,-0.7,,1.3c!R24C6
1.3c,mom_pct,,W.P. Labuan,W.P. Labuan,,2025-01,-0.5,,1.3c!R24C7
1.3c,mom_pct,,W.P. Labuan,W.P. Labuan,,2025-02,-0.4,,1.3c!R24C8
1.3c,mom_pct,,W.P. Labuan,W.P. Labuan,,2025-03,0.7,,1.3c!R24C9
1.3c,mom_pct,,W.P. Labuan,W.P. Labuan,,2025-04,2.4,,1.3c!R24C10
1.3c,mom_pct,,W.P. Labuan,W.P. Labuan,,2025-05,0.3,,1.3c!R24C11
1.3c,mom_pct,,W.P. Labuan,W.P. Labuan,,2025-06,0.3,,1.3c!R24C12
1.3c,mom_pct,,W.P. Labuan,W.P. Labuan,,2025-07,0.6,,1.3c!R24C13
1.3c,mom_pct,,W.P. Labuan,W.P. Labuan,,2025-08,0.8,,1.3c!R24C14
1.3c,mom_pct,,W.P. Labuan,W.P. Labuan,,2025-09,-0.1,,1.3c!R24C15
1.3c,mom_pct,,W.P. Labuan,W.P. Labuan,,2025-10,0.2,,1.3c!R24C16
1.3c,mom_pct,,W.P. Labuan,W.P. Labuan,,2025-11,0.7,,1.3c!R24C17
1.3c,mom_pct,,W.P. Labuan,W.P. Labuan,,2025-12,-0.1,,1.3c!R24C18
1.3c,mom_pct,,W.P. Labuan,W.P. Labuan,,2026-01,-2.0672664952870567,,1.3c!R24C19
1.3c,mom_pct,,W.P. Labuan,W.P. Labuan,,2026-02,-0.803893689161117,,1.3c!R24C20
1.3c,mom_pct,,W.P. Labuan,W.P. Labuan,,2026-03,0.9316941396990019,,1.3c!R24C21
1.3c,mom_pct,,W.P. Putrajaya,W.P. Putrajaya,,2024-10,0.2,,1.3c!R25C4
1.3c,mom_pct,,W.P. Putrajaya,W.P. Putrajaya,,2024-11,1.3,,1.3c!R25C5
1.3c,mom_pct,,W.P. Putrajaya,W.P. Putrajaya,,2024-12,-0.3,,1.3c!R25C6
1.3c,mom_pct,,W.P. Putrajaya,W.P. Putrajaya,,2025-01,0.5,,1.3c!R25C7
1.3c,mom_pct,,W.P. Putrajaya,W.P. Putrajaya,,2025-02,-0.1,,1.3c!R25C8
1.3c,mom_pct,,W.P. Putrajaya,W.P. Putrajaya,,2025-03,0.5,,1.3c!R25C9
1.3c,mom_pct,,W.P. Putrajaya,W.P. Putrajaya,,2025-04,2.2,,1.3c!R25C10
1.3c,mom_pct,,W.P. Putrajaya,W.P. Putrajaya,,2025-05,0.1,,1.3c!R25C11
1.3c,mom_pct,,W.P. Putrajaya,W.P. Putrajaya,,2025-06,-0.2,,1.3c!R25C12
1.3c,mom_pct,,W.P. Putrajaya,W.P. Putrajaya,,2025-07,0.9,,1.3c!R25C13
1.3c,mom_pct,,W.P. Putrajaya,W.P. Putrajaya,,2025-08,0.3,,1.3c!R25C14
1.3c,mom_pct,,W.P. Putrajaya,W.P. Putrajaya,,2025-09,-0.2,,1.3c!R25C15
1.3c,mom_pct,,W.P. Putrajaya,W.P. Putrajaya,,2025-10,-0.5,,1.3c!R25C16
1.3c,mom_pct,,W.P. Putrajaya,W.P. Putrajaya,,2025-11,-0.8,,1.3c!R25C17
1.3c,mom_pct,,W.P. Putrajaya,W.P. Putrajaya,,2025-12,-0.9,,1.3c!R25C18
1.3c,mom_pct,,W.P. Putrajaya,W.P. Putrajaya,,2026-01,-1.190991771329586,,1.3c!R25C19
1.3c,mom_pct,,W.P. Putrajaya,W.P. Putrajaya,,2026-02,1.0143702451394843,,1.3c!R25C20
1.3c,mom_pct,,W.P. Putrajaya,W.P. Putrajaya,,2026-03,1.264528126452813,,1.3c!R25C21
1.3d,yoy_pct,,Malaysia,Total,,2024-10,2.1,,1.3d!R9C4
1.3d,yoy_pct,,Malaysia,Total,,2024-11,2.3,,1.3d!R9C5
1.3d,yoy_pct,,Malaysia,Total,,2024-12,2.3,,1.3d!R9C6
1.3d,yoy_pct,,Malaysia,Total,,2025-01,3.1,,1.3d!R9C7
1.3d,yoy_pct,,Malaysia,Total,,2025-02,3.4,,1.3d!R9C8
1.3d,yoy_pct,,Malaysia,Total,,2025-03,3.6,,1.3d!R9C9
1.3d,yoy_pct,,Malaysia,Total,,2025-04,3.3,,1.3d!R9C10
1.3d,yoy_pct,,Malaysia,Total,,2025-05,3.5,,1.3d!R9C11
1.3d,yoy_pct,,Malaysia,Total,,2025-06,3.5,,1.3d!R9C12
1.3d,yoy_pct,,Malaysia,Total,,2025-07,3.5,,1.3d!R9C13
1.3d,yoy_pct,,Malaysia,Total,,2025-08,3.5,,1.3d!R9C14
1.3d,yoy_pct,,Malaysia,Total,,2025-09,3.5,,1.3d!R9C15
1.3d,yoy_pct,,Malaysia,Total,,2025-10,3.3,,1.3d!R9C16
1.3d,yoy_pct,,Malaysia,Total,,2025-11,3.5,,1.3d!R9C17
1.3d,yoy_pct,,Malaysia,Total,,2025-12,3.6,,1.3d!R9C18
1.3d,yoy_pct,,Malaysia,Total,,2026-01,3.6522327461623316,,1.3d!R9C19
1.3d,yoy_pct,,Malaysia,Total,,2026-02,3.8498745993025274,,1.3d!R9C20
1.3d,yoy_pct,,Malaysia,Total,,2026-03,3.8496017124992177,,1.3d!R9C21
1.3d,yoy_pct,,Johor,Johor,,2024-10,3.2,,1.3d!R10C4
1.3d,yoy_pct,,Johor,Johor,,2024-11,2.9,,1.3d!R10C5
1.3d,yoy_pct,,Johor,Johor,,2024-12,2.8,,1.3d!R10C6
1.3d,yoy_pct,,Johor,Johor,,2025-01,3.4,,1.3d!R10C7
1.3d,yoy_pct,,Johor,Johor,,2025-02,3.9,,1.3d!R10C8
1.3d,yoy_pct,,Johor,Johor,,2025-03,4.0,,1.3d!R10C9
1.3d,yoy_pct,,Johor,Johor,,2025-04,3.5,,1.3d!R10C10
1.3d,yoy_pct,,Johor,Johor,,2025-05,3.8,,1.3d!R10C11
1.3d,yoy_pct,,Johor,Johor,,2025-06,3.9,,1.3d!R10C12
1.3d,yoy_pct,,Johor,Johor,,2025-07,3.8,,1.3d!R10C13
1.3d,yoy_pct,,Johor,Johor,,2025-08,3.9,,1.3d!R10C14
1.3d,yoy_pct,,Johor,Johor,,2025-09,4.1,,1.3d!R10C15
1.3d,yoy_pct,,Johor,Johor,,2025-10,4.0,,1.3d!R10C16
1.3d,yoy_pct,,Johor,Johor,,2025-11,4.2,,1.3d!R10C17
1.3d,yoy_pct,,Johor,Johor,,2025-12,4.4,,1.3d!R10C18
1.3d,yoy_pct,,Johor,Johor,,2026-01,4.542039880790805,,1.3d!R10C19
1.3d,yoy_pct,,Johor,Johor,,2026-02,4.601009250078025,,1.3d!R10C20
1.3d,yoy_pct,,Johor,Johor,,2026-03,4.634114466905581,,1.3d!R10C21
1.3d,yoy_pct,,Kedah,Kedah,,2024-10,2.2,,1.3d!R11C4
1.3d,yoy_pct,,Kedah,Kedah,,2024-11,1.9,,1.3d!R11C5
1.3d,yoy_pct,,Kedah,Kedah,,2024-12,1.7,,1.3d!R11C6
1.3d,yoy_pct,,Kedah,Kedah,,2025-01,2.8,,1.3d!R11C7
1.3d,yoy_pct,,Kedah,Kedah,,2025-02,2.9,,1.3d!R11C8
1.3d,yoy_pct,,Kedah,Kedah,,2025-03,2.5,,1.3d!R11C9
1.3d,yoy_pct,,Kedah,Kedah,,2025-04,1.3,,1.3d!R11C10
1.3d,yoy_pct,,Kedah,Kedah,,2025-05,1.9,,1.3d!R11C11
1.3d,yoy_pct,,Kedah,Kedah,,2025-06,2.1,,1.3d!R11C12
1.3d,yoy_pct,,Kedah,Kedah,,2025-07,2.3,,1.3d!R11C13
1.3d,yoy_pct,,Kedah,Kedah,,2025-08,2.8,,1.3d!R11C14
1.3d,yoy_pct,,Kedah,Kedah,,2025-09,2.8,,1.3d!R11C15
1.3d,yoy_pct,,Kedah,Kedah,,2025-10,2.6,,1.3d!R11C16
1.3d,yoy_pct,,Kedah,Kedah,,2025-11,3.2,,1.3d!R11C17
1.3d,yoy_pct,,Kedah,Kedah,,2025-12,3.5,,1.3d!R11C18
1.3d,yoy_pct,,Kedah,Kedah,,2026-01,2.9512716978198794,,1.3d!R11C19
1.3d,yoy_pct,,Kedah,Kedah,,2026-02,3.564344109225215,,1.3d!R11C20
1.3d,yoy_pct,,Kedah,Kedah,,2026-03,3.908591927059546,,1.3d!R11C21
1.3d,yoy_pct,,Kelantan,Kelantan,,2024-10,0.3,,1.3d!R12C4
1.3d,yoy_pct,,Kelantan,Kelantan,,2024-11,0.1,,1.3d!R12C5
1.3d,yoy_pct,,Kelantan,Kelantan,,2024-12,0.3,,1.3d!R12C6
1.3d,yoy_pct,,Kelantan,Kelantan,,2025-01,2.3,,1.3d!R12C7
1.3d,yoy_pct,,Kelantan,Kelantan,,2025-02,3.2,,1.3d!R12C8
1.3d,yoy_pct,,Kelantan,Kelantan,,2025-03,3.1,,1.3d!R12C9
1.3d,yoy_pct,,Kelantan,Kelantan,,2025-04,1.9,,1.3d!R12C10
1.3d,yoy_pct,,Kelantan,Kelantan,,2025-05,2.7,,1.3d!R12C11
1.3d,yoy_pct,,Kelantan,Kelantan,,2025-06,2.9,,1.3d!R12C12
1.3d,yoy_pct,,Kelantan,Kelantan,,2025-07,2.7,,1.3d!R12C13
1.3d,yoy_pct,,Kelantan,Kelantan,,2025-08,3.6,,1.3d!R12C14
1.3d,yoy_pct,,Kelantan,Kelantan,,2025-09,4.1,,1.3d!R12C15
1.3d,yoy_pct,,Kelantan,Kelantan,,2025-10,2.6,,1.3d!R12C16
1.3d,yoy_pct,,Kelantan,Kelantan,,2025-11,3.7,,1.3d!R12C17
1.3d,yoy_pct,,Kelantan,Kelantan,,2025-12,4.4,,1.3d!R12C18
1.3d,yoy_pct,,Kelantan,Kelantan,,2026-01,3.362679836804805,,1.3d!R12C19
1.3d,yoy_pct,,Kelantan,Kelantan,,2026-02,3.4052400118443016,,1.3d!R12C20
1.3d,yoy_pct,,Kelantan,Kelantan,,2026-03,4.233354498281239,,1.3d!R12C21
1.3d,yoy_pct,,Melaka,Melaka,,2024-10,0.3,,1.3d!R13C4
1.3d,yoy_pct,,Melaka,Melaka,,2024-11,0.4,,1.3d!R13C5
1.3d,yoy_pct,,Melaka,Melaka,,2024-12,0.5,,1.3d!R13C6
1.3d,yoy_pct,,Melaka,Melaka,,2025-01,1.9,,1.3d!R13C7
1.3d,yoy_pct,,Melaka,Melaka,,2025-02,2.7,,1.3d!R13C8
1.3d,yoy_pct,,Melaka,Melaka,,2025-03,2.4,,1.3d!R13C9
1.3d,yoy_pct,,Melaka,Melaka,,2025-04,2.1,,1.3d!R13C10
1.3d,yoy_pct,,Melaka,Melaka,,2025-05,2.5,,1.3d!R13C11
1.3d,yoy_pct,,Melaka,Melaka,,2025-06,2.3,,1.3d!R13C12
1.3d,yoy_pct,,Melaka,Melaka,,2025-07,1.9,,1.3d!R13C13
1.3d,yoy_pct,,Melaka,Melaka,,2025-08,2.3,,1.3d!R13C14
1.3d,yoy_pct,,Melaka,Melaka,,2025-09,2.2,,1.3d!R13C15
1.3d,yoy_pct,,Melaka,Melaka,,2025-10,1.9,,1.3d!R13C16
1.3d,yoy_pct,,Melaka,Melaka,,2025-11,2.7,,1.3d!R13C17
1.3d,yoy_pct,,Melaka,Melaka,,2025-12,2.8,,1.3d!R13C18
1.3d,yoy_pct,,Melaka,Melaka,,2026-01,2.8373935766669467,,1.3d!R13C19
1.3d,yoy_pct,,Melaka,Melaka,,2026-02,2.991321929166957,,1.3d!R13C20
1.3d,yoy_pct,,Melaka,Melaka,,2026-03,2.5467616094852152,,1.3d!R13C21
1.3d,yoy_pct,,Negeri Sembilan,Negeri Sembilan,,2024-10,0.2,,1.3d!R14C4
1.3d,yoy_pct,,Negeri Sembilan,Negeri Sembilan,,2024-11,1.7,,1.3d!R14C5
1.3d,yoy_pct,,Negeri Sembilan,Negeri Sembilan,,2024-12,1.5,,1.3d!R14C6
1.3d,yoy_pct,,Negeri Sembilan,Negeri Sembilan,,2025-01,2.1,,1.3d!R14C7
1.3d,yoy_pct,,Negeri Sembilan,Negeri Sembilan,,2025-02,2.8,,1.3d!R14C8
1.3d,yoy_pct,,Negeri Sembilan,Negeri Sembilan,,2025-03,2.7,,1.3d!R14C9
1.3d,yoy_pct,,Negeri Sembilan,Negeri Sembilan,,2025-04,1.1,,1.3d!R14C10
1.3d,yoy_pct,,Negeri Sembilan,Negeri Sembilan,,2025-05,1.4,,1.3d!R14C11
1.3d,yoy_pct,,Negeri Sembilan,Negeri Sembilan,,2025-06,1.4,,1.3d!R14C12
1.3d,yoy_pct,,Negeri Sembilan,Negeri Sembilan,,2025-07,0.8,,1.3d!R14C13
1.3d,yoy_pct,,Negeri Sembilan,Negeri Sembilan,,2025-08,1.3,,1.3d!R14C14
1.3d,yoy_pct,,Negeri Sembilan,Negeri Sembilan,,2025-09,1.1,,1.3d!R14C15
1.3d,yoy_pct,,Negeri Sembilan,Negeri Sembilan,,2025-10,1.0,,1.3d!R14C16
1.3d,yoy_pct,,Negeri Sembilan,Negeri Sembilan,,2025-11,1.0,,1.3d!R14C17
1.3d,yoy_pct,,Negeri Sembilan,Negeri Sembilan,,2025-12,1.4,,1.3d!R14C18
1.3d,yoy_pct,,Negeri Sembilan,Negeri Sembilan,,2026-01,1.1884343492872818,,1.3d!R14C19
1.3d,yoy_pct,,Negeri Sembilan,Negeri Sembilan,,2026-02,1.7276548217382226,,1.3d!R14C20
1.3d,yoy_pct,,Negeri Sembilan,Negeri Sembilan,,2026-03,2.1014403328455833,,1.3d!R14C21
1.3d,yoy_pct,,Pahang,Pahang,,2024-10,1.5,,1.3d!R15C4
1.3d,yoy_pct,,Pahang,Pahang,,2024-11,1.6,,1.3d!R15C5
1.3d,yoy_pct,,Pahang,Pahang,,2024-12,1.4,,1.3d!R15C6
1.3d,yoy_pct,,Pahang,Pahang,,2025-01,1.7,,1.3d!R15C7
1.3d,yoy_pct,,Pahang,Pahang,,2025-02,2.4,,1.3d!R15C8
1.3d,yoy_pct,,Pahang,Pahang,,2025-03,2.7,,1.3d!R15C9
1.3d,yoy_pct,,Pahang,Pahang,,2025-04,2.4,,1.3d!R15C10
1.3d,yoy_pct,,Pahang,Pahang,,2025-05,2.2,,1.3d!R15C11
1.3d,yoy_pct,,Pahang,Pahang,,2025-06,1.9,,1.3d!R15C12
1.3d,yoy_pct,,Pahang,Pahang,,2025-07,1.5,,1.3d!R15C13
1.3d,yoy_pct,,Pahang,Pahang,,2025-08,1.8,,1.3d!R15C14
1.3d,yoy_pct,,Pahang,Pahang,,2025-09,1.1,,1.3d!R15C15
1.3d,yoy_pct,,Pahang,Pahang,,2025-10,1.3,,1.3d!R15C16
1.3d,yoy_pct,,Pahang,Pahang,,2025-11,1.9,,1.3d!R15C17
1.3d,yoy_pct,,Pahang,Pahang,,2025-12,2.1,,1.3d!R15C18
1.3d,yoy_pct,,Pahang,Pahang,,2026-01,2.1286777738390716,,1.3d!R15C19
1.3d,yoy_pct,,Pahang,Pahang,,2026-02,2.218026243457083,,1.3d!R15C20
1.3d,yoy_pct,,Pahang,Pahang,,2026-03,2.1604239861847008,,1.3d!R15C21
1.3d,yoy_pct,,Pulau Pinang,Pulau Pinang,,2024-10,0.9,,1.3d!R16C4
1.3d,yoy_pct,,Pulau Pinang,Pulau Pinang,,2024-11,2.0,,1.3d!R16C5
1.3d,yoy_pct,,Pulau Pinang,Pulau Pinang,,2024-12,2.1,,1.3d!R16C6
1.3d,yoy_pct,,Pulau Pinang,Pulau Pinang,,2025-01,3.3,,1.3d!R16C7
1.3d,yoy_pct,,Pulau Pinang,Pulau Pinang,,2025-02,3.8,,1.3d!R16C8
1.3d,yoy_pct,,Pulau Pinang,Pulau Pinang,,2025-03,4.1,,1.3d!R16C9
1.3d,yoy_pct,,Pulau Pinang,Pulau Pinang,,2025-04,4.0,,1.3d!R16C10
1.3d,yoy_pct,,Pulau Pinang,Pulau Pinang,,2025-05,4.6,,1.3d!R16C11
1.3d,yoy_pct,,Pulau Pinang,Pulau Pinang,,2025-06,4.9,,1.3d!R16C12
1.3d,yoy_pct,,Pulau Pinang,Pulau Pinang,,2025-07,4.8,,1.3d!R16C13
1.3d,yoy_pct,,Pulau Pinang,Pulau Pinang,,2025-08,4.4,,1.3d!R16C14
1.3d,yoy_pct,,Pulau Pinang,Pulau Pinang,,2025-09,4.7,,1.3d!R16C15
1.3d,yoy_pct,,Pulau Pinang,Pulau Pinang,,2025-10,4.7,,1.3d!R16C16
1.3d,yoy_pct,,Pulau Pinang,Pulau Pinang,,2025-11,5.2,,1.3d!R16C17
1.3d,yoy_pct,,Pulau Pinang,Pulau Pinang,,2025-12,5.3,,1.3d!R16C18
1.3d,yoy_pct,,Pulau Pinang,Pulau Pinang,,2026-01,5.071892577407522,,1.3d!R16C19
1.3d,yoy_pct,,Pulau Pinang,Pulau Pinang,,2026-02,5.349850005940349,,1.3d!R16C20
1.3d,yoy_pct,,Pulau Pinang,Pulau Pinang,,2026-03,5.121201965006894,,1.3d!R16C21
1.3d,yoy_pct,,Perak,Perak,,2024-10,0.5,,1.3d!R17C4
1.3d,yoy_pct,,Perak,Perak,,2024-11,0.7,,1.3d!R17C5
1.3d,yoy_pct,,Perak,Perak,,2024-12,0.5,,1.3d!R17C6
1.3d,yoy_pct,,Perak,Perak,,2025-01,1.7,,1.3d!R17C7
1.3d,yoy_pct,,Perak,Perak,,2025-02,1.1,,1.3d!R17C8
1.3d,yoy_pct,,Perak,Perak,,2025-03,1.8,,1.3d!R17C9
1.3d,yoy_pct,,Perak,Perak,,2025-04,1.9,,1.3d!R17C10
1.3d,yoy_pct,,Perak,Perak,,2025-05,1.9,,1.3d!R17C11
1.3d,yoy_pct,,Perak,Perak,,2025-06,2.0,,1.3d!R17C12
1.3d,yoy_pct,,Perak,Perak,,2025-07,1.5,,1.3d!R17C13
1.3d,yoy_pct,,Perak,Perak,,2025-08,1.9,,1.3d!R17C14
1.3d,yoy_pct,,Perak,Perak,,2025-09,2.3,,1.3d!R17C15
1.3d,yoy_pct,,Perak,Perak,,2025-10,2.2,,1.3d!R17C16
1.3d,yoy_pct,,Perak,Perak,,2025-11,2.9,,1.3d!R17C17
1.3d,yoy_pct,,Perak,Perak,,2025-12,3.2,,1.3d!R17C18
1.3d,yoy_pct,,Perak,Perak,,2026-01,2.7332131662947345,,1.3d!R17C19
1.3d,yoy_pct,,Perak,Perak,,2026-02,3.9658001215821415,,1.3d!R17C20
1.3d,yoy_pct,,Perak,Perak,,2026-03,2.8793832154997423,,1.3d!R17C21
1.3d,yoy_pct,,Perlis,Perlis,,2024-10,-0.3,,1.3d!R18C4
1.3d,yoy_pct,,Perlis,Perlis,,2024-11,0.2,,1.3d!R18C5
1.3d,yoy_pct,,Perlis,Perlis,,2024-12,0.0,,1.3d!R18C6
1.3d,yoy_pct,,Perlis,Perlis,,2025-01,2.2,,1.3d!R18C7
1.3d,yoy_pct,,Perlis,Perlis,,2025-02,4.5,,1.3d!R18C8
1.3d,yoy_pct,,Perlis,Perlis,,2025-03,5.9,,1.3d!R18C9
1.3d,yoy_pct,,Perlis,Perlis,,2025-04,2.3,,1.3d!R18C10
1.3d,yoy_pct,,Perlis,Perlis,,2025-05,4.5,,1.3d!R18C11
1.3d,yoy_pct,,Perlis,Perlis,,2025-06,4.8,,1.3d!R18C12
1.3d,yoy_pct,,Perlis,Perlis,,2025-07,2.8,,1.3d!R18C13
1.3d,yoy_pct,,Perlis,Perlis,,2025-08,4.2,,1.3d!R18C14
1.3d,yoy_pct,,Perlis,Perlis,,2025-09,3.4,,1.3d!R18C15
1.3d,yoy_pct,,Perlis,Perlis,,2025-10,1.9,,1.3d!R18C16
1.3d,yoy_pct,,Perlis,Perlis,,2025-11,3.1,,1.3d!R18C17
1.3d,yoy_pct,,Perlis,Perlis,,2025-12,2.4,,1.3d!R18C18
1.3d,yoy_pct,,Perlis,Perlis,,2026-01,1.3637839593029444,,1.3d!R18C19
1.3d,yoy_pct,,Perlis,Perlis,,2026-02,2.2743702385586317,,1.3d!R18C20
1.3d,yoy_pct,,Perlis,Perlis,,2026-03,1.9605677362346086,,1.3d!R18C21
1.3d,yoy_pct,,Selangor,Selangor,,2024-10,1.5,,1.3d!R19C4
1.3d,yoy_pct,,Selangor,Selangor,,2024-11,2.0,,1.3d!R19C5
1.3d,yoy_pct,,Selangor,Selangor,,2024-12,2.3,,1.3d!R19C6
1.3d,yoy_pct,,Selangor,Selangor,,2025-01,3.1,,1.3d!R19C7
1.3d,yoy_pct,,Selangor,Selangor,,2025-02,3.6,,1.3d!R19C8
1.3d,yoy_pct,,Selangor,Selangor,,2025-03,3.8,,1.3d!R19C9
1.3d,yoy_pct,,Selangor,Selangor,,2025-04,3.6,,1.3d!R19C10
1.3d,yoy_pct,,Selangor,Selangor,,2025-05,3.7,,1.3d!R19C11
1.3d,yoy_pct,,Selangor,Selangor,,2025-06,3.7,,1.3d!R19C12
1.3d,yoy_pct,,Selangor,Selangor,,2025-07,3.6,,1.3d!R19C13
1.3d,yoy_pct,,Selangor,Selangor,,2025-08,3.7,,1.3d!R19C14
1.3d,yoy_pct,,Selangor,Selangor,,2025-09,3.8,,1.3d!R19C15
1.3d,yoy_pct,,Selangor,Selangor,,2025-10,3.5,,1.3d!R19C16
1.3d,yoy_pct,,Selangor,Selangor,,2025-11,3.6,,1.3d!R19C17
1.3d,yoy_pct,,Selangor,Selangor,,2025-12,3.7,,1.3d!R19C18
1.3d,yoy_pct,,Selangor,Selangor,,2026-01,3.8378743568393103,,1.3d!R19C19
1.3d,yoy_pct,,Selangor,Selangor,,2026-02,4.044544406917705,,1.3d!R19C20
1.3d,yoy_pct,,Selangor,Selangor,,2026-03,4.09078305090067,,1.3d!R19C21
1.3d,yoy_pct,,Terengganu,Terengganu,,2024-10,3.1,,1.3d!R20C4
1.3d,yoy_pct,,Terengganu,Terengganu,,2024-11,1.5,,1.3d!R20C5
1.3d,yoy_pct,,Terengganu,Terengganu,,2024-12,1.1,,1.3d!R20C6
1.3d,yoy_pct,,Terengganu,Terengganu,,2025-01,2.5,,1.3d!R20C7
1.3d,yoy_pct,,Terengganu,Terengganu,,2025-02,3.4,,1.3d!R20C8
1.3d,yoy_pct,,Terengganu,Terengganu,,2025-03,3.4,,1.3d!R20C9
1.3d,yoy_pct,,Terengganu,Terengganu,,2025-04,2.1,,1.3d!R20C10
1.3d,yoy_pct,,Terengganu,Terengganu,,2025-05,2.2,,1.3d!R20C11
1.3d,yoy_pct,,Terengganu,Terengganu,,2025-06,2.2,,1.3d!R20C12
1.3d,yoy_pct,,Terengganu,Terengganu,,2025-07,1.7,,1.3d!R20C13
1.3d,yoy_pct,,Terengganu,Terengganu,,2025-08,1.7,,1.3d!R20C14
1.3d,yoy_pct,,Terengganu,Terengganu,,2025-09,1.9,,1.3d!R20C15
1.3d,yoy_pct,,Terengganu,Terengganu,,2025-10,1.1,,1.3d!R20C16
1.3d,yoy_pct,,Terengganu,Terengganu,,2025-11,2.3,,1.3d!R20C17
1.3d,yoy_pct,,Terengganu,Terengganu,,2025-12,1.9,,1.3d!R20C18
1.3d,yoy_pct,,Terengganu,Terengganu,,2026-01,1.682720524771275,,1.3d!R20C19
1.3d,yoy_pct,,Terengganu,Terengganu,,2026-02,1.4092521690259652,,1.3d!R20C20
1.3d,yoy_pct,,Terengganu,Terengganu,,2026-03,1.4734265734265728,,1.3d!R20C21
1.3d,yoy_pct,,Sabah,Sabah,,2024-10,2.6,,1.3d!R21C4
1.3d,yoy_pct,,Sabah,Sabah,,2024-11,1.8,,1.3d!R21C5
1.3d,yoy_pct,,Sabah,Sabah,,2024-12,1.7,,1.3d!R21C6
1.3d,yoy_pct,,Sabah,Sabah,,2025-01,1.9,,1.3d!R21C7
1.3d,yoy_pct,,Sabah,Sabah,,2025-02,1.8,,1.3d!R21C8
1.3d,yoy_pct,,Sabah,Sabah,,2025-03,2.5,,1.3d!R21C9
1.3d,yoy_pct,,Sabah,Sabah,,2025-04,3.4,,1.3d!R21C10
1.3d,yoy_pct,,Sabah,Sabah,,2025-05,3.5,,1.3d!R21C11
1.3d,yoy_pct,,Sabah,Sabah,,2025-06,3.3,,1.3d!R21C12
1.3d,yoy_pct,,Sabah,Sabah,,2025-07,3.8,,1.3d!R21C13
1.3d,yoy_pct,,Sabah,Sabah,,2025-08,3.5,,1.3d!R21C14
1.3d,yoy_pct,,Sabah,Sabah,,2025-09,3.1,,1.3d!R21C15
1.3d,yoy_pct,,Sabah,Sabah,,2025-10,3.4,,1.3d!R21C16
1.3d,yoy_pct,,Sabah,Sabah,,2025-11,4.0,,1.3d!R21C17
1.3d,yoy_pct,,Sabah,Sabah,,2025-12,4.0,,1.3d!R21C18
1.3d,yoy_pct,,Sabah,Sabah,,2026-01,3.5708973614906547,,1.3d!R21C19
1.3d,yoy_pct,,Sabah,Sabah,,2026-02,3.6737817841653087,,1.3d!R21C20
1.3d,yoy_pct,,Sabah,Sabah,,2026-03,4.147655000991901,,1.3d!R21C21
1.3d,yoy_pct,,Sarawak,Sarawak,,2024-10,2.3,,1.3d!R22C4
1.3d,yoy_pct,,Sarawak,Sarawak,,2024-11,2.3,,1.3d!R22C5
1.3d,yoy_pct,,Sarawak,Sarawak,,2024-12,1.9,,1.3d!R22C6
1.3d,yoy_pct,,Sarawak,Sarawak,,2025-01,2.4,,1.3d!R22C7
1.3d,yoy_pct,,Sarawak,Sarawak,,2025-02,2.7,,1.3d!R22C8
1.3d,yoy_pct,,Sarawak,Sarawak,,2025-03,2.4,,1.3d!R22C9
1.3d,yoy_pct,,Sarawak,Sarawak,,2025-04,2.0,,1.3d!R22C10
1.3d,yoy_pct,,Sarawak,Sarawak,,2025-05,2.3,,1.3d!R22C11
1.3d,yoy_pct,,Sarawak,Sarawak,,2025-06,2.6,,1.3d!R22C12
1.3d,yoy_pct,,Sarawak,Sarawak,,2025-07,2.7,,1.3d!R22C13
1.3d,yoy_pct,,Sarawak,Sarawak,,2025-08,2.9,,1.3d!R22C14
1.3d,yoy_pct,,Sarawak,Sarawak,,2025-09,3.2,,1.3d!R22C15
1.3d,yoy_pct,,Sarawak,Sarawak,,2025-10,2.7,,1.3d!R22C16
1.3d,yoy_pct,,Sarawak,Sarawak,,2025-11,3.2,,1.3d!R22C17
1.3d,yoy_pct,,Sarawak,Sarawak,,2025-12,3.7,,1.3d!R22C18
1.3d,yoy_pct,,Sarawak,Sarawak,,2026-01,4.015629262343734,,1.3d!R22C19
1.3d,yoy_pct,,Sarawak,Sarawak,,2026-02,4.24667412052564,,1.3d!R22C20
1.3d,yoy_pct,,Sarawak,Sarawak,,2026-03,4.3819824318039435,,1.3d!R22C21
1.3d,yoy_pct,,W.P. Kuala Lumpur,W.P. Kuala Lumpur,,2024-10,3.3,,1.3d!R23C4
1.3d,yoy_pct,,W.P. Kuala Lumpur,W.P. Kuala Lumpur,,2024-11,3.5,,1.3d!R23C5
1.3d,yoy_pct,,W.P. Kuala Lumpur,W.P. Kuala Lumpur,,2024-12,3.8,,1.3d!R23C6
1.3d,yoy_pct,,W.P. Kuala Lumpur,W.P. Kuala Lumpur,,2025-01,4.1,,1.3d!R23C7
1.3d,yoy_pct,,W.P. Kuala Lumpur,W.P. Kuala Lumpur,,2025-02,4.5,,1.3d!R23C8
1.3d,yoy_pct,,W.P. Kuala Lumpur,W.P. Kuala Lumpur,,2025-03,4.8,,1.3d!R23C9
1.3d,yoy_pct,,W.P. Kuala Lumpur,W.P. Kuala Lumpur,,2025-04,4.1,,1.3d!R23C10
1.3d,yoy_pct,,W.P. Kuala Lumpur,W.P. Kuala Lumpur,,2025-05,4.3,,1.3d!R23C11
1.3d,yoy_pct,,W.P. Kuala Lumpur,W.P. Kuala Lumpur,,2025-06,4.3,,1.3d!R23C12
1.3d,yoy_pct,,W.P. Kuala Lumpur,W.P. Kuala Lumpur,,2025-07,4.3,,1.3d!R23C13
1.3d,yoy_pct,,W.P. Kuala Lumpur,W.P. Kuala Lumpur,,2025-08,4.0,,1.3d!R23C14
1.3d,yoy_pct,,W.P. Kuala Lumpur,W.P. Kuala Lumpur,,2025-09,3.8,,1.3d!R23C15
1.3d,yoy_pct,,W.P. Kuala Lumpur,W.P. Kuala Lumpur,,2025-10,3.4,,1.3d!R23C16
1.3d,yoy_pct,,W.P. Kuala Lumpur,W.P. Kuala Lumpur,,2025-11,3.4,,1.3d!R23C17
1.3d,yoy_pct,,W.P. Kuala Lumpur,W.P. Kuala Lumpur,,2025-12,3.3,,1.3d!R23C18
1.3d,yoy_pct,,W.P. Kuala Lumpur,W.P. Kuala Lumpur,,2026-01,3.531389338054547,,1.3d!R23C19
1.3d,yoy_pct,,W.P. Kuala Lumpur,W.P. Kuala Lumpur,,2026-02,3.475178369614862,,1.3d!R23C20
1.3d,yoy_pct,,W.P. Kuala Lumpur,W.P. Kuala Lumpur,,2026-03,3.437544126393677,,1.3d!R23C21
1.3d,yoy_pct,,W.P. Labuan,W.P. Labuan,,2024-10,5.5,,1.3d!R24C4
1.3d,yoy_pct,,W.P. Labuan,W.P. Labuan,,2024-11,6.5,,1.3d!R24C5
1.3d,yoy_pct,,W.P. Labuan,W.P. Labuan,,2024-12,5.6,,1.3d!R24C6
1.3d,yoy_pct,,W.P. Labuan,W.P. Labuan,,2025-01,5.9,,1.3d!R24C7
1.3d,yoy_pct,,W.P. Labuan,W.P. Labuan,,2025-02,7.3,,1.3d!R24C8
1.3d,yoy_pct,,W.P. Labuan,W.P. Labuan,,2025-03,8.1,,1.3d!R24C9
1.3d,yoy_pct,,W.P. Labuan,W.P. Labuan,,2025-04,5.5,,1.3d!R24C10
1.3d,yoy_pct,,W.P. Labuan,W.P. Labuan,,2025-05,5.6,,1.3d!R24C11
1.3d,yoy_pct,,W.P. Labuan,W.P. Labuan,,2025-06,5.8,,1.3d!R24C12
1.3d,yoy_pct,,W.P. Labuan,W.P. Labuan,,2025-07,5.8,,1.3d!R24C13
1.3d,yoy_pct,,W.P. Labuan,W.P. Labuan,,2025-08,6.0,,1.3d!R24C14
1.3d,yoy_pct,,W.P. Labuan,W.P. Labuan,,2025-09,6.8,,1.3d!R24C15
1.3d,yoy_pct,,W.P. Labuan,W.P. Labuan,,2025-10,4.0,,1.3d!R24C16
1.3d,yoy_pct,,W.P. Labuan,W.P. Labuan,,2025-11,4.3,,1.3d!R24C17
1.3d,yoy_pct,,W.P. Labuan,W.P. Labuan,,2025-12,5.0,,1.3d!R24C18
1.3d,yoy_pct,,W.P. Labuan,W.P. Labuan,,2026-01,3.3749788003844206,,1.3d!R24C19
1.3d,yoy_pct,,W.P. Labuan,W.P. Labuan,,2026-02,2.9572028607106393,,1.3d!R24C20
1.3d,yoy_pct,,W.P. Labuan,W.P. Labuan,,2026-03,3.242542153047978,,1.3d!R24C21
1.3d,yoy_pct,,W.P. Putrajaya,W.P. Putrajaya,,2024-10,3.5,,1.3d!R25C4
1.3d,yoy_pct,,W.P. Putrajaya,W.P. Putrajaya,,2024-11,3.3,,1.3d!R25C5
1.3d,yoy_pct,,W.P. Putrajaya,W.P. Putrajaya,,2024-12,3.1,,1.3d!R25C6
1.3d,yoy_pct,,W.P. Putrajaya,W.P. Putrajaya,,2025-01,7.4,,1.3d!R25C7
1.3d,yoy_pct,,W.P. Putrajaya,W.P. Putrajaya,,2025-02,6.7,,1.3d!R25C8
1.3d,yoy_pct,,W.P. Putrajaya,W.P. Putrajaya,,2025-03,6.0,,1.3d!R25C9
1.3d,yoy_pct,,W.P. Putrajaya,W.P. Putrajaya,,2025-04,6.2,,1.3d!R25C10
1.3d,yoy_pct,,W.P. Putrajaya,W.P. Putrajaya,,2025-05,6.7,,1.3d!R25C11
1.3d,yoy_pct,,W.P. Putrajaya,W.P. Putrajaya,,2025-06,6.4,,1.3d!R25C12
1.3d,yoy_pct,,W.P. Putrajaya,W.P. Putrajaya,,2025-07,6.3,,1.3d!R25C13
1.3d,yoy_pct,,W.P. Putrajaya,W.P. Putrajaya,,2025-08,4.7,,1.3d!R25C14
1.3d,yoy_pct,,W.P. Putrajaya,W.P. Putrajaya,,2025-09,5.4,,1.3d!R25C15
1.3d,yoy_pct,,W.P. Putrajaya,W.P. Putrajaya,,2025-10,4.5,,1.3d!R25C16
1.3d,yoy_pct,,W.P. Putrajaya,W.P. Putrajaya,,2025-11,2.4,,1.3d!R25C17
1.3d,yoy_pct,,W.P. Putrajaya,W.P. Putrajaya,,2025-12,1.8,,1.3d!R25C18
1.3d,yoy_pct,,W.P. Putrajaya,W.P. Putrajaya,,2026-01,0.12852664576803452,,1.3d!R25C19
1.3d,yoy_pct,,W.P. Putrajaya,W.P. Putrajaya,,2026-02,1.2171785299746052,,1.3d!R25C20
1.3d,yoy_pct,,W.P. Putrajaya,W.P. Putrajaya,,2026-03,1.9629259767819374,,1.3d!R25C21
2.1a,median_wage_rm,,Jumlah,Total,,2024-10,2764.0,,2.1a!R9C4
2.1a,median_wage_rm,,Jumlah,Total,,2024-11,2764.0,,2.1a!R9C5
2.1a,median_wage_rm,,Jumlah,Total,,2024-12,3045.0,,2.1a!R9C6
2.1a,median_wage_rm,,Jumlah,Total,,2025-01,3064.0,,2.1a!R9C7
2.1a,median_wage_rm,,Jumlah,Total,,2025-02,2875.0,,2.1a!R9C8
2.1a,median_wage_rm,,Jumlah,Total,,2025-03,3000.0,,2.1a!R9C9
2.1a,median_wage_rm,,Jumlah,Total,,2025-04,2864.0,,2.1a!R9C10
2.1a,median_wage_rm,,Jumlah,Total,,2025-05,2845.0,,2.1a!R9C11
2.1a,median_wage_rm,,Jumlah,Total,,2025-06,2864.0,,2.1a!R9C12
2.1a,median_wage_rm,,Jumlah,Total,,2025-07,2864.0,,2.1a!R9C13
2.1a,median_wage_rm,,Jumlah,Total,,2025-08,2864.0,,2.1a!R9C14
2.1a,median_wage_rm,,Jumlah,Total,,2025-09,2864.0,,2.1a!R9C15
2.1a,median_wage_rm,,Jumlah,Total,,2025-10,2882.0,,2.1a!R9C16
2.1a,median_wage_rm,,Jumlah,Total,,2025-11,2882.0,,2.1a!R9C17
2.1a,median_wage_rm,,Jumlah,Total,,2025-12,3167.0,,2.1a!R9C18
2.1a,median_wage_rm,,Jumlah,Total,,2026-01,3072.72,,2.1a!R9C19
2.1a,median_wage_rm,,Jumlah,Total,,2026-02,3027.27,,2.1a!R9C20
2.1a,median_wage_rm,,Jumlah,Total,,2026-03,3027.27,,2.1a!R9C21
2.1a,median_wage_rm,Sex,Lelaki,Male,,2024-10,2800.0,,2.1a!R11C4
2.1a,median_wage_rm,Sex,Lelaki,Male,,2024-11,2789.0,,2.1a!R11C5
2.1a,median_wage_rm,Sex,Lelaki,Male,,2024-12,3045.0,,2.1a!R11C6
2.1a,median_wage_rm,Sex,Lelaki,Male,,2025-01,3082.0,,2.1a!R11C7
2.1a,median_wage_rm,Sex,Lelaki,Male,,2025-02,2900.0,,2.1a!R11C8
2.1a,median_wage_rm,Sex,Lelaki,Male,,2025-03,3000.0,,2.1a!R11C9
2.1a,median_wage_rm,Sex,Lelaki,Male,,2025-04,2900.0,,2.1a!R11C10
2.1a,median_wage_rm,Sex,Lelaki,Male,,2025-05,2891.0,,2.1a!R11C11
2.1a,median_wage_rm,Sex,Lelaki,Male,,2025-06,2900.0,,2.1a!R11C12
2.1a,median_wage_rm,Sex,Lelaki,Male,,2025-07,2900.0,,2.1a!R11C13
2.1a,median_wage_rm,Sex,Lelaki,Male,,2025-08,2900.0,,2.1a!R11C14
2.1a,median_wage_rm,Sex,Lelaki,Male,,2025-09,2900.0,,2.1a!R11C15
2.1a,median_wage_rm,Sex,Lelaki,Male,,2025-10,2900.0,,2.1a!R11C16
2.1a,median_wage_rm,Sex,Lelaki,Male,,2025-11,2900.0,,2.1a!R11C17
2.1a,median_wage_rm,Sex,Lelaki,Male,,2025-12,3167.0,,2.1a!R11C18
2.1a,median_wage_rm,Sex,Lelaki,Male,,2026-01,3088.89,,2.1a!R11C19
2.1a,median_wage_rm,Sex,Lelaki,Male,,2026-02,3055.56,,2.1a!R11C20
2.1a,median_wage_rm,Sex,Lelaki,Male,,2026-03,3063.64,,2.1a!R11C21
2.1a,median_wage_rm,Sex,Perempuan,Female,,2024-10,2700.0,,2.1a!R12C4
2.1a,median_wage_rm,Sex,Perempuan,Female,,2024-11,2700.0,,2.1a!R12C5
2.1a,median_wage_rm,Sex,Perempuan,Female,,2024-12,3000.0,,2.1a!R12C6
2.1a,median_wage_rm,Sex,Perempuan,Female,,2025-01,3045.0,,2.1a!R12C7
2.1a,median_wage_rm,Sex,Perempuan,Female,,2025-02,2827.0,,2.1a!R12C8
2.1a,median_wage_rm,Sex,Perempuan,Female,,2025-03,2982.0,,2.1a!R12C9
2.1a,median_wage_rm,Sex,Perempuan,Female,,2025-04,2800.0,,2.1a!R12C10
2.1a,median_wage_rm,Sex,Perempuan,Female,,2025-05,2800.0,,2.1a!R12C11
2.1a,median_wage_rm,Sex,Perempuan,Female,,2025-06,2800.0,,2.1a!R12C12
2.1a,median_wage_rm,Sex,Perempuan,Female,,2025-07,2800.0,,2.1a!R12C13
2.1a,median_wage_rm,Sex,Perempuan,Female,,2025-08,2800.0,,2.1a!R12C14
2.1a,median_wage_rm,Sex,Perempuan,Female,,2025-09,2800.0,,2.1a!R12C15
2.1a,median_wage_rm,Sex,Perempuan,Female,,2025-10,2811.0,,2.1a!R12C16
2.1a,median_wage_rm,Sex,Perempuan,Female,,2025-11,2827.0,,2.1a!R12C17
2.1a,median_wage_rm,Sex,Perempuan,Female,,2025-12,3120.0,,2.1a!R12C18
2.1a,median_wage_rm,Sex,Perempuan,Female,,2026-01,3054.55,,2.1a!R12C19
2.1a,median_wage_rm,Sex,Perempuan,Female,,2026-02,3000.0,,2.1a!R12C20
2.1a,median_wage_rm,Sex,Perempuan,Female,,2026-03,3000.0,,2.1a!R12C21
2.1a,median_wage_rm,Ethnic,Bumiputera,Bumiputera,,2024-10,2300.0,,2.1a!R14C4
2.1a,median_wage_rm,Ethnic,Bumiputera,Bumiputera,,2024-11,2300.0,,2.1a!R14C5
2.1a,median_wage_rm,Ethnic,Bumiputera,Bumiputera,,2024-12,2527.0,,2.1a!R14C6
2.1a,median_wage_rm,Ethnic,Bumiputera,Bumiputera,,2025-01,2564.0,,2.1a!R14C7
2.1a,median_wage_rm,Ethnic,Bumiputera,Bumiputera,,2025-02,2427.0,,2.1a!R14C8
2.1a,median_wage_rm,Ethnic,Bumiputera,Bumiputera,,2025-03,2545.0,,2.1a!R14C9
2.1a,median_wage_rm,Ethnic,Bumiputera,Bumiputera,,2025-04,2427.0,,2.1a!R14C10
2.1a,median_wage_rm,Ethnic,Bumiputera,Bumiputera,,2025-05,2427.0,,2.1a!R14C11
2.1a,median_wage_rm,Ethnic,Bumiputera,Bumiputera,,2025-06,2427.0,,2.1a!R14C12
2.1a,median_wage_rm,Ethnic,Bumiputera,Bumiputera,,2025-07,2427.0,,2.1a!R14C13
2.1a,median_wage_rm,Ethnic,Bumiputera,Bumiputera,,2025-08,2427.0,,2.1a!R14C14
2.1a,median_wage_rm,Ethnic,Bumiputera,Bumiputera,,2025-09,2427.0,,2.1a!R14C15
2.1a,median_wage_rm,Ethnic,Bumiputera,Bumiputera,,2025-10,2445.0,,2.1a!R14C16
2.1a,median_wage_rm,Ethnic,Bumiputera,Bumiputera,,2025-11,2445.0,,2.1a!R14C17
2.1a,median_wage_rm,Ethnic,Bumiputera,Bumiputera,,2025-12,2627.0,,2.1a!R14C18
2.1a,median_wage_rm,Ethnic,Bumiputera,Bumiputera,,2026-01,2600.0,,2.1a!R14C19
2.1a,median_wage_rm,Ethnic,Bumiputera,Bumiputera,,2026-02,2581.82,,2.1a!R14C20
2.1a,median_wage_rm,Ethnic,Bumiputera,Bumiputera,,2026-03,2600.0,,2.1a!R14C21
2.1a,median_wage_rm,Ethnic,Cina,Chinese,,2024-10,4200.0,,2.1a!R15C4
2.1a,median_wage_rm,Ethnic,Cina,Chinese,,2024-11,4200.0,,2.1a!R15C5
2.1a,median_wage_rm,Ethnic,Cina,Chinese,,2024-12,4545.0,,2.1a!R15C6
2.1a,median_wage_rm,Ethnic,Cina,Chinese,,2025-01,5200.0,,2.1a!R15C7
2.1a,median_wage_rm,Ethnic,Cina,Chinese,,2025-02,4400.0,,2.1a!R15C8
2.1a,median_wage_rm,Ethnic,Cina,Chinese,,2025-03,4482.0,,2.1a!R15C9
2.1a,median_wage_rm,Ethnic,Cina,Chinese,,2025-04,4400.0,,2.1a!R15C10
2.1a,median_wage_rm,Ethnic,Cina,Chinese,,2025-05,4400.0,,2.1a!R15C11
2.1a,median_wage_rm,Ethnic,Cina,Chinese,,2025-06,4445.0,,2.1a!R15C12
2.1a,median_wage_rm,Ethnic,Cina,Chinese,,2025-07,4482.0,,2.1a!R15C13
2.1a,median_wage_rm,Ethnic,Cina,Chinese,,2025-08,4464.0,,2.1a!R15C14
2.1a,median_wage_rm,Ethnic,Cina,Chinese,,2025-09,4475.0,,2.1a!R15C15
2.1a,median_wage_rm,Ethnic,Cina,Chinese,,2025-10,4500.0,,2.1a!R15C16
2.1a,median_wage_rm,Ethnic,Cina,Chinese,,2025-11,4500.0,,2.1a!R15C17
2.1a,median_wage_rm,Ethnic,Cina,Chinese,,2025-12,4767.0,,2.1a!R15C18
2.1a,median_wage_rm,Ethnic,Cina,Chinese,,2026-01,5000.0,,2.1a!R15C19
2.1a,median_wage_rm,Ethnic,Cina,Chinese,,2026-02,5000.0,,2.1a!R15C20
2.1a,median_wage_rm,Ethnic,Cina,Chinese,,2026-03,4600.0,,2.1a!R15C21
2.1a,median_wage_rm,Ethnic,India,Indian,,2024-10,2764.0,,2.1a!R16C4
2.1a,median_wage_rm,Ethnic,India,Indian,,2024-11,2700.0,,2.1a!R16C5
2.1a,median_wage_rm,Ethnic,India,Indian,,2024-12,3000.0,,2.1a!R16C6
2.1a,median_wage_rm,Ethnic,India,Indian,,2025-01,3000.0,,2.1a!R16C7
2.1a,median_wage_rm,Ethnic,India,Indian,,2025-02,2800.0,,2.1a!R16C8
2.1a,median_wage_rm,Ethnic,India,Indian,,2025-03,2900.0,,2.1a!R16C9
2.1a,median_wage_rm,Ethnic,India,Indian,,2025-04,2800.0,,2.1a!R16C10
2.1a,median_wage_rm,Ethnic,India,Indian,,2025-05,2782.0,,2.1a!R16C11
2.1a,median_wage_rm,Ethnic,India,Indian,,2025-06,2800.0,,2.1a!R16C12
2.1a,median_wage_rm,Ethnic,India,Indian,,2025-07,2800.0,,2.1a!R16C13
2.1a,median_wage_rm,Ethnic,India,Indian,,2025-08,2800.0,,2.1a!R16C14
2.1a,median_wage_rm,Ethnic,India,Indian,,2025-09,2800.0,,2.1a!R16C15
2.1a,median_wage_rm,Ethnic,India,Indian,,2025-10,2827.0,,2.1a!R16C16
2.1a,median_wage_rm,Ethnic,India,Indian,,2025-11,2800.0,,2.1a!R16C17
2.1a,median_wage_rm,Ethnic,India,Indian,,2025-12,3120.0,,2.1a!R16C18
2.1a,median_wage_rm,Ethnic,India,Indian,,2026-01,3000.0,,2.1a!R16C19
2.1a,median_wage_rm,Ethnic,India,Indian,,2026-02,3000.0,,2.1a!R16C20
2.1a,median_wage_rm,Ethnic,India,Indian,,2026-03,3000.0,,2.1a!R16C21
2.1a,median_wage_rm,Ethnic,Lain-lain,Others,,2024-10,2100.0,,2.1a!R17C4
2.1a,median_wage_rm,Ethnic,Lain-lain,Others,,2024-11,2100.0,,2.1a!R17C5
2.1a,median_wage_rm,Ethnic,Lain-lain,Others,,2024-12,2264.0,,2.1a!R17C6
2.1a,median_wage_rm,Ethnic,Lain-lain,Others,,2025-01,2364.0,,2.1a!R17C7
2.1a,median_wage_rm,Ethnic,Lain-lain,Others,,2025-02,2200.0,,2.1a!R17C8
2.1a,median_wage_rm,Ethnic,Lain-lain,Others,,2025-03,2300.0,,2.1a!R17C9
2.1a,median_wage_rm,Ethnic,Lain-lain,Others,,2025-04,2200.0,,2.1a!R17C10
2.1a,median_wage_rm,Ethnic,Lain-lain,Others,,2025-05,2200.0,,2.1a!R17C11
2.1a,median_wage_rm,Ethnic,Lain-lain,Others,,2025-06,2200.0,,2.1a!R17C12
2.1a,median_wage_rm,Ethnic,Lain-lain,Others,,2025-07,2227.0,,2.1a!R17C13
2.1a,median_wage_rm,Ethnic,Lain-lain,Others,,2025-08,2200.0,,2.1a!R17C14
2.1a,median_wage_rm,Ethnic,Lain-lain,Others,,2025-09,2227.0,,2.1a!R17C15
2.1a,median_wage_rm,Ethnic,Lain-lain,Others,,2025-10,2227.0,,2.1a!R17C16
2.1a,median_wage_rm,Ethnic,Lain-lain,Others,,2025-11,2200.0,,2.1a!R17C17
2.1a,median_wage_rm,Ethnic,Lain-lain,Others,,2025-12,2364.0,,2.1a!R17C18
2.1a,median_wage_rm,Ethnic,Lain-lain,Others,,2026-01,2400.0,,2.1a!R17C19
2.1a,median_wage_rm,Ethnic,Lain-lain,Others,,2026-02,2381.82,,2.1a!R17C20
2.1a,median_wage_rm,Ethnic,Lain-lain,Others,,2026-03,2400.0,,2.1a!R17C21
2.1a,median_wage_rm,Age Group,Kurang daripada 20,Less than 20,,2024-10,1500.0,,2.1a!R19C4
2.1a,median_wage_rm,Age Group,Kurang daripada 20,Less than 20,,2024-11,1500.0,,2.1a!R19C5
2.1a,median_wage_rm,Age Group,Kurang daripada 20,Less than 20,,2024-12,1527.0,,2.1a!R19C6
2.1a,median_wage_rm,Age Group,Kurang daripada 20,Less than 20,,2025-01,1527.0,,2.1a!R19C7
2.1a,median_wage_rm,Age Group,Kurang daripada 20,Less than 20,,2025-02,1700.0,,2.1a!R19C8
2.1a,median_wage_rm,Age Group,Kurang daripada 20,Less than 20,,2025-03,1700.0,,2.1a!R19C9
2.1a,median_wage_rm,Age Group,Kurang daripada 20,Less than 20,,2025-04,1700.0,,2.1a!R19C10
2.1a,median_wage_rm,Age Group,Kurang daripada 20,Less than 20,,2025-05,1700.0,,2.1a!R19C11
2.1a,median_wage_rm,Age Group,Kurang daripada 20,Less than 20,,2025-06,1700.0,,2.1a!R19C12
2.1a,median_wage_rm,Age Group,Kurang daripada 20,Less than 20,,2025-07,1700.0,,2.1a!R19C13
2.1a,median_wage_rm,Age Group,Kurang daripada 20,Less than 20,,2025-08,1700.0,,2.1a!R19C14
2.1a,median_wage_rm,Age Group,Kurang daripada 20,Less than 20,,2025-09,1700.0,,2.1a!R19C15
2.1a,median_wage_rm,Age Group,Kurang daripada 20,Less than 20,,2025-10,1700.0,,2.1a!R19C16
2.1a,median_wage_rm,Age Group,Kurang daripada 20,Less than 20,,2025-11,1700.0,,2.1a!R19C17
2.1a,median_wage_rm,Age Group,Kurang daripada 20,Less than 20,,2025-12,1700.0,,2.1a!R19C18
2.1a,median_wage_rm,Age Group,Kurang daripada 20,Less than 20,,2026-01,1700.0,,2.1a!R19C19
2.1a,median_wage_rm,Age Group,Kurang daripada 20,Less than 20,,2026-02,1700.0,,2.1a!R19C20
2.1a,median_wage_rm,Age Group,Kurang daripada 20,Less than 20,,2026-03,1700.0,,2.1a!R19C21
2.1a,median_wage_rm,Age Group,20-24,20-24,,2024-10,1800.0,,2.1a!R20C4
2.1a,median_wage_rm,Age Group,20-24,20-24,,2024-11,1800.0,,2.1a!R20C5
2.1a,median_wage_rm,Age Group,20-24,20-24,,2024-12,1900.0,,2.1a!R20C6
2.1a,median_wage_rm,Age Group,20-24,20-24,,2025-01,1827.0,,2.1a!R20C7
2.1a,median_wage_rm,Age Group,20-24,20-24,,2025-02,1845.0,,2.1a!R20C8
2.1a,median_wage_rm,Age Group,20-24,20-24,,2025-03,1900.0,,2.1a!R20C9
2.1a,median_wage_rm,Age Group,20-24,20-24,,2025-04,1864.0,,2.1a!R20C10
2.1a,median_wage_rm,Age Group,20-24,20-24,,2025-05,1882.0,,2.1a!R20C11
2.1a,median_wage_rm,Age Group,20-24,20-24,,2025-06,1891.0,,2.1a!R20C12
2.1a,median_wage_rm,Age Group,20-24,20-24,,2025-07,1900.0,,2.1a!R20C13
2.1a,median_wage_rm,Age Group,20-24,20-24,,2025-08,1900.0,,2.1a!R20C14
2.1a,median_wage_rm,Age Group,20-24,20-24,,2025-09,1900.0,,2.1a!R20C15
2.1a,median_wage_rm,Age Group,20-24,20-24,,2025-10,1909.0,,2.1a!R20C16
2.1a,median_wage_rm,Age Group,20-24,20-24,,2025-11,1927.0,,2.1a!R20C17
2.1a,median_wage_rm,Age Group,20-24,20-24,,2025-12,2000.0,,2.1a!R20C18
2.1a,median_wage_rm,Age Group,20-24,20-24,,2026-01,1900.0,,2.1a!R20C19
2.1a,median_wage_rm,Age Group,20-24,20-24,,2026-02,1927.27,,2.1a!R20C20
2.1a,median_wage_rm,Age Group,20-24,20-24,,2026-03,1927.27,,2.1a!R20C21
2.1a,median_wage_rm,Age Group,25-29,25-29,,2024-10,2500.0,,2.1a!R21C4
2.1a,median_wage_rm,Age Group,25-29,25-29,,2024-11,2500.0,,2.1a!R21C5
2.1a,median_wage_rm,Age Group,25-29,25-29,,2024-12,2727.0,,2.1a!R21C6
2.1a,median_wage_rm,Age Group,25-29,25-29,,2025-01,2645.0,,2.1a!R21C7
2.1a,median_wage_rm,Age Group,25-29,25-29,,2025-02,2500.0,,2.1a!R21C8
2.1a,median_wage_rm,Age Group,25-29,25-29,,2025-03,2600.0,,2.1a!R21C9
2.1a,median_wage_rm,Age Group,25-29,25-29,,2025-04,2500.0,,2.1a!R21C10
2.1a,median_wage_rm,Age Group,25-29,25-29,,2025-05,2500.0,,2.1a!R21C11
2.1a,median_wage_rm,Age Group,25-29,25-29,,2025-06,2527.0,,2.1a!R21C12
2.1a,median_wage_rm,Age Group,25-29,25-29,,2025-07,2545.0,,2.1a!R21C13
2.1a,median_wage_rm,Age Group,25-29,25-29,,2025-08,2545.0,,2.1a!R21C14
2.1a,median_wage_rm,Age Group,25-29,25-29,,2025-09,2564.0,,2.1a!R21C15
2.1a,median_wage_rm,Age Group,25-29,25-29,,2025-10,2582.0,,2.1a!R21C16
2.1a,median_wage_rm,Age Group,25-29,25-29,,2025-11,2582.0,,2.1a!R21C17
2.1a,median_wage_rm,Age Group,25-29,25-29,,2025-12,2800.0,,2.1a!R21C18
2.1a,median_wage_rm,Age Group,25-29,25-29,,2026-01,2663.64,,2.1a!R21C19
2.1a,median_wage_rm,Age Group,25-29,25-29,,2026-02,2645.45,,2.1a!R21C20
2.1a,median_wage_rm,Age Group,25-29,25-29,,2026-03,2688.89,,2.1a!R21C21
2.1a,median_wage_rm,Age Group,30-34,30-34,,2024-10,3000.0,,2.1a!R22C4
2.1a,median_wage_rm,Age Group,30-34,30-34,,2024-11,3000.0,,2.1a!R22C5
2.1a,median_wage_rm,Age Group,30-34,30-34,,2024-12,3282.0,,2.1a!R22C6
2.1a,median_wage_rm,Age Group,30-34,30-34,,2025-01,3245.0,,2.1a!R22C7
2.1a,median_wage_rm,Age Group,30-34,30-34,,2025-02,3000.0,,2.1a!R22C8
2.1a,median_wage_rm,Age Group,30-34,30-34,,2025-03,3200.0,,2.1a!R22C9
2.1a,median_wage_rm,Age Group,30-34,30-34,,2025-04,3045.0,,2.1a!R22C10
2.1a,median_wage_rm,Age Group,30-34,30-34,,2025-05,3000.0,,2.1a!R22C11
2.1a,median_wage_rm,Age Group,30-34,30-34,,2025-06,3045.0,,2.1a!R22C12
2.1a,median_wage_rm,Age Group,30-34,30-34,,2025-07,3045.0,,2.1a!R22C13
2.1a,median_wage_rm,Age Group,30-34,30-34,,2025-08,3045.0,,2.1a!R22C14
2.1a,median_wage_rm,Age Group,30-34,30-34,,2025-09,3045.0,,2.1a!R22C15
2.1a,median_wage_rm,Age Group,30-34,30-34,,2025-10,3064.0,,2.1a!R22C16
2.1a,median_wage_rm,Age Group,30-34,30-34,,2025-11,3064.0,,2.1a!R22C17
2.1a,median_wage_rm,Age Group,30-34,30-34,,2025-12,3382.0,,2.1a!R22C18
2.1a,median_wage_rm,Age Group,30-34,30-34,,2026-01,3245.45,,2.1a!R22C19
2.1a,median_wage_rm,Age Group,30-34,30-34,,2026-02,3227.27,,2.1a!R22C20
2.1a,median_wage_rm,Age Group,30-34,30-34,,2026-03,3300.0,,2.1a!R22C21
2.1a,median_wage_rm,Age Group,35-39,35-39,,2024-10,3378.0,,2.1a!R23C4
2.1a,median_wage_rm,Age Group,35-39,35-39,,2024-11,3382.0,,2.1a!R23C5
2.1a,median_wage_rm,Age Group,35-39,35-39,,2024-12,3727.0,,2.1a!R23C6
2.1a,median_wage_rm,Age Group,35-39,35-39,,2025-01,3745.0,,2.1a!R23C7
2.1a,median_wage_rm,Age Group,35-39,35-39,,2025-02,3482.0,,2.1a!R23C8
2.1a,median_wage_rm,Age Group,35-39,35-39,,2025-03,3700.0,,2.1a!R23C9
2.1a,median_wage_rm,Age Group,35-39,35-39,,2025-04,3500.0,,2.1a!R23C10
2.1a,median_wage_rm,Age Group,35-39,35-39,,2025-05,3482.0,,2.1a!R23C11
2.1a,median_wage_rm,Age Group,35-39,35-39,,2025-06,3500.0,,2.1a!R23C12
2.1a,median_wage_rm,Age Group,35-39,35-39,,2025-07,3500.0,,2.1a!R23C13
2.1a,median_wage_rm,Age Group,35-39,35-39,,2025-08,3500.0,,2.1a!R23C14
2.1a,median_wage_rm,Age Group,35-39,35-39,,2025-09,3500.0,,2.1a!R23C15
2.1a,median_wage_rm,Age Group,35-39,35-39,,2025-10,3500.0,,2.1a!R23C16
2.1a,median_wage_rm,Age Group,35-39,35-39,,2025-11,3500.0,,2.1a!R23C17
2.1a,median_wage_rm,Age Group,35-39,35-39,,2025-12,3827.0,,2.1a!R23C18
2.1a,median_wage_rm,Age Group,35-39,35-39,,2026-01,3745.45,,2.1a!R23C19
2.1a,median_wage_rm,Age Group,35-39,35-39,,2026-02,3722.22,,2.1a!R23C20
2.1a,median_wage_rm,Age Group,35-39,35-39,,2026-03,3800.0,,2.1a!R23C21
2.1a,median_wage_rm,Age Group,40-44,40-44,,2024-10,3545.0,,2.1a!R24C4
2.1a,median_wage_rm,Age Group,40-44,40-44,,2024-11,3545.0,,2.1a!R24C5
2.1a,median_wage_rm,Age Group,40-44,40-44,,2024-12,4000.0,,2.1a!R24C6
2.1a,median_wage_rm,Age Group,40-44,40-44,,2025-01,4027.0,,2.1a!R24C7
2.1a,median_wage_rm,Age Group,40-44,40-44,,2025-02,3664.0,,2.1a!R24C8
2.1a,median_wage_rm,Age Group,40-44,40-44,,2025-03,3964.0,,2.1a!R24C9
2.1a,median_wage_rm,Age Group,40-44,40-44,,2025-04,3727.0,,2.1a!R24C10
2.1a,median_wage_rm,Age Group,40-44,40-44,,2025-05,3664.0,,2.1a!R24C11
2.1a,median_wage_rm,Age Group,40-44,40-44,,2025-06,3700.0,,2.1a!R24C12
2.1a,median_wage_rm,Age Group,40-44,40-44,,2025-07,3700.0,,2.1a!R24C13
2.1a,median_wage_rm,Age Group,40-44,40-44,,2025-08,3682.0,,2.1a!R24C14
2.1a,median_wage_rm,Age Group,40-44,40-44,,2025-09,3700.0,,2.1a!R24C15
2.1a,median_wage_rm,Age Group,40-44,40-44,,2025-10,3700.0,,2.1a!R24C16
2.1a,median_wage_rm,Age Group,40-44,40-44,,2025-11,3700.0,,2.1a!R24C17
2.1a,median_wage_rm,Age Group,40-44,40-44,,2025-12,4064.0,,2.1a!R24C18
2.1a,median_wage_rm,Age Group,40-44,40-44,,2026-01,4000.0,,2.1a!R24C19
2.1a,median_wage_rm,Age Group,40-44,40-44,,2026-02,4000.0,,2.1a!R24C20
2.1a,median_wage_rm,Age Group,40-44,40-44,,2026-03,4000.0,,2.1a!R24C21
2.1a,median_wage_rm,Age Group,45-49,45-49,,2024-10,3645.0,,2.1a!R25C4
2.1a,median_wage_rm,Age Group,45-49,45-49,,2024-11,3664.0,,2.1a!R25C5
2.1a,median_wage_rm,Age Group,45-49,45-49,,2024-12,4082.0,,2.1a!R25C6
2.1a,median_wage_rm,Age Group,45-49,45-49,,2025-01,4264.0,,2.1a!R25C7
2.1a,median_wage_rm,Age Group,45-49,45-49,,2025-02,3800.0,,2.1a!R25C8
2.1a,median_wage_rm,Age Group,45-49,45-49,,2025-03,4000.0,,2.1a!R25C9
2.1a,median_wage_rm,Age Group,45-49,45-49,,2025-04,3845.0,,2.1a!R25C10
2.1a,median_wage_rm,Age Group,45-49,45-49,,2025-05,3800.0,,2.1a!R25C11
2.1a,median_wage_rm,Age Group,45-49,45-49,,2025-06,3800.0,,2.1a!R25C12
2.1a,median_wage_rm,Age Group,45-49,45-49,,2025-07,3800.0,,2.1a!R25C13
2.1a,median_wage_rm,Age Group,45-49,45-49,,2025-08,3800.0,,2.1a!R25C14
2.1a,median_wage_rm,Age Group,45-49,45-49,,2025-09,3800.0,,2.1a!R25C15
2.1a,median_wage_rm,Age Group,45-49,45-49,,2025-10,3827.0,,2.1a!R25C16
2.1a,median_wage_rm,Age Group,45-49,45-49,,2025-11,3845.0,,2.1a!R25C17
2.1a,median_wage_rm,Age Group,45-49,45-49,,2025-12,4245.0,,2.1a!R25C18
2.1a,median_wage_rm,Age Group,45-49,45-49,,2026-01,4155.56,,2.1a!R25C19
2.1a,median_wage_rm,Age Group,45-49,45-49,,2026-02,4145.45,,2.1a!R25C20
2.1a,median_wage_rm,Age Group,45-49,45-49,,2026-03,4100.0,,2.1a!R25C21
2.1a,median_wage_rm,Age Group,50-54,50-54,,2024-10,3500.0,,2.1a!R26C4
2.1a,median_wage_rm,Age Group,50-54,50-54,,2024-11,3500.0,,2.1a!R26C5
2.1a,median_wage_rm,Age Group,50-54,50-54,,2024-12,3945.0,,2.1a!R26C6
2.1a,median_wage_rm,Age Group,50-54,50-54,,2025-01,4100.0,,2.1a!R26C7
2.1a,median_wage_rm,Age Group,50-54,50-54,,2025-02,3627.0,,2.1a!R26C8
2.1a,median_wage_rm,Age Group,50-54,50-54,,2025-03,3845.0,,2.1a!R26C9
2.1a,median_wage_rm,Age Group,50-54,50-54,,2025-04,3664.0,,2.1a!R26C10
2.1a,median_wage_rm,Age Group,50-54,50-54,,2025-05,3645.0,,2.1a!R26C11
2.1a,median_wage_rm,Age Group,50-54,50-54,,2025-06,3664.0,,2.1a!R26C12
2.1a,median_wage_rm,Age Group,50-54,50-54,,2025-07,3664.0,,2.1a!R26C13
2.1a,median_wage_rm,Age Group,50-54,50-54,,2025-08,3645.0,,2.1a!R26C14
2.1a,median_wage_rm,Age Group,50-54,50-54,,2025-09,3645.0,,2.1a!R26C15
2.1a,median_wage_rm,Age Group,50-54,50-54,,2025-10,3664.0,,2.1a!R26C16
2.1a,median_wage_rm,Age Group,50-54,50-54,,2025-11,3682.0,,2.1a!R26C17
2.1a,median_wage_rm,Age Group,50-54,50-54,,2025-12,4000.0,,2.1a!R26C18
2.1a,median_wage_rm,Age Group,50-54,50-54,,2026-01,4063.64,,2.1a!R26C19
2.1a,median_wage_rm,Age Group,50-54,50-54,,2026-02,4063.64,,2.1a!R26C20
2.1a,median_wage_rm,Age Group,50-54,50-54,,2026-03,4000.0,,2.1a!R26C21
2.1a,median_wage_rm,Age Group,55-59,55-59,,2024-10,3227.0,,2.1a!R27C4
2.1a,median_wage_rm,Age Group,55-59,55-59,,2024-11,3227.0,,2.1a!R27C5
2.1a,median_wage_rm,Age Group,55-59,55-59,,2024-12,3500.0,,2.1a!R27C6
2.1a,median_wage_rm,Age Group,55-59,55-59,,2025-01,3822.0,,2.1a!R27C7
2.1a,median_wage_rm,Age Group,55-59,55-59,,2025-02,3400.0,,2.1a!R27C8
2.1a,median_wage_rm,Age Group,55-59,55-59,,2025-03,3500.0,,2.1a!R27C9
2.1a,median_wage_rm,Age Group,55-59,55-59,,2025-04,3400.0,,2.1a!R27C10
2.1a,median_wage_rm,Age Group,55-59,55-59,,2025-05,3400.0,,2.1a!R27C11
2.1a,median_wage_rm,Age Group,55-59,55-59,,2025-06,3400.0,,2.1a!R27C12
2.1a,median_wage_rm,Age Group,55-59,55-59,,2025-07,3400.0,,2.1a!R27C13
2.1a,median_wage_rm,Age Group,55-59,55-59,,2025-08,3400.0,,2.1a!R27C14
2.1a,median_wage_rm,Age Group,55-59,55-59,,2025-09,3400.0,,2.1a!R27C15
2.1a,median_wage_rm,Age Group,55-59,55-59,,2025-10,3400.0,,2.1a!R27C16
2.1a,median_wage_rm,Age Group,55-59,55-59,,2025-11,3400.0,,2.1a!R27C17
2.1a,median_wage_rm,Age Group,55-59,55-59,,2025-12,3682.0,,2.1a!R27C18
2.1a,median_wage_rm,Age Group,55-59,55-59,,2026-01,3800.0,,2.1a!R27C19
2.1a,median_wage_rm,Age Group,55-59,55-59,,2026-02,3800.0,,2.1a!R27C20
2.1a,median_wage_rm,Age Group,55-59,55-59,,2026-03,3700.0,,2.1a!R27C21
2.1a,median_wage_rm,Age Group,60-64,60-64,,2024-10,2926.0,,2.1a!R28C4
2.1a,median_wage_rm,Age Group,60-64,60-64,,2024-11,2900.0,,2.1a!R28C5
2.1a,median_wage_rm,Age Group,60-64,60-64,,2024-12,3000.0,,2.1a!R28C6
2.1a,median_wage_rm,Age Group,60-64,60-64,,2025-01,3364.0,,2.1a!R28C7
2.1a,median_wage_rm,Age Group,60-64,60-64,,2025-02,3000.0,,2.1a!R28C8
2.1a,median_wage_rm,Age Group,60-64,60-64,,2025-03,3000.0,,2.1a!R28C9
2.1a,median_wage_rm,Age Group,60-64,60-64,,2025-04,3000.0,,2.1a!R28C10
2.1a,median_wage_rm,Age Group,60-64,60-64,,2025-05,3000.0,,2.1a!R28C11
2.1a,median_wage_rm,Age Group,60-64,60-64,,2025-06,3000.0,,2.1a!R28C12
2.1a,median_wage_rm,Age Group,60-64,60-64,,2025-07,3000.0,,2.1a!R28C13
2.1a,median_wage_rm,Age Group,60-64,60-64,,2025-08,3000.0,,2.1a!R28C14
2.1a,median_wage_rm,Age Group,60-64,60-64,,2025-09,3000.0,,2.1a!R28C15
2.1a,median_wage_rm,Age Group,60-64,60-64,,2025-10,3000.0,,2.1a!R28C16
2.1a,median_wage_rm,Age Group,60-64,60-64,,2025-11,3000.0,,2.1a!R28C17
2.1a,median_wage_rm,Age Group,60-64,60-64,,2025-12,3120.0,,2.1a!R28C18
2.1a,median_wage_rm,Age Group,60-64,60-64,,2026-01,3300.0,,2.1a!R28C19
2.1a,median_wage_rm,Age Group,60-64,60-64,,2026-02,3300.0,,2.1a!R28C20
2.1a,median_wage_rm,Age Group,60-64,60-64,,2026-03,3100.0,,2.1a!R28C21
2.1a,median_wage_rm,Age Group,65 dan ke atas,65 and above,,2024-10,2764.0,,2.1a!R29C4
2.1a,median_wage_rm,Age Group,65 dan ke atas,65 and above,,2024-11,2755.0,,2.1a!R29C5
2.1a,median_wage_rm,Age Group,65 dan ke atas,65 and above,,2024-12,2982.0,,2.1a!R29C6
2.1a,median_wage_rm,Age Group,65 dan ke atas,65 and above,,2025-01,3200.0,,2.1a!R29C7
2.1a,median_wage_rm,Age Group,65 dan ke atas,65 and above,,2025-02,2855.0,,2.1a!R29C8
2.1a,median_wage_rm,Age Group,65 dan ke atas,65 and above,,2025-03,2900.0,,2.1a!R29C9
2.1a,median_wage_rm,Age Group,65 dan ke atas,65 and above,,2025-04,2875.0,,2.1a!R29C10
2.1a,median_wage_rm,Age Group,65 dan ke atas,65 and above,,2025-05,2900.0,,2.1a!R29C11
2.1a,median_wage_rm,Age Group,65 dan ke atas,65 and above,,2025-06,2900.0,,2.1a!R29C12
2.1a,median_wage_rm,Age Group,65 dan ke atas,65 and above,,2025-07,2909.0,,2.1a!R29C13
2.1a,median_wage_rm,Age Group,65 dan ke atas,65 and above,,2025-08,2925.0,,2.1a!R29C14
2.1a,median_wage_rm,Age Group,65 dan ke atas,65 and above,,2025-09,2900.0,,2.1a!R29C15
2.1a,median_wage_rm,Age Group,65 dan ke atas,65 and above,,2025-10,2964.0,,2.1a!R29C16
2.1a,median_wage_rm,Age Group,65 dan ke atas,65 and above,,2025-11,2964.0,,2.1a!R29C17
2.1a,median_wage_rm,Age Group,65 dan ke atas,65 and above,,2025-12,3000.0,,2.1a!R29C18
2.1a,median_wage_rm,Age Group,65 dan ke atas,65 and above,,2026-01,3075.0,,2.1a!R29C19
2.1a,median_wage_rm,Age Group,65 dan ke atas,65 and above,,2026-02,3100.0,,2.1a!R29C20
2.1a,median_wage_rm,Age Group,65 dan ke atas,65 and above,,2026-03,3000.0,,2.1a!R29C21
2.1b,share_pct,,Jumlah,Total,,2024-10,0.7,,2.1b!R9C4
2.1b,share_pct,,Jumlah,Total,,2024-11,0.0,,2.1b!R9C5
2.1b,share_pct,,Jumlah,Total,,2024-12,10.2,,2.1b!R9C6
2.1b,share_pct,,Jumlah,Total,,2025-01,0.6,,2.1b!R9C7
2.1b,share_pct,,Jumlah,Total,,2025-02,-6.2,,2.1b!R9C8
2.1b,share_pct,,Jumlah,Total,,2025-03,4.3,,2.1b!R9C9
2.1b,share_pct,,Jumlah,Total,,2025-04,-4.5,,2.1b!R9C10
2.1b,share_pct,,Jumlah,Total,,2025-05,-0.6,,2.1b!R9C11
2.1b,share_pct,,Jumlah,Total,,2025-06,0.6,,2.1b!R9C12
2.1b,share_pct,,Jumlah,Total,,2025-07,0.0,,2.1b!R9C13
2.1b,share_pct,,Jumlah,Total,,2025-08,0.0,,2.1b!R9C14
2.1b,share_pct,,Jumlah,Total,,2025-09,0.0,,2.1b!R9C15
2.1b,share_pct,,Jumlah,Total,,2025-10,0.6,,2.1b!R9C16
2.1b,share_pct,,Jumlah,Total,,2025-11,0.0,,2.1b!R9C17
2.1b,share_pct,,Jumlah,Total,,2025-12,9.9,,2.1b!R9C18
2.1b,share_pct,,Jumlah,Total,,2026-01,-2.9668389822747665,,2.1b!R9C19
2.1b,share_pct,,Jumlah,Total,,2026-02,-1.4791455127704412,,2.1b!R9C20
2.1b,share_pct,,Jumlah,Total,,2026-03,0.0,,2.1b!R9C21
2.1b,share_pct,Sex,Lelaki,Male,,2024-10,0.7,,2.1b!R11C4
2.1b,share_pct,Sex,Lelaki,Male,,2024-11,-0.4,,2.1b!R11C5
2.1b,share_pct,Sex,Lelaki,Male,,2024-12,9.2,,2.1b!R11C6
2.1b,share_pct,Sex,Lelaki,Male,,2025-01,1.2,,2.1b!R11C7
2.1b,share_pct,Sex,Lelaki,Male,,2025-02,-5.9,,2.1b!R11C8
2.1b,share_pct,Sex,Lelaki,Male,,2025-03,3.4,,2.1b!R11C9
2.1b,share_pct,Sex,Lelaki,Male,,2025-04,-3.3,,2.1b!R11C10
2.1b,share_pct,Sex,Lelaki,Male,,2025-05,-0.3,,2.1b!R11C11
2.1b,share_pct,Sex,Lelaki,Male,,2025-06,0.3,,2.1b!R11C12
2.1b,share_pct,Sex,Lelaki,Male,,2025-07,0.0,,2.1b!R11C13
2.1b,share_pct,Sex,Lelaki,Male,,2025-08,0.0,,2.1b!R11C14
2.1b,share_pct,Sex,Lelaki,Male,,2025-09,0.0,,2.1b!R11C15
2.1b,share_pct,Sex,Lelaki,Male,,2025-10,0.0,,2.1b!R11C16
2.1b,share_pct,Sex,Lelaki,Male,,2025-11,0.0,,2.1b!R11C17
2.1b,share_pct,Sex,Lelaki,Male,,2025-12,9.2,,2.1b!R11C18
2.1b,share_pct,Sex,Lelaki,Male,,2026-01,-2.4562079408337545,,2.1b!R11C19
2.1b,share_pct,Sex,Lelaki,Male,,2026-02,-1.0790283888387098,,2.1b!R11C20
2.1b,share_pct,Sex,Lelaki,Male,,2026-03,0.26443597900220883,,2.1b!R11C21
2.1b,share_pct,Sex,Perempuan,Female,,2024-10,0.0,,2.1b!R12C4
2.1b,share_pct,Sex,Perempuan,Female,,2024-11,0.0,,2.1b!R12C5
2.1b,share_pct,Sex,Perempuan,Female,,2024-12,11.1,,2.1b!R12C6
2.1b,share_pct,Sex,Perempuan,Female,,2025-01,1.5,,2.1b!R12C7
2.1b,share_pct,Sex,Perempuan,Female,,2025-02,-7.2,,2.1b!R12C8
2.1b,share_pct,Sex,Perempuan,Female,,2025-03,5.5,,2.1b!R12C9
2.1b,share_pct,Sex,Perempuan,Female,,2025-04,-6.1,,2.1b!R12C10
2.1b,share_pct,Sex,Perempuan,Female,,2025-05,0.0,,2.1b!R12C11
2.1b,share_pct,Sex,Perempuan,Female,,2025-06,0.0,,2.1b!R12C12
2.1b,share_pct,Sex,Perempuan,Female,,2025-07,0.0,,2.1b!R12C13
2.1b,share_pct,Sex,Perempuan,Female,,2025-08,0.0,,2.1b!R12C14
2.1b,share_pct,Sex,Perempuan,Female,,2025-09,0.0,,2.1b!R12C15
2.1b,share_pct,Sex,Perempuan,Female,,2025-10,0.4,,2.1b!R12C16
2.1b,share_pct,Sex,Perempuan,Female,,2025-11,0.6,,2.1b!R12C17
2.1b,share_pct,Sex,Perempuan,Female,,2025-12,10.4,,2.1b!R12C18
2.1b,share_pct,Sex,Perempuan,Female,,2026-01,-2.0977564102564017,,2.1b!R12C19
2.1b,share_pct,Sex,Perempuan,Female,,2026-02,-1.785860437707687,,2.1b!R12C20
2.1b,share_pct,Sex,Perempuan,Female,,2026-03,0.0,,2.1b!R12C21
2.1b,share_pct,Ethnic,Bumiputera,Bumiputera,,2024-10,0.0,,2.1b!R14C4
2.1b,share_pct,Ethnic,Bumiputera,Bumiputera,,2024-11,0.0,,2.1b!R14C5
2.1b,share_pct,Ethnic,Bumiputera,Bumiputera,,2024-12,9.9,,2.1b!R14C6
2.1b,share_pct,Ethnic,Bumiputera,Bumiputera,,2025-01,1.4,,2.1b!R14C7
2.1b,share_pct,Ethnic,Bumiputera,Bumiputera,,2025-02,-5.3,,2.1b!R14C8
2.1b,share_pct,Ethnic,Bumiputera,Bumiputera,,2025-03,4.9,,2.1b!R14C9
2.1b,share_pct,Ethnic,Bumiputera,Bumiputera,,2025-04,-4.6,,2.1b!R14C10
2.1b,share_pct,Ethnic,Bumiputera,Bumiputera,,2025-05,0.0,,2.1b!R14C11
2.1b,share_pct,Ethnic,Bumiputera,Bumiputera,,2025-06,0.0,,2.1b!R14C12
2.1b,share_pct,Ethnic,Bumiputera,Bumiputera,,2025-07,0.0,,2.1b!R14C13
2.1b,share_pct,Ethnic,Bumiputera,Bumiputera,,2025-08,0.0,,2.1b!R14C14
2.1b,share_pct,Ethnic,Bumiputera,Bumiputera,,2025-09,0.0,,2.1b!R14C15
2.1b,share_pct,Ethnic,Bumiputera,Bumiputera,,2025-10,0.7,,2.1b!R14C16
2.1b,share_pct,Ethnic,Bumiputera,Bumiputera,,2025-11,0.0,,2.1b!R14C17
2.1b,share_pct,Ethnic,Bumiputera,Bumiputera,,2025-12,7.4,,2.1b!R14C18
2.1b,share_pct,Ethnic,Bumiputera,Bumiputera,,2026-01,-1.0379595549753207,,2.1b!R14C19
2.1b,share_pct,Ethnic,Bumiputera,Bumiputera,,2026-02,-0.6992307692307631,,2.1b!R14C20
2.1b,share_pct,Ethnic,Bumiputera,Bumiputera,,2026-03,0.7041544336940486,,2.1b!R14C21
2.1b,share_pct,Ethnic,Cina,Chinese,,2024-10,0.0,,2.1b!R15C4
2.1b,share_pct,Ethnic,Cina,Chinese,,2024-11,0.0,,2.1b!R15C5
2.1b,share_pct,Ethnic,Cina,Chinese,,2024-12,8.2,,2.1b!R15C6
2.1b,share_pct,Ethnic,Cina,Chinese,,2025-01,14.4,,2.1b!R15C7
2.1b,share_pct,Ethnic,Cina,Chinese,,2025-02,-15.4,,2.1b!R15C8
2.1b,share_pct,Ethnic,Cina,Chinese,,2025-03,1.9,,2.1b!R15C9
2.1b,share_pct,Ethnic,Cina,Chinese,,2025-04,-1.8,,2.1b!R15C10
2.1b,share_pct,Ethnic,Cina,Chinese,,2025-05,0.0,,2.1b!R15C11
2.1b,share_pct,Ethnic,Cina,Chinese,,2025-06,1.0,,2.1b!R15C12
2.1b,share_pct,Ethnic,Cina,Chinese,,2025-07,0.8,,2.1b!R15C13
2.1b,share_pct,Ethnic,Cina,Chinese,,2025-08,-0.4,,2.1b!R15C14
2.1b,share_pct,Ethnic,Cina,Chinese,,2025-09,0.3,,2.1b!R15C15
2.1b,share_pct,Ethnic,Cina,Chinese,,2025-10,0.6,,2.1b!R15C16
2.1b,share_pct,Ethnic,Cina,Chinese,,2025-11,0.0,,2.1b!R15C17
2.1b,share_pct,Ethnic,Cina,Chinese,,2025-12,5.9,,2.1b!R15C18
2.1b,share_pct,Ethnic,Cina,Chinese,,2026-01,4.895031541935979,,2.1b!R15C19
2.1b,share_pct,Ethnic,Cina,Chinese,,2026-02,0.0,,2.1b!R15C20
2.1b,share_pct,Ethnic,Cina,Chinese,,2026-03,-7.9999999999999964,,2.1b!R15C21
2.1b,share_pct,Ethnic,India,Indian,,2024-10,2.4,,2.1b!R16C4
2.1b,share_pct,Ethnic,India,Indian,,2024-11,-2.3,,2.1b!R16C5
2.1b,share_pct,Ethnic,India,Indian,,2024-12,11.1,,2.1b!R16C6
2.1b,share_pct,Ethnic,India,Indian,,2025-01,0.0,,2.1b!R16C7
2.1b,share_pct,Ethnic,India,Indian,,2025-02,-6.7,,2.1b!R16C8
2.1b,share_pct,Ethnic,India,Indian,,2025-03,3.6,,2.1b!R16C9
2.1b,share_pct,Ethnic,India,Indian,,2025-04,-3.4,,2.1b!R16C10
2.1b,share_pct,Ethnic,India,Indian,,2025-05,-0.6,,2.1b!R16C11
2.1b,share_pct,Ethnic,India,Indian,,2025-06,0.7,,2.1b!R16C12
2.1b,share_pct,Ethnic,India,Indian,,2025-07,0.0,,2.1b!R16C13
2.1b,share_pct,Ethnic,India,Indian,,2025-08,0.0,,2.1b!R16C14
2.1b,share_pct,Ethnic,India,Indian,,2025-09,0.0,,2.1b!R16C15
2.1b,share_pct,Ethnic,India,Indian,,2025-10,1.0,,2.1b!R16C16
2.1b,share_pct,Ethnic,India,Indian,,2025-11,-1.0,,2.1b!R16C17
2.1b,share_pct,Ethnic,India,Indian,,2025-12,11.4,,2.1b!R16C18
2.1b,share_pct,Ethnic,India,Indian,,2026-01,-3.8461538461538436,,2.1b!R16C19
2.1b,share_pct,Ethnic,India,Indian,,2026-02,0.0,,2.1b!R16C20
2.1b,share_pct,Ethnic,India,Indian,,2026-03,0.0,,2.1b!R16C21
2.1b,share_pct,Ethnic,Lain-lain,Others,,2024-10,0.0,,2.1b!R17C4
2.1b,share_pct,Ethnic,Lain-lain,Others,,2024-11,0.0,,2.1b!R17C5
2.1b,share_pct,Ethnic,Lain-lain,Others,,2024-12,7.8,,2.1b!R17C6
2.1b,share_pct,Ethnic,Lain-lain,Others,,2025-01,4.4,,2.1b!R17C7
2.1b,share_pct,Ethnic,Lain-lain,Others,,2025-02,-6.9,,2.1b!R17C8
2.1b,share_pct,Ethnic,Lain-lain,Others,,2025-03,4.5,,2.1b!R17C9
2.1b,share_pct,Ethnic,Lain-lain,Others,,2025-04,-4.3,,2.1b!R17C10
2.1b,share_pct,Ethnic,Lain-lain,Others,,2025-05,0.0,,2.1b!R17C11
2.1b,share_pct,Ethnic,Lain-lain,Others,,2025-06,0.0,,2.1b!R17C12
2.1b,share_pct,Ethnic,Lain-lain,Others,,2025-07,1.2,,2.1b!R17C13
2.1b,share_pct,Ethnic,Lain-lain,Others,,2025-08,-1.2,,2.1b!R17C14
2.1b,share_pct,Ethnic,Lain-lain,Others,,2025-09,1.2,,2.1b!R17C15
2.1b,share_pct,Ethnic,Lain-lain,Others,,2025-10,0.0,,2.1b!R17C16
2.1b,share_pct,Ethnic,Lain-lain,Others,,2025-11,-1.2,,2.1b!R17C17
2.1b,share_pct,Ethnic,Lain-lain,Others,,2025-12,7.4,,2.1b!R17C18
2.1b,share_pct,Ethnic,Lain-lain,Others,,2026-01,1.5383053256841306,,2.1b!R17C19
2.1b,share_pct,Ethnic,Lain-lain,Others,,2026-02,-0.7574999999999887,,2.1b!R17C20
2.1b,share_pct,Ethnic,Lain-lain,Others,,2026-03,0.7632818600901814,,2.1b!R17C21
2.1b,share_pct,Age Group,Kurang daripada 20,Less than 20,,2024-10,0.0,,2.1b!R19C4
2.1b,share_pct,Age Group,Kurang daripada 20,Less than 20,,2024-11,0.0,,2.1b!R19C5
2.1b,share_pct,Age Group,Kurang daripada 20,Less than 20,,2024-12,1.8,,2.1b!R19C6
2.1b,share_pct,Age Group,Kurang daripada 20,Less than 20,,2025-01,0.0,,2.1b!R19C7
2.1b,share_pct,Age Group,Kurang daripada 20,Less than 20,,2025-02,11.3,,2.1b!R19C8
2.1b,share_pct,Age Group,Kurang daripada 20,Less than 20,,2025-03,0.0,,2.1b!R19C9
2.1b,share_pct,Age Group,Kurang daripada 20,Less than 20,,2025-04,0.0,,2.1b!R19C10
2.1b,share_pct,Age Group,Kurang daripada 20,Less than 20,,2025-05,0.0,,2.1b!R19C11
2.1b,share_pct,Age Group,Kurang daripada 20,Less than 20,,2025-06,0.0,,2.1b!R19C12
2.1b,share_pct,Age Group,Kurang daripada 20,Less than 20,,2025-07,0.0,,2.1b!R19C13
2.1b,share_pct,Age Group,Kurang daripada 20,Less than 20,,2025-08,0.0,,2.1b!R19C14
2.1b,share_pct,Age Group,Kurang daripada 20,Less than 20,,2025-09,0.0,,2.1b!R19C15
2.1b,share_pct,Age Group,Kurang daripada 20,Less than 20,,2025-10,0.0,,2.1b!R19C16
2.1b,share_pct,Age Group,Kurang daripada 20,Less than 20,,2025-11,0.0,,2.1b!R19C17
2.1b,share_pct,Age Group,Kurang daripada 20,Less than 20,,2025-12,0.0,,2.1b!R19C18
2.1b,share_pct,Age Group,Kurang daripada 20,Less than 20,,2026-01,0.0,,2.1b!R19C19
2.1b,share_pct,Age Group,Kurang daripada 20,Less than 20,,2026-02,0.0,,2.1b!R19C20
2.1b,share_pct,Age Group,Kurang daripada 20,Less than 20,,2026-03,0.0,,2.1b!R19C21
2.1b,share_pct,Age Group,20-24,20-24,,2024-10,0.0,,2.1b!R20C4
2.1b,share_pct,Age Group,20-24,20-24,,2024-11,0.0,,2.1b!R20C5
2.1b,share_pct,Age Group,20-24,20-24,,2024-12,5.6,,2.1b!R20C6
2.1b,share_pct,Age Group,20-24,20-24,,2025-01,-3.8,,2.1b!R20C7
2.1b,share_pct,Age Group,20-24,20-24,,2025-02,1.0,,2.1b!R20C8
2.1b,share_pct,Age Group,20-24,20-24,,2025-03,3.0,,2.1b!R20C9
2.1b,share_pct,Age Group,20-24,20-24,,2025-04,-1.9,,2.1b!R20C10
2.1b,share_pct,Age Group,20-24,20-24,,2025-05,1.0,,2.1b!R20C11
2.1b,share_pct,Age Group,20-24,20-24,,2025-06,0.5,,2.1b!R20C12
2.1b,share_pct,Age Group,20-24,20-24,,2025-07,0.5,,2.1b!R20C13
2.1b,share_pct,Age Group,20-24,20-24,,2025-08,0.0,,2.1b!R20C14
2.1b,share_pct,Age Group,20-24,20-24,,2025-09,0.0,,2.1b!R20C15
2.1b,share_pct,Age Group,20-24,20-24,,2025-10,0.5,,2.1b!R20C16
2.1b,share_pct,Age Group,20-24,20-24,,2025-11,1.0,,2.1b!R20C17
2.1b,share_pct,Age Group,20-24,20-24,,2025-12,3.8,,2.1b!R20C18
2.1b,share_pct,Age Group,20-24,20-24,,2026-01,-5.000000000000004,,2.1b!R20C19
2.1b,share_pct,Age Group,20-24,20-24,,2026-02,1.4352631578947284,,2.1b!R20C20
2.1b,share_pct,Age Group,20-24,20-24,,2026-03,0.0,,2.1b!R20C21
2.1b,share_pct,Age Group,25-29,25-29,,2024-10,0.0,,2.1b!R21C4
2.1b,share_pct,Age Group,25-29,25-29,,2024-11,0.0,,2.1b!R21C5
2.1b,share_pct,Age Group,25-29,25-29,,2024-12,9.1,,2.1b!R21C6
2.1b,share_pct,Age Group,25-29,25-29,,2025-01,-3.0,,2.1b!R21C7
2.1b,share_pct,Age Group,25-29,25-29,,2025-02,-5.5,,2.1b!R21C8
2.1b,share_pct,Age Group,25-29,25-29,,2025-03,4.0,,2.1b!R21C9
2.1b,share_pct,Age Group,25-29,25-29,,2025-04,-3.8,,2.1b!R21C10
2.1b,share_pct,Age Group,25-29,25-29,,2025-05,0.0,,2.1b!R21C11
2.1b,share_pct,Age Group,25-29,25-29,,2025-06,1.1,,2.1b!R21C12
2.1b,share_pct,Age Group,25-29,25-29,,2025-07,0.7,,2.1b!R21C13
2.1b,share_pct,Age Group,25-29,25-29,,2025-08,0.0,,2.1b!R21C14
2.1b,share_pct,Age Group,25-29,25-29,,2025-09,0.7,,2.1b!R21C15
2.1b,share_pct,Age Group,25-29,25-29,,2025-10,0.7,,2.1b!R21C16
2.1b,share_pct,Age Group,25-29,25-29,,2025-11,0.0,,2.1b!R21C17
2.1b,share_pct,Age Group,25-29,25-29,,2025-12,8.5,,2.1b!R21C18
2.1b,share_pct,Age Group,25-29,25-29,,2026-01,-4.870000000000008,,2.1b!R21C19
2.1b,share_pct,Age Group,25-29,25-29,,2026-02,-0.6829000916039774,,2.1b!R21C20
2.1b,share_pct,Age Group,25-29,25-29,,2026-03,1.642064677087074,,2.1b!R21C21
2.1b,share_pct,Age Group,30-34,30-34,,2024-10,0.0,,2.1b!R22C4
2.1b,share_pct,Age Group,30-34,30-34,,2024-11,0.0,,2.1b!R22C5
2.1b,share_pct,Age Group,30-34,30-34,,2024-12,9.4,,2.1b!R22C6
2.1b,share_pct,Age Group,30-34,30-34,,2025-01,-1.1,,2.1b!R22C7
2.1b,share_pct,Age Group,30-34,30-34,,2025-02,-7.6,,2.1b!R22C8
2.1b,share_pct,Age Group,30-34,30-34,,2025-03,6.7,,2.1b!R22C9
2.1b,share_pct,Age Group,30-34,30-34,,2025-04,-4.8,,2.1b!R22C10
2.1b,share_pct,Age Group,30-34,30-34,,2025-05,-1.5,,2.1b!R22C11
2.1b,share_pct,Age Group,30-34,30-34,,2025-06,1.5,,2.1b!R22C12
2.1b,share_pct,Age Group,30-34,30-34,,2025-07,0.0,,2.1b!R22C13
2.1b,share_pct,Age Group,30-34,30-34,,2025-08,0.0,,2.1b!R22C14
2.1b,share_pct,Age Group,30-34,30-34,,2025-09,0.0,,2.1b!R22C15
2.1b,share_pct,Age Group,30-34,30-34,,2025-10,0.6,,2.1b!R22C16
2.1b,share_pct,Age Group,30-34,30-34,,2025-11,0.0,,2.1b!R22C17
2.1b,share_pct,Age Group,30-34,30-34,,2025-12,10.4,,2.1b!R22C18
2.1b,share_pct,Age Group,30-34,30-34,,2026-01,-4.032444068578467,,2.1b!R22C19
2.1b,share_pct,Age Group,30-34,30-34,,2026-02,-0.5601688517770986,,2.1b!R22C20
2.1b,share_pct,Age Group,30-34,30-34,,2026-03,2.253607538259894,,2.1b!R22C21
2.1b,share_pct,Age Group,35-39,35-39,,2024-10,0.4,,2.1b!R23C4
2.1b,share_pct,Age Group,35-39,35-39,,2024-11,0.1,,2.1b!R23C5
2.1b,share_pct,Age Group,35-39,35-39,,2024-12,10.2,,2.1b!R23C6
2.1b,share_pct,Age Group,35-39,35-39,,2025-01,0.5,,2.1b!R23C7
2.1b,share_pct,Age Group,35-39,35-39,,2025-02,-7.0,,2.1b!R23C8
2.1b,share_pct,Age Group,35-39,35-39,,2025-03,6.3,,2.1b!R23C9
2.1b,share_pct,Age Group,35-39,35-39,,2025-04,-5.4,,2.1b!R23C10
2.1b,share_pct,Age Group,35-39,35-39,,2025-05,-0.5,,2.1b!R23C11
2.1b,share_pct,Age Group,35-39,35-39,,2025-06,0.5,,2.1b!R23C12
2.1b,share_pct,Age Group,35-39,35-39,,2025-07,0.0,,2.1b!R23C13
2.1b,share_pct,Age Group,35-39,35-39,,2025-08,0.0,,2.1b!R23C14
2.1b,share_pct,Age Group,35-39,35-39,,2025-09,0.0,,2.1b!R23C15
2.1b,share_pct,Age Group,35-39,35-39,,2025-10,0.0,,2.1b!R23C16
2.1b,share_pct,Age Group,35-39,35-39,,2025-11,0.0,,2.1b!R23C17
2.1b,share_pct,Age Group,35-39,35-39,,2025-12,9.4,,2.1b!R23C18
2.1b,share_pct,Age Group,35-39,35-39,,2026-01,-2.137816250225366,,2.1b!R23C19
2.1b,share_pct,Age Group,35-39,35-39,,2026-02,-0.6202191992951467,,2.1b!R23C20
2.1b,share_pct,Age Group,35-39,35-39,,2026-03,2.089613187828765,,2.1b!R23C21
2.1b,share_pct,Age Group,40-44,40-44,,2024-10,0.5,,2.1b!R24C4
2.1b,share_pct,Age Group,40-44,40-44,,2024-11,0.0,,2.1b!R24C5
2.1b,share_pct,Age Group,40-44,40-44,,2024-12,12.8,,2.1b!R24C6
2.1b,share_pct,Age Group,40-44,40-44,,2025-01,0.7,,2.1b!R24C7
2.1b,share_pct,Age Group,40-44,40-44,,2025-02,-9.0,,2.1b!R24C8
2.1b,share_pct,Age Group,40-44,40-44,,2025-03,8.2,,2.1b!R24C9
2.1b,share_pct,Age Group,40-44,40-44,,2025-04,-6.0,,2.1b!R24C10
2.1b,share_pct,Age Group,40-44,40-44,,2025-05,-1.7,,2.1b!R24C11
2.1b,share_pct,Age Group,40-44,40-44,,2025-06,1.0,,2.1b!R24C12
2.1b,share_pct,Age Group,40-44,40-44,,2025-07,0.0,,2.1b!R24C13
2.1b,share_pct,Age Group,40-44,40-44,,2025-08,-0.5,,2.1b!R24C14
2.1b,share_pct,Age Group,40-44,40-44,,2025-09,0.5,,2.1b!R24C15
2.1b,share_pct,Age Group,40-44,40-44,,2025-10,0.0,,2.1b!R24C16
2.1b,share_pct,Age Group,40-44,40-44,,2025-11,0.0,,2.1b!R24C17
2.1b,share_pct,Age Group,40-44,40-44,,2025-12,9.8,,2.1b!R24C18
2.1b,share_pct,Age Group,40-44,40-44,,2026-01,-1.566083609768576,,2.1b!R24C19
2.1b,share_pct,Age Group,40-44,40-44,,2026-02,0.0,,2.1b!R24C20
2.1b,share_pct,Age Group,40-44,40-44,,2026-03,0.0,,2.1b!R24C21
2.1b,share_pct,Age Group,45-49,45-49,,2024-10,0.5,,2.1b!R25C4
2.1b,share_pct,Age Group,45-49,45-49,,2024-11,0.5,,2.1b!R25C5
2.1b,share_pct,Age Group,45-49,45-49,,2024-12,11.4,,2.1b!R25C6
2.1b,share_pct,Age Group,45-49,45-49,,2025-01,4.5,,2.1b!R25C7
2.1b,share_pct,Age Group,45-49,45-49,,2025-02,-10.9,,2.1b!R25C8
2.1b,share_pct,Age Group,45-49,45-49,,2025-03,5.3,,2.1b!R25C9
2.1b,share_pct,Age Group,45-49,45-49,,2025-04,-3.9,,2.1b!R25C10
2.1b,share_pct,Age Group,45-49,45-49,,2025-05,-1.2,,2.1b!R25C11
2.1b,share_pct,Age Group,45-49,45-49,,2025-06,0.0,,2.1b!R25C12
2.1b,share_pct,Age Group,45-49,45-49,,2025-07,0.0,,2.1b!R25C13
2.1b,share_pct,Age Group,45-49,45-49,,2025-08,0.0,,2.1b!R25C14
2.1b,share_pct,Age Group,45-49,45-49,,2025-09,0.0,,2.1b!R25C15
2.1b,share_pct,Age Group,45-49,45-49,,2025-10,0.7,,2.1b!R25C16
2.1b,share_pct,Age Group,45-49,45-49,,2025-11,0.5,,2.1b!R25C17
2.1b,share_pct,Age Group,45-49,45-49,,2025-12,10.4,,2.1b!R25C18
2.1b,share_pct,Age Group,45-49,45-49,,2026-01,-2.117325607414988,,2.1b!R25C19
2.1b,share_pct,Age Group,45-49,45-49,,2026-02,-0.24328850985188,,2.1b!R25C20
2.1b,share_pct,Age Group,45-49,45-49,,2026-03,-1.0963827811214633,,2.1b!R25C21
2.1b,share_pct,Age Group,50-54,50-54,,2024-10,0.0,,2.1b!R26C4
2.1b,share_pct,Age Group,50-54,50-54,,2024-11,0.0,,2.1b!R26C5
2.1b,share_pct,Age Group,50-54,50-54,,2024-12,12.7,,2.1b!R26C6
2.1b,share_pct,Age Group,50-54,50-54,,2025-01,3.9,,2.1b!R26C7
2.1b,share_pct,Age Group,50-54,50-54,,2025-02,-11.5,,2.1b!R26C8
2.1b,share_pct,Age Group,50-54,50-54,,2025-03,6.0,,2.1b!R26C9
2.1b,share_pct,Age Group,50-54,50-54,,2025-04,-4.7,,2.1b!R26C10
2.1b,share_pct,Age Group,50-54,50-54,,2025-05,-0.5,,2.1b!R26C11
2.1b,share_pct,Age Group,50-54,50-54,,2025-06,0.5,,2.1b!R26C12
2.1b,share_pct,Age Group,50-54,50-54,,2025-07,0.0,,2.1b!R26C13
2.1b,share_pct,Age Group,50-54,50-54,,2025-08,-0.5,,2.1b!R26C14
2.1b,share_pct,Age Group,50-54,50-54,,2025-09,0.0,,2.1b!R26C15
2.1b,share_pct,Age Group,50-54,50-54,,2025-10,0.5,,2.1b!R26C16
2.1b,share_pct,Age Group,50-54,50-54,,2025-11,0.5,,2.1b!R26C17
2.1b,share_pct,Age Group,50-54,50-54,,2025-12,8.6,,2.1b!R26C18
2.1b,share_pct,Age Group,50-54,50-54,,2026-01,1.5909999999999869,,2.1b!R26C19
2.1b,share_pct,Age Group,50-54,50-54,,2026-02,0.0,,2.1b!R26C20
2.1b,share_pct,Age Group,50-54,50-54,,2026-03,-1.566083609768576,,2.1b!R26C21
2.1b,share_pct,Age Group,55-59,55-59,,2024-10,0.9,,2.1b!R27C4
2.1b,share_pct,Age Group,55-59,55-59,,2024-11,0.0,,2.1b!R27C5
2.1b,share_pct,Age Group,55-59,55-59,,2024-12,8.5,,2.1b!R27C6
2.1b,share_pct,Age Group,55-59,55-59,,2025-01,9.2,,2.1b!R27C7
2.1b,share_pct,Age Group,55-59,55-59,,2025-02,-11.0,,2.1b!R27C8
2.1b,share_pct,Age Group,55-59,55-59,,2025-03,2.9,,2.1b!R27C9
2.1b,share_pct,Age Group,55-59,55-59,,2025-04,-2.9,,2.1b!R27C10
2.1b,share_pct,Age Group,55-59,55-59,,2025-05,0.0,,2.1b!R27C11
2.1b,share_pct,Age Group,55-59,55-59,,2025-06,0.0,,2.1b!R27C12
2.1b,share_pct,Age Group,55-59,55-59,,2025-07,0.0,,2.1b!R27C13
2.1b,share_pct,Age Group,55-59,55-59,,2025-08,0.0,,2.1b!R27C14
2.1b,share_pct,Age Group,55-59,55-59,,2025-09,0.0,,2.1b!R27C15
2.1b,share_pct,Age Group,55-59,55-59,,2025-10,0.0,,2.1b!R27C16
2.1b,share_pct,Age Group,55-59,55-59,,2025-11,0.0,,2.1b!R27C17
2.1b,share_pct,Age Group,55-59,55-59,,2025-12,8.3,,2.1b!R27C18
2.1b,share_pct,Age Group,55-59,55-59,,2026-01,3.2098255753947758,,2.1b!R27C19
2.1b,share_pct,Age Group,55-59,55-59,,2026-02,0.0,,2.1b!R27C20
2.1b,share_pct,Age Group,55-59,55-59,,2026-03,-2.631578947368418,,2.1b!R27C21
2.1b,share_pct,Age Group,60-64,60-64,,2024-10,0.9,,2.1b!R28C4
2.1b,share_pct,Age Group,60-64,60-64,,2024-11,-0.9,,2.1b!R28C5
2.1b,share_pct,Age Group,60-64,60-64,,2024-12,3.4,,2.1b!R28C6
2.1b,share_pct,Age Group,60-64,60-64,,2025-01,12.1,,2.1b!R28C7
2.1b,share_pct,Age Group,60-64,60-64,,2025-02,-10.8,,2.1b!R28C8
2.1b,share_pct,Age Group,60-64,60-64,,2025-03,0.0,,2.1b!R28C9
2.1b,share_pct,Age Group,60-64,60-64,,2025-04,0.0,,2.1b!R28C10
2.1b,share_pct,Age Group,60-64,60-64,,2025-05,0.0,,2.1b!R28C11
2.1b,share_pct,Age Group,60-64,60-64,,2025-06,0.0,,2.1b!R28C12
2.1b,share_pct,Age Group,60-64,60-64,,2025-07,0.0,,2.1b!R28C13
2.1b,share_pct,Age Group,60-64,60-64,,2025-08,0.0,,2.1b!R28C14
2.1b,share_pct,Age Group,60-64,60-64,,2025-09,0.0,,2.1b!R28C15
2.1b,share_pct,Age Group,60-64,60-64,,2025-10,0.0,,2.1b!R28C16
2.1b,share_pct,Age Group,60-64,60-64,,2025-11,0.0,,2.1b!R28C17
2.1b,share_pct,Age Group,60-64,60-64,,2025-12,4.0,,2.1b!R28C18
2.1b,share_pct,Age Group,60-64,60-64,,2026-01,5.769230769230771,,2.1b!R28C19
2.1b,share_pct,Age Group,60-64,60-64,,2026-02,0.0,,2.1b!R28C20
2.1b,share_pct,Age Group,60-64,60-64,,2026-03,-6.060606060606055,,2.1b!R28C21
2.1b,share_pct,Age Group,65 dan ke atas,65 and above,,2024-10,1.4,,2.1b!R29C4
2.1b,share_pct,Age Group,65 dan ke atas,65 and above,,2024-11,-0.3,,2.1b!R29C5
2.1b,share_pct,Age Group,65 dan ke atas,65 and above,,2024-12,8.3,,2.1b!R29C6
2.1b,share_pct,Age Group,65 dan ke atas,65 and above,,2025-01,7.3,,2.1b!R29C7
2.1b,share_pct,Age Group,65 dan ke atas,65 and above,,2025-02,-10.8,,2.1b!R29C8
2.1b,share_pct,Age Group,65 dan ke atas,65 and above,,2025-03,1.6,,2.1b!R29C9
2.1b,share_pct,Age Group,65 dan ke atas,65 and above,,2025-04,-0.9,,2.1b!R29C10
2.1b,share_pct,Age Group,65 dan ke atas,65 and above,,2025-05,0.9,,2.1b!R29C11
2.1b,share_pct,Age Group,65 dan ke atas,65 and above,,2025-06,0.0,,2.1b!R29C12
2.1b,share_pct,Age Group,65 dan ke atas,65 and above,,2025-07,0.3,,2.1b!R29C13
2.1b,share_pct,Age Group,65 dan ke atas,65 and above,,2025-08,0.5,,2.1b!R29C14
2.1b,share_pct,Age Group,65 dan ke atas,65 and above,,2025-09,-0.9,,2.1b!R29C15
2.1b,share_pct,Age Group,65 dan ke atas,65 and above,,2025-10,2.2,,2.1b!R29C16
2.1b,share_pct,Age Group,65 dan ke atas,65 and above,,2025-11,0.0,,2.1b!R29C17
2.1b,share_pct,Age Group,65 dan ke atas,65 and above,,2025-12,1.2,,2.1b!R29C18
2.1b,share_pct,Age Group,65 dan ke atas,65 and above,,2026-01,2.499999999999991,,2.1b!R29C19
2.1b,share_pct,Age Group,65 dan ke atas,65 and above,,2026-02,0.8130081300812941,,2.1b!R29C20
2.1b,share_pct,Age Group,65 dan ke atas,65 and above,,2026-03,-3.2258064516129004,,2.1b!R29C21
2.1c,mom_pct,,Jumlah,Total,,2024-10,6.3,,2.1c!R9C4
2.1c,mom_pct,,Jumlah,Total,,2024-11,6.3,,2.1c!R9C5
2.1c,mom_pct,,Jumlah,Total,,2024-12,5.0,,2.1c!R9C6
2.1c,mom_pct,,Jumlah,Total,,2025-01,4.0,,2.1c!R9C7
2.1c,mom_pct,,Jumlah,Total,,2025-02,3.3,,2.1c!R9C8
2.1c,mom_pct,,Jumlah,Total,,2025-03,5.5,,2.1c!R9C9
2.1c,mom_pct,,Jumlah,Total,,2025-04,3.6,,2.1c!R9C10
2.1c,mom_pct,,Jumlah,Total,,2025-05,5.4,,2.1c!R9C11
2.1c,mom_pct,,Jumlah,Total,,2025-06,4.3,,2.1c!R9C12
2.1c,mom_pct,,Jumlah,Total,,2025-07,4.3,,2.1c!R9C13
2.1c,mom_pct,,Jumlah,Total,,2025-08,4.3,,2.1c!R9C14
2.1c,mom_pct,,Jumlah,Total,,2025-09,4.3,,2.1c!R9C15
2.1c,mom_pct,,Jumlah,Total,,2025-10,4.3,,2.1c!R9C16
2.1c,mom_pct,,Jumlah,Total,,2025-11,4.3,,2.1c!R9C17
2.1c,mom_pct,,Jumlah,Total,,2025-12,4.0,,2.1c!R9C18
2.1c,mom_pct,,Jumlah,Total,,2026-01,0.29637947017273625,,2.1c!R9C19
2.1c,mom_pct,,Jumlah,Total,,2026-02,5.296347826086967,,2.1c!R9C20
2.1c,mom_pct,,Jumlah,Total,,2026-03,0.9090000000000042,,2.1c!R9C21
2.1c,mom_pct,Sex,Lelaki,Male,,2024-10,5.1,,2.1c!R11C4
2.1c,mom_pct,Sex,Lelaki,Male,,2024-11,4.7,,2.1c!R11C5
2.1c,mom_pct,Sex,Lelaki,Male,,2024-12,3.4,,2.1c!R11C6
2.1c,mom_pct,Sex,Lelaki,Male,,2025-01,3.4,,2.1c!R11C7
2.1c,mom_pct,Sex,Lelaki,Male,,2025-02,3.6,,2.1c!R11C8
2.1c,mom_pct,Sex,Lelaki,Male,,2025-03,3.4,,2.1c!R11C9
2.1c,mom_pct,Sex,Lelaki,Male,,2025-04,3.6,,2.1c!R11C10
2.1c,mom_pct,Sex,Lelaki,Male,,2025-05,4.6,,2.1c!R11C11
2.1c,mom_pct,Sex,Lelaki,Male,,2025-06,4.2,,2.1c!R11C12
2.1c,mom_pct,Sex,Lelaki,Male,,2025-07,4.2,,2.1c!R11C13
2.1c,mom_pct,Sex,Lelaki,Male,,2025-08,4.8,,2.1c!R11C14
2.1c,mom_pct,Sex,Lelaki,Male,,2025-09,4.2,,2.1c!R11C15
2.1c,mom_pct,Sex,Lelaki,Male,,2025-10,3.6,,2.1c!R11C16
2.1c,mom_pct,Sex,Lelaki,Male,,2025-11,4.0,,2.1c!R11C17
2.1c,mom_pct,Sex,Lelaki,Male,,2025-12,4.0,,2.1c!R11C18
2.1c,mom_pct,Sex,Lelaki,Male,,2026-01,0.22940989415345392,,2.1c!R11C19
2.1c,mom_pct,Sex,Lelaki,Male,,2026-02,5.364137931034474,,2.1c!R11C20
2.1c,mom_pct,Sex,Lelaki,Male,,2026-03,2.1213333333333306,,2.1c!R11C21
2.1c,mom_pct,Sex,Perempuan,Female,,2024-10,5.3,,2.1c!R12C4
2.1c,mom_pct,Sex,Perempuan,Female,,2024-11,5.3,,2.1c!R12C5
2.1c,mom_pct,Sex,Perempuan,Female,,2024-12,5.4,,2.1c!R12C6
2.1c,mom_pct,Sex,Perempuan,Female,,2025-01,5.0,,2.1c!R12C7
2.1c,mom_pct,Sex,Perempuan,Female,,2025-02,3.7,,2.1c!R12C8
2.1c,mom_pct,Sex,Perempuan,Female,,2025-03,6.5,,2.1c!R12C9
2.1c,mom_pct,Sex,Perempuan,Female,,2025-04,3.7,,2.1c!R12C10
2.1c,mom_pct,Sex,Perempuan,Female,,2025-05,4.4,,2.1c!R12C11
2.1c,mom_pct,Sex,Perempuan,Female,,2025-06,3.7,,2.1c!R12C12
2.1c,mom_pct,Sex,Perempuan,Female,,2025-07,3.7,,2.1c!R12C13
2.1c,mom_pct,Sex,Perempuan,Female,,2025-08,4.4,,2.1c!R12C14
2.1c,mom_pct,Sex,Perempuan,Female,,2025-09,3.7,,2.1c!R12C15
2.1c,mom_pct,Sex,Perempuan,Female,,2025-10,4.1,,2.1c!R12C16
2.1c,mom_pct,Sex,Perempuan,Female,,2025-11,4.7,,2.1c!R12C17
2.1c,mom_pct,Sex,Perempuan,Female,,2025-12,4.0,,2.1c!R12C18
2.1c,mom_pct,Sex,Perempuan,Female,,2026-01,0.29880641612898273,,2.1c!R12C19
2.1c,mom_pct,Sex,Perempuan,Female,,2026-02,6.109427115203014,,2.1c!R12C20
2.1c,mom_pct,Sex,Perempuan,Female,,2026-03,0.6096947501861294,,2.1c!R12C21
2.1c,mom_pct,Ethnic,Bumiputera,Bumiputera,,2024-10,4.5,,2.1c!R14C4
2.1c,mom_pct,Ethnic,Bumiputera,Bumiputera,,2024-11,4.5,,2.1c!R14C5
2.1c,mom_pct,Ethnic,Bumiputera,Bumiputera,,2024-12,4.1,,2.1c!R14C6
2.1c,mom_pct,Ethnic,Bumiputera,Bumiputera,,2025-01,5.6,,2.1c!R14C7
2.1c,mom_pct,Ethnic,Bumiputera,Bumiputera,,2025-02,5.5,,2.1c!R14C8
2.1c,mom_pct,Ethnic,Bumiputera,Bumiputera,,2025-03,6.1,,2.1c!R14C9
2.1c,mom_pct,Ethnic,Bumiputera,Bumiputera,,2025-04,5.5,,2.1c!R14C10
2.1c,mom_pct,Ethnic,Bumiputera,Bumiputera,,2025-05,5.5,,2.1c!R14C11
2.1c,mom_pct,Ethnic,Bumiputera,Bumiputera,,2025-06,5.5,,2.1c!R14C12
2.1c,mom_pct,Ethnic,Bumiputera,Bumiputera,,2025-07,5.5,,2.1c!R14C13
2.1c,mom_pct,Ethnic,Bumiputera,Bumiputera,,2025-08,5.5,,2.1c!R14C14
2.1c,mom_pct,Ethnic,Bumiputera,Bumiputera,,2025-09,5.5,,2.1c!R14C15
2.1c,mom_pct,Ethnic,Bumiputera,Bumiputera,,2025-10,6.3,,2.1c!R14C16
2.1c,mom_pct,Ethnic,Bumiputera,Bumiputera,,2025-11,6.3,,2.1c!R14C17
2.1c,mom_pct,Ethnic,Bumiputera,Bumiputera,,2025-12,4.0,,2.1c!R14C18
2.1c,mom_pct,Ethnic,Bumiputera,Bumiputera,,2026-01,1.4182958605732487,,2.1c!R14C19
2.1c,mom_pct,Ethnic,Bumiputera,Bumiputera,,2026-02,6.367235618616807,,2.1c!R14C20
2.1c,mom_pct,Ethnic,Bumiputera,Bumiputera,,2026-03,2.1430395411420555,,2.1c!R14C21
2.1c,mom_pct,Ethnic,Cina,Chinese,,2024-10,5.0,,2.1c!R15C4
2.1c,mom_pct,Ethnic,Cina,Chinese,,2024-11,5.0,,2.1c!R15C5
2.1c,mom_pct,Ethnic,Cina,Chinese,,2024-12,5.7,,2.1c!R15C6
2.1c,mom_pct,Ethnic,Cina,Chinese,,2025-01,6.5,,2.1c!R15C7
2.1c,mom_pct,Ethnic,Cina,Chinese,,2025-02,0.8,,2.1c!R15C8
2.1c,mom_pct,Ethnic,Cina,Chinese,,2025-03,6.7,,2.1c!R15C9
2.1c,mom_pct,Ethnic,Cina,Chinese,,2025-04,5.7,,2.1c!R15C10
2.1c,mom_pct,Ethnic,Cina,Chinese,,2025-05,5.7,,2.1c!R15C11
2.1c,mom_pct,Ethnic,Cina,Chinese,,2025-06,5.8,,2.1c!R15C12
2.1c,mom_pct,Ethnic,Cina,Chinese,,2025-07,6.7,,2.1c!R15C13
2.1c,mom_pct,Ethnic,Cina,Chinese,,2025-08,6.3,,2.1c!R15C14
2.1c,mom_pct,Ethnic,Cina,Chinese,,2025-09,6.5,,2.1c!R15C15
2.1c,mom_pct,Ethnic,Cina,Chinese,,2025-10,7.1,,2.1c!R15C16
2.1c,mom_pct,Ethnic,Cina,Chinese,,2025-11,7.1,,2.1c!R15C17
2.1c,mom_pct,Ethnic,Cina,Chinese,,2025-12,4.9,,2.1c!R15C18
2.1c,mom_pct,Ethnic,Cina,Chinese,,2026-01,-3.8461538461538436,,2.1c!R15C19
2.1c,mom_pct,Ethnic,Cina,Chinese,,2026-02,13.636363636363647,,2.1c!R15C20
2.1c,mom_pct,Ethnic,Cina,Chinese,,2026-03,2.6368751980222482,,2.1c!R15C21
2.1c,mom_pct,Ethnic,India,Indian,,2024-10,7.0,,2.1c!R16C4
2.1c,mom_pct,Ethnic,India,Indian,,2024-11,5.3,,2.1c!R16C5
2.1c,mom_pct,Ethnic,India,Indian,,2024-12,4.8,,2.1c!R16C6
2.1c,mom_pct,Ethnic,India,Indian,,2025-01,3.4,,2.1c!R16C7
2.1c,mom_pct,Ethnic,India,Indian,,2025-02,3.7,,2.1c!R16C8
2.1c,mom_pct,Ethnic,India,Indian,,2025-03,5.6,,2.1c!R16C9
2.1c,mom_pct,Ethnic,India,Indian,,2025-04,5.1,,2.1c!R16C10
2.1c,mom_pct,Ethnic,India,Indian,,2025-05,4.4,,2.1c!R16C11
2.1c,mom_pct,Ethnic,India,Indian,,2025-06,5.1,,2.1c!R16C12
2.1c,mom_pct,Ethnic,India,Indian,,2025-07,3.7,,2.1c!R16C13
2.1c,mom_pct,Ethnic,India,Indian,,2025-08,4.4,,2.1c!R16C14
2.1c,mom_pct,Ethnic,India,Indian,,2025-09,3.7,,2.1c!R16C15
2.1c,mom_pct,Ethnic,India,Indian,,2025-10,2.3,,2.1c!R16C16
2.1c,mom_pct,Ethnic,India,Indian,,2025-11,3.7,,2.1c!R16C17
2.1c,mom_pct,Ethnic,India,Indian,,2025-12,4.0,,2.1c!R16C18
2.1c,mom_pct,Ethnic,India,Indian,,2026-01,0.0,,2.1c!R16C19
2.1c,mom_pct,Ethnic,India,Indian,,2026-02,7.14285714285714,,2.1c!R16C20
2.1c,mom_pct,Ethnic,India,Indian,,2026-03,3.4482758620689724,,2.1c!R16C21
2.1c,mom_pct,Ethnic,Lain-lain,Others,,2024-10,4.4,,2.1c!R17C4
2.1c,mom_pct,Ethnic,Lain-lain,Others,,2024-11,3.6,,2.1c!R17C5
2.1c,mom_pct,Ethnic,Lain-lain,Others,,2024-12,4.6,,2.1c!R17C6
2.1c,mom_pct,Ethnic,Lain-lain,Others,,2025-01,6.1,,2.1c!R17C7
2.1c,mom_pct,Ethnic,Lain-lain,Others,,2025-02,4.8,,2.1c!R17C8
2.1c,mom_pct,Ethnic,Lain-lain,Others,,2025-03,6.3,,2.1c!R17C9
2.1c,mom_pct,Ethnic,Lain-lain,Others,,2025-04,4.8,,2.1c!R17C10
2.1c,mom_pct,Ethnic,Lain-lain,Others,,2025-05,4.8,,2.1c!R17C11
2.1c,mom_pct,Ethnic,Lain-lain,Others,,2025-06,4.8,,2.1c!R17C12
2.1c,mom_pct,Ethnic,Lain-lain,Others,,2025-07,6.1,,2.1c!R17C13
2.1c,mom_pct,Ethnic,Lain-lain,Others,,2025-08,4.8,,2.1c!R17C14
2.1c,mom_pct,Ethnic,Lain-lain,Others,,2025-09,6.1,,2.1c!R17C15
2.1c,mom_pct,Ethnic,Lain-lain,Others,,2025-10,6.1,,2.1c!R17C16
2.1c,mom_pct,Ethnic,Lain-lain,Others,,2025-11,4.8,,2.1c!R17C17
2.1c,mom_pct,Ethnic,Lain-lain,Others,,2025-12,4.4,,2.1c!R17C18
2.1c,mom_pct,Ethnic,Lain-lain,Others,,2026-01,1.5383053256841306,,2.1c!R17C19
2.1c,mom_pct,Ethnic,Lain-lain,Others,,2026-02,8.26454545454547,,2.1c!R17C20
2.1c,mom_pct,Ethnic,Lain-lain,Others,,2026-03,4.347826086956519,,2.1c!R17C21
2.1c,mom_pct,Age Group,Kurang daripada 20,Less than 20,,2024-10,0.0,,2.1c!R19C4
2.1c,mom_pct,Age Group,Kurang daripada 20,Less than 20,,2024-11,0.0,,2.1c!R19C5
2.1c,mom_pct,Age Group,Kurang daripada 20,Less than 20,,2024-12,1.8,,2.1c!R19C6
2.1c,mom_pct,Age Group,Kurang daripada 20,Less than 20,,2025-01,1.8,,2.1c!R19C7
2.1c,mom_pct,Age Group,Kurang daripada 20,Less than 20,,2025-02,13.3,,2.1c!R19C8
2.1c,mom_pct,Age Group,Kurang daripada 20,Less than 20,,2025-03,13.3,,2.1c!R19C9
2.1c,mom_pct,Age Group,Kurang daripada 20,Less than 20,,2025-04,13.3,,2.1c!R19C10
2.1c,mom_pct,Age Group,Kurang daripada 20,Less than 20,,2025-05,13.3,,2.1c!R19C11
2.1c,mom_pct,Age Group,Kurang daripada 20,Less than 20,,2025-06,13.3,,2.1c!R19C12
2.1c,mom_pct,Age Group,Kurang daripada 20,Less than 20,,2025-07,13.3,,2.1c!R19C13
2.1c,mom_pct,Age Group,Kurang daripada 20,Less than 20,,2025-08,13.3,,2.1c!R19C14
2.1c,mom_pct,Age Group,Kurang daripada 20,Less than 20,,2025-09,13.3,,2.1c!R19C15
2.1c,mom_pct,Age Group,Kurang daripada 20,Less than 20,,2025-10,13.3,,2.1c!R19C16
2.1c,mom_pct,Age Group,Kurang daripada 20,Less than 20,,2025-11,13.3,,2.1c!R19C17
2.1c,mom_pct,Age Group,Kurang daripada 20,Less than 20,,2025-12,11.3,,2.1c!R19C18
2.1c,mom_pct,Age Group,Kurang daripada 20,Less than 20,,2026-01,11.309722576885562,,2.1c!R19C19
2.1c,mom_pct,Age Group,Kurang daripada 20,Less than 20,,2026-02,0.0,,2.1c!R19C20
2.1c,mom_pct,Age Group,Kurang daripada 20,Less than 20,,2026-03,0.0,,2.1c!R19C21
2.1c,mom_pct,Age Group,20-24,20-24,,2024-10,1.0,,2.1c!R20C4
2.1c,mom_pct,Age Group,20-24,20-24,,2024-11,1.0,,2.1c!R20C5
2.1c,mom_pct,Age Group,20-24,20-24,,2024-12,3.0,,2.1c!R20C6
2.1c,mom_pct,Age Group,20-24,20-24,,2025-01,2.6,,2.1c!R20C7
2.1c,mom_pct,Age Group,20-24,20-24,,2025-02,5.7,,2.1c!R20C8
2.1c,mom_pct,Age Group,20-24,20-24,,2025-03,7.7,,2.1c!R20C9
2.1c,mom_pct,Age Group,20-24,20-24,,2025-04,5.7,,2.1c!R20C10
2.1c,mom_pct,Age Group,20-24,20-24,,2025-05,5.6,,2.1c!R20C11
2.1c,mom_pct,Age Group,20-24,20-24,,2025-06,6.1,,2.1c!R20C12
2.1c,mom_pct,Age Group,20-24,20-24,,2025-07,6.6,,2.1c!R20C13
2.1c,mom_pct,Age Group,20-24,20-24,,2025-08,5.6,,2.1c!R20C14
2.1c,mom_pct,Age Group,20-24,20-24,,2025-09,5.6,,2.1c!R20C15
2.1c,mom_pct,Age Group,20-24,20-24,,2025-10,6.1,,2.1c!R20C16
2.1c,mom_pct,Age Group,20-24,20-24,,2025-11,7.1,,2.1c!R20C17
2.1c,mom_pct,Age Group,20-24,20-24,,2025-12,5.3,,2.1c!R20C18
2.1c,mom_pct,Age Group,20-24,20-24,,2026-01,3.980254696897556,,2.1c!R20C19
2.1c,mom_pct,Age Group,20-24,20-24,,2026-02,4.433606979327531,,2.1c!R20C20
2.1c,mom_pct,Age Group,20-24,20-24,,2026-03,1.4352631578947284,,2.1c!R20C21
2.1c,mom_pct,Age Group,25-29,25-29,,2024-10,4.2,,2.1c!R21C4
2.1c,mom_pct,Age Group,25-29,25-29,,2024-11,4.2,,2.1c!R21C5
2.1c,mom_pct,Age Group,25-29,25-29,,2024-12,4.9,,2.1c!R21C6
2.1c,mom_pct,Age Group,25-29,25-29,,2025-01,5.8,,2.1c!R21C7
2.1c,mom_pct,Age Group,25-29,25-29,,2025-02,4.2,,2.1c!R21C8
2.1c,mom_pct,Age Group,25-29,25-29,,2025-03,4.0,,2.1c!R21C9
2.1c,mom_pct,Age Group,25-29,25-29,,2025-04,2.2,,2.1c!R21C10
2.1c,mom_pct,Age Group,25-29,25-29,,2025-05,3.0,,2.1c!R21C11
2.1c,mom_pct,Age Group,25-29,25-29,,2025-06,2.6,,2.1c!R21C12
2.1c,mom_pct,Age Group,25-29,25-29,,2025-07,3.3,,2.1c!R21C13
2.1c,mom_pct,Age Group,25-29,25-29,,2025-08,3.3,,2.1c!R21C14
2.1c,mom_pct,Age Group,25-29,25-29,,2025-09,2.5,,2.1c!R21C15
2.1c,mom_pct,Age Group,25-29,25-29,,2025-10,3.3,,2.1c!R21C16
2.1c,mom_pct,Age Group,25-29,25-29,,2025-11,3.3,,2.1c!R21C17
2.1c,mom_pct,Age Group,25-29,25-29,,2025-12,2.7,,2.1c!R21C18
2.1c,mom_pct,Age Group,25-29,25-29,,2026-01,0.6875956831541075,,2.1c!R21C19
2.1c,mom_pct,Age Group,25-29,25-29,,2026-02,5.81799999999999,,2.1c!R21C20
2.1c,mom_pct,Age Group,25-29,25-29,,2026-03,3.4188461538461556,,2.1c!R21C21
2.1c,mom_pct,Age Group,30-34,30-34,,2024-10,3.4,,2.1c!R22C4
2.1c,mom_pct,Age Group,30-34,30-34,,2024-11,3.4,,2.1c!R22C5
2.1c,mom_pct,Age Group,30-34,30-34,,2024-12,4.3,,2.1c!R22C6
2.1c,mom_pct,Age Group,30-34,30-34,,2025-01,5.3,,2.1c!R22C7
2.1c,mom_pct,Age Group,30-34,30-34,,2025-02,0.4,,2.1c!R22C8
2.1c,mom_pct,Age Group,30-34,30-34,,2025-03,5.1,,2.1c!R22C9
2.1c,mom_pct,Age Group,30-34,30-34,,2025-04,1.5,,2.1c!R22C10
2.1c,mom_pct,Age Group,30-34,30-34,,2025-05,0.9,,2.1c!R22C11
2.1c,mom_pct,Age Group,30-34,30-34,,2025-06,1.5,,2.1c!R22C12
2.1c,mom_pct,Age Group,30-34,30-34,,2025-07,1.5,,2.1c!R22C13
2.1c,mom_pct,Age Group,30-34,30-34,,2025-08,1.5,,2.1c!R22C14
2.1c,mom_pct,Age Group,30-34,30-34,,2025-09,1.5,,2.1c!R22C15
2.1c,mom_pct,Age Group,30-34,30-34,,2025-10,2.1,,2.1c!R22C16
2.1c,mom_pct,Age Group,30-34,30-34,,2025-11,2.1,,2.1c!R22C17
2.1c,mom_pct,Age Group,30-34,30-34,,2025-12,3.0,,2.1c!R22C18
2.1c,mom_pct,Age Group,30-34,30-34,,2026-01,0.0,,2.1c!R22C19
2.1c,mom_pct,Age Group,30-34,30-34,,2026-02,7.575666666666669,,2.1c!R22C20
2.1c,mom_pct,Age Group,30-34,30-34,,2026-03,3.125,,2.1c!R22C21
2.1c,mom_pct,Age Group,35-39,35-39,,2024-10,3.5,,2.1c!R23C4
2.1c,mom_pct,Age Group,35-39,35-39,,2024-11,4.2,,2.1c!R23C5
2.1c,mom_pct,Age Group,35-39,35-39,,2024-12,4.6,,2.1c!R23C6
2.1c,mom_pct,Age Group,35-39,35-39,,2025-01,7.0,,2.1c!R23C7
2.1c,mom_pct,Age Group,35-39,35-39,,2025-02,3.5,,2.1c!R23C8
2.1c,mom_pct,Age Group,35-39,35-39,,2025-03,5.7,,2.1c!R23C9
2.1c,mom_pct,Age Group,35-39,35-39,,2025-04,2.9,,2.1c!R23C10
2.1c,mom_pct,Age Group,35-39,35-39,,2025-05,4.6,,2.1c!R23C11
2.1c,mom_pct,Age Group,35-39,35-39,,2025-06,4.1,,2.1c!R23C12
2.1c,mom_pct,Age Group,35-39,35-39,,2025-07,4.6,,2.1c!R23C13
2.1c,mom_pct,Age Group,35-39,35-39,,2025-08,4.6,,2.1c!R23C14
2.1c,mom_pct,Age Group,35-39,35-39,,2025-09,4.1,,2.1c!R23C15
2.1c,mom_pct,Age Group,35-39,35-39,,2025-10,3.6,,2.1c!R23C16
2.1c,mom_pct,Age Group,35-39,35-39,,2025-11,3.5,,2.1c!R23C17
2.1c,mom_pct,Age Group,35-39,35-39,,2025-12,2.7,,2.1c!R23C18
2.1c,mom_pct,Age Group,35-39,35-39,,2026-01,0.0,,2.1c!R23C19
2.1c,mom_pct,Age Group,35-39,35-39,,2026-02,6.904435036848544,,2.1c!R23C20
2.1c,mom_pct,Age Group,35-39,35-39,,2026-03,2.7027027027026973,,2.1c!R23C21
2.1c,mom_pct,Age Group,40-44,40-44,,2024-10,2.4,,2.1c!R24C4
2.1c,mom_pct,Age Group,40-44,40-44,,2024-11,2.4,,2.1c!R24C5
2.1c,mom_pct,Age Group,40-44,40-44,,2024-12,4.5,,2.1c!R24C6
2.1c,mom_pct,Age Group,40-44,40-44,,2025-01,5.2,,2.1c!R24C7
2.1c,mom_pct,Age Group,40-44,40-44,,2025-02,1.8,,2.1c!R24C8
2.1c,mom_pct,Age Group,40-44,40-44,,2025-03,5.3,,2.1c!R24C9
2.1c,mom_pct,Age Group,40-44,40-44,,2025-04,3.5,,2.1c!R24C10
2.1c,mom_pct,Age Group,40-44,40-44,,2025-05,4.7,,2.1c!R24C11
2.1c,mom_pct,Age Group,40-44,40-44,,2025-06,4.9,,2.1c!R24C12
2.1c,mom_pct,Age Group,40-44,40-44,,2025-07,4.9,,2.1c!R24C13
2.1c,mom_pct,Age Group,40-44,40-44,,2025-08,4.5,,2.1c!R24C14
2.1c,mom_pct,Age Group,40-44,40-44,,2025-09,4.9,,2.1c!R24C15
2.1c,mom_pct,Age Group,40-44,40-44,,2025-10,4.4,,2.1c!R24C16
2.1c,mom_pct,Age Group,40-44,40-44,,2025-11,4.4,,2.1c!R24C17
2.1c,mom_pct,Age Group,40-44,40-44,,2025-12,1.6,,2.1c!R24C18
2.1c,mom_pct,Age Group,40-44,40-44,,2026-01,-0.677133641399752,,2.1c!R24C19
2.1c,mom_pct,Age Group,40-44,40-44,,2026-02,9.18103307093492,,2.1c!R24C20
2.1c,mom_pct,Age Group,40-44,40-44,,2026-03,0.9173386079462276,,2.1c!R24C21
2.1c,mom_pct,Age Group,45-49,45-49,,2024-10,4.2,,2.1c!R25C4
2.1c,mom_pct,Age Group,45-49,45-49,,2024-11,4.7,,2.1c!R25C5
2.1c,mom_pct,Age Group,45-49,45-49,,2024-12,3.9,,2.1c!R25C6
2.1c,mom_pct,Age Group,45-49,45-49,,2025-01,6.6,,2.1c!R25C7
2.1c,mom_pct,Age Group,45-49,45-49,,2025-02,2.0,,2.1c!R25C8
2.1c,mom_pct,Age Group,45-49,45-49,,2025-03,4.8,,2.1c!R25C9
2.1c,mom_pct,Age Group,45-49,45-49,,2025-04,4.4,,2.1c!R25C10
2.1c,mom_pct,Age Group,45-49,45-49,,2025-05,5.6,,2.1c!R25C11
2.1c,mom_pct,Age Group,45-49,45-49,,2025-06,4.8,,2.1c!R25C12
2.1c,mom_pct,Age Group,45-49,45-49,,2025-07,4.8,,2.1c!R25C13
2.1c,mom_pct,Age Group,45-49,45-49,,2025-08,4.8,,2.1c!R25C14
2.1c,mom_pct,Age Group,45-49,45-49,,2025-09,4.8,,2.1c!R25C15
2.1c,mom_pct,Age Group,45-49,45-49,,2025-10,5.0,,2.1c!R25C16
2.1c,mom_pct,Age Group,45-49,45-49,,2025-11,5.0,,2.1c!R25C17
2.1c,mom_pct,Age Group,45-49,45-49,,2025-12,4.0,,2.1c!R25C18
2.1c,mom_pct,Age Group,45-49,45-49,,2026-01,-2.5349232111529063,,2.1c!R25C19
2.1c,mom_pct,Age Group,45-49,45-49,,2026-02,9.090789473684202,,2.1c!R25C20
2.1c,mom_pct,Age Group,45-49,45-49,,2026-03,2.499999999999991,,2.1c!R25C21
2.1c,mom_pct,Age Group,50-54,50-54,,2024-10,5.2,,2.1c!R26C4
2.1c,mom_pct,Age Group,50-54,50-54,,2024-11,5.2,,2.1c!R26C5
2.1c,mom_pct,Age Group,50-54,50-54,,2024-12,7.2,,2.1c!R26C6
2.1c,mom_pct,Age Group,50-54,50-54,,2025-01,6.1,,2.1c!R26C7
2.1c,mom_pct,Age Group,50-54,50-54,,2025-02,1.3,,2.1c!R26C8
2.1c,mom_pct,Age Group,50-54,50-54,,2025-03,5.5,,2.1c!R26C9
2.1c,mom_pct,Age Group,50-54,50-54,,2025-04,4.7,,2.1c!R26C10
2.1c,mom_pct,Age Group,50-54,50-54,,2025-05,4.2,,2.1c!R26C11
2.1c,mom_pct,Age Group,50-54,50-54,,2025-06,4.7,,2.1c!R26C12
2.1c,mom_pct,Age Group,50-54,50-54,,2025-07,4.7,,2.1c!R26C13
2.1c,mom_pct,Age Group,50-54,50-54,,2025-08,4.2,,2.1c!R26C14
2.1c,mom_pct,Age Group,50-54,50-54,,2025-09,4.2,,2.1c!R26C15
2.1c,mom_pct,Age Group,50-54,50-54,,2025-10,4.7,,2.1c!R26C16
2.1c,mom_pct,Age Group,50-54,50-54,,2025-11,5.2,,2.1c!R26C17
2.1c,mom_pct,Age Group,50-54,50-54,,2025-12,1.4,,2.1c!R26C18
2.1c,mom_pct,Age Group,50-54,50-54,,2026-01,-0.8868292682926882,,2.1c!R26C19
2.1c,mom_pct,Age Group,50-54,50-54,,2026-02,12.030259671874433,,2.1c!R26C20
2.1c,mom_pct,Age Group,50-54,50-54,,2026-03,4.019035483493494,,2.1c!R26C21
2.1c,mom_pct,Age Group,55-59,55-59,,2024-10,5.3,,2.1c!R27C4
2.1c,mom_pct,Age Group,55-59,55-59,,2024-11,5.3,,2.1c!R27C5
2.1c,mom_pct,Age Group,55-59,55-59,,2024-12,3.5,,2.1c!R27C6
2.1c,mom_pct,Age Group,55-59,55-59,,2025-01,9.2,,2.1c!R27C7
2.1c,mom_pct,Age Group,55-59,55-59,,2025-02,2.2,,2.1c!R27C8
2.1c,mom_pct,Age Group,55-59,55-59,,2025-03,4.1,,2.1c!R27C9
2.1c,mom_pct,Age Group,55-59,55-59,,2025-04,5.4,,2.1c!R27C10
2.1c,mom_pct,Age Group,55-59,55-59,,2025-05,6.3,,2.1c!R27C11
2.1c,mom_pct,Age Group,55-59,55-59,,2025-06,6.3,,2.1c!R27C12
2.1c,mom_pct,Age Group,55-59,55-59,,2025-07,6.3,,2.1c!R27C13
2.1c,mom_pct,Age Group,55-59,55-59,,2025-08,6.3,,2.1c!R27C14
2.1c,mom_pct,Age Group,55-59,55-59,,2025-09,6.3,,2.1c!R27C15
2.1c,mom_pct,Age Group,55-59,55-59,,2025-10,5.4,,2.1c!R27C16
2.1c,mom_pct,Age Group,55-59,55-59,,2025-11,5.4,,2.1c!R27C17
2.1c,mom_pct,Age Group,55-59,55-59,,2025-12,5.2,,2.1c!R27C18
2.1c,mom_pct,Age Group,55-59,55-59,,2026-01,-0.5813375472892623,,2.1c!R27C19
2.1c,mom_pct,Age Group,55-59,55-59,,2026-02,11.764705882352944,,2.1c!R27C20
2.1c,mom_pct,Age Group,55-59,55-59,,2026-03,5.714285714285716,,2.1c!R27C21
2.1c,mom_pct,Age Group,60-64,60-64,,2024-10,8.4,,2.1c!R28C4
2.1c,mom_pct,Age Group,60-64,60-64,,2024-11,6.3,,2.1c!R28C5
2.1c,mom_pct,Age Group,60-64,60-64,,2024-12,3.4,,2.1c!R28C6
2.1c,mom_pct,Age Group,60-64,60-64,,2025-01,8.5,,2.1c!R28C7
2.1c,mom_pct,Age Group,60-64,60-64,,2025-02,0.0,,2.1c!R28C8
2.1c,mom_pct,Age Group,60-64,60-64,,2025-03,0.0,,2.1c!R28C9
2.1c,mom_pct,Age Group,60-64,60-64,,2025-04,1.9,,2.1c!R28C10
2.1c,mom_pct,Age Group,60-64,60-64,,2025-05,1.9,,2.1c!R28C11
2.1c,mom_pct,Age Group,60-64,60-64,,2025-06,3.4,,2.1c!R28C12
2.1c,mom_pct,Age Group,60-64,60-64,,2025-07,2.5,,2.1c!R28C13
2.1c,mom_pct,Age Group,60-64,60-64,,2025-08,2.6,,2.1c!R28C14
2.1c,mom_pct,Age Group,60-64,60-64,,2025-09,3.4,,2.1c!R28C15
2.1c,mom_pct,Age Group,60-64,60-64,,2025-10,2.5,,2.1c!R28C16
2.1c,mom_pct,Age Group,60-64,60-64,,2025-11,3.4,,2.1c!R28C17
2.1c,mom_pct,Age Group,60-64,60-64,,2025-12,4.0,,2.1c!R28C18
2.1c,mom_pct,Age Group,60-64,60-64,,2026-01,-1.8919979545968024,,2.1c!R28C19
2.1c,mom_pct,Age Group,60-64,60-64,,2026-02,10.000000000000009,,2.1c!R28C20
2.1c,mom_pct,Age Group,60-64,60-64,,2026-03,3.3333333333333437,,2.1c!R28C21
2.1c,mom_pct,Age Group,65 dan ke atas,65 and above,,2024-10,8.6,,2.1c!R29C4
2.1c,mom_pct,Age Group,65 dan ke atas,65 and above,,2024-11,7.4,,2.1c!R29C5
2.1c,mom_pct,Age Group,65 dan ke atas,65 and above,,2024-12,8.3,,2.1c!R29C6
2.1c,mom_pct,Age Group,65 dan ke atas,65 and above,,2025-01,6.7,,2.1c!R29C7
2.1c,mom_pct,Age Group,65 dan ke atas,65 and above,,2025-02,1.9,,2.1c!R29C8
2.1c,mom_pct,Age Group,65 dan ke atas,65 and above,,2025-03,5.6,,2.1c!R29C9
2.1c,mom_pct,Age Group,65 dan ke atas,65 and above,,2025-04,6.5,,2.1c!R29C10
2.1c,mom_pct,Age Group,65 dan ke atas,65 and above,,2025-05,7.4,,2.1c!R29C11
2.1c,mom_pct,Age Group,65 dan ke atas,65 and above,,2025-06,7.4,,2.1c!R29C12
2.1c,mom_pct,Age Group,65 dan ke atas,65 and above,,2025-07,7.7,,2.1c!R29C13
2.1c,mom_pct,Age Group,65 dan ke atas,65 and above,,2025-08,7.3,,2.1c!R29C14
2.1c,mom_pct,Age Group,65 dan ke atas,65 and above,,2025-09,6.4,,2.1c!R29C15
2.1c,mom_pct,Age Group,65 dan ke atas,65 and above,,2025-10,7.2,,2.1c!R29C16
2.1c,mom_pct,Age Group,65 dan ke atas,65 and above,,2025-11,7.6,,2.1c!R29C17
2.1c,mom_pct,Age Group,65 dan ke atas,65 and above,,2025-12,0.6,,2.1c!R29C18
2.1c,mom_pct,Age Group,65 dan ke atas,65 and above,,2026-01,-3.90625,,2.1c!R29C19
2.1c,mom_pct,Age Group,65 dan ke atas,65 and above,,2026-02,8.59855318701721,,2.1c!R29C20
2.1c,mom_pct,Age Group,65 dan ke atas,65 and above,,2026-03,3.4482758620689724,,2.1c!R29C21
2.2a,median_wage_rm,,Jumlah,Total,,2024-10,2764.0,,2.2a!R9C4
2.2a,median_wage_rm,,Jumlah,Total,,2024-11,2764.0,,2.2a!R9C5
2.2a,median_wage_rm,,Jumlah,Total,,2024-12,3045.0,,2.2a!R9C6
2.2a,median_wage_rm,,Jumlah,Total,,2025-01,3063.64,,2.2a!R9C7
2.2a,median_wage_rm,,Jumlah,Total,,2025-02,2875.0,,2.2a!R9C8
2.2a,median_wage_rm,,Jumlah,Total,,2025-03,3000.0,,2.2a!R9C9
2.2a,median_wage_rm,,Jumlah,Total,,2025-04,2863.64,,2.2a!R9C10
2.2a,median_wage_rm,,Jumlah,Total,,2025-05,2845.45,,2.2a!R9C11
2.2a,median_wage_rm,,Jumlah,Total,,2025-06,2863.64,,2.2a!R9C12
2.2a,median_wage_rm,,Jumlah,Total,,2025-07,2863.64,,2.2a!R9C13
2.2a,median_wage_rm,,Jumlah,Total,,2025-08,2863.64,,2.2a!R9C14
2.2a,median_wage_rm,,Jumlah,Total,,2025-09,2863.64,,2.2a!R9C15
2.2a,median_wage_rm,,Jumlah,Total,,2025-10,2881.82,,2.2a!R9C16
2.2a,median_wage_rm,,Jumlah,Total,,2025-11,2881.82,,2.2a!R9C17
2.2a,median_wage_rm,,Jumlah,Total,,2025-12,3166.7,,2.2a!R9C18
2.2a,median_wage_rm,,Jumlah,Total,,2026-01,3072.72,,2.2a!R9C19
2.2a,median_wage_rm,,Jumlah,Total,,2026-02,3027.27,,2.2a!R9C20
2.2a,median_wage_rm,,Jumlah,Total,,2026-03,3027.27,,2.2a!R9C21
2.2a,median_wage_rm,,Pertanian,Agriculture,,2024-10,2027.0,,2.2a!R10C4
2.2a,median_wage_rm,,Pertanian,Agriculture,,2024-11,2000.0,,2.2a!R10C5
2.2a,median_wage_rm,,Pertanian,Agriculture,,2024-12,2382.0,,2.2a!R10C6
2.2a,median_wage_rm,,Pertanian,Agriculture,,2025-01,2227.27,,2.2a!R10C7
2.2a,median_wage_rm,,Pertanian,Agriculture,,2025-02,2100.0,,2.2a!R10C8
2.2a,median_wage_rm,,Pertanian,Agriculture,,2025-03,2200.0,,2.2a!R10C9
2.2a,median_wage_rm,,Pertanian,Agriculture,,2025-04,2200.0,,2.2a!R10C10
2.2a,median_wage_rm,,Pertanian,Agriculture,,2025-05,2200.0,,2.2a!R10C11
2.2a,median_wage_rm,,Pertanian,Agriculture,,2025-06,2200.0,,2.2a!R10C12
2.2a,median_wage_rm,,Pertanian,Agriculture,,2025-07,2200.0,,2.2a!R10C13
2.2a,median_wage_rm,,Pertanian,Agriculture,,2025-08,2200.0,,2.2a!R10C14
2.2a,median_wage_rm,,Pertanian,Agriculture,,2025-09,2245.45,,2.2a!R10C15
2.2a,median_wage_rm,,Pertanian,Agriculture,,2025-10,2200.0,,2.2a!R10C16
2.2a,median_wage_rm,,Pertanian,Agriculture,,2025-11,2163.64,,2.2a!R10C17
2.2a,median_wage_rm,,Pertanian,Agriculture,,2025-12,2563.64,,2.2a!R10C18
2.2a,median_wage_rm,,Pertanian,Agriculture,,2026-01,2400.0,,2.2a!R10C19
2.2a,median_wage_rm,,Pertanian,Agriculture,,2026-02,2200.0,,2.2a!R10C20
2.2a,median_wage_rm,,Pertanian,Agriculture,,2026-03,2327.27,,2.2a!R10C21
2.2a,median_wage_rm,,Perlombongan dan pengkuarian,Mining and quarrying,,2024-10,6000.0,,2.2a!R11C4
2.2a,median_wage_rm,,Perlombongan dan pengkuarian,Mining and quarrying,,2024-11,6000.0,,2.2a!R11C5
2.2a,median_wage_rm,,Perlombongan dan pengkuarian,Mining and quarrying,,2024-12,7500.0,,2.2a!R11C6
2.2a,median_wage_rm,,Perlombongan dan pengkuarian,Mining and quarrying,,2025-01,6800.0,,2.2a!R11C7
2.2a,median_wage_rm,,Perlombongan dan pengkuarian,Mining and quarrying,,2025-02,6355.56,,2.2a!R11C8
2.2a,median_wage_rm,,Perlombongan dan pengkuarian,Mining and quarrying,,2025-03,8800.0,,2.2a!R11C9
2.2a,median_wage_rm,,Perlombongan dan pengkuarian,Mining and quarrying,,2025-04,6600.0,,2.2a!R11C10
2.2a,median_wage_rm,,Perlombongan dan pengkuarian,Mining and quarrying,,2025-05,6477.78,,2.2a!R11C11
2.2a,median_wage_rm,,Perlombongan dan pengkuarian,Mining and quarrying,,2025-06,6500.0,,2.2a!R11C12
2.2a,median_wage_rm,,Perlombongan dan pengkuarian,Mining and quarrying,,2025-07,6500.0,,2.2a!R11C13
2.2a,median_wage_rm,,Perlombongan dan pengkuarian,Mining and quarrying,,2025-08,6500.0,,2.2a!R11C14
2.2a,median_wage_rm,,Perlombongan dan pengkuarian,Mining and quarrying,,2025-09,6600.0,,2.2a!R11C15
2.2a,median_wage_rm,,Perlombongan dan pengkuarian,Mining and quarrying,,2025-10,6500.0,,2.2a!R11C16
2.2a,median_wage_rm,,Perlombongan dan pengkuarian,Mining and quarrying,,2025-11,6400.0,,2.2a!R11C17
2.2a,median_wage_rm,,Perlombongan dan pengkuarian,Mining and quarrying,,2025-12,7900.0,,2.2a!R11C18
2.2a,median_wage_rm,,Perlombongan dan pengkuarian,Mining and quarrying,,2026-01,7000.0,,2.2a!R11C19
2.2a,median_wage_rm,,Perlombongan dan pengkuarian,Mining and quarrying,,2026-02,6700.0,,2.2a!R11C20
2.2a,median_wage_rm,,Perlombongan dan pengkuarian,Mining and quarrying,,2026-03,9677.78,,2.2a!R11C21
2.2a,median_wage_rm,,Pembuatan,Manufacturing,,2024-10,2582.0,,2.2a!R12C4
2.2a,median_wage_rm,,Pembuatan,Manufacturing,,2024-11,2600.0,,2.2a!R12C5
2.2a,median_wage_rm,,Pembuatan,Manufacturing,,2024-12,3300.0,,2.2a!R12C6
2.2a,median_wage_rm,,Pembuatan,Manufacturing,,2025-01,3000.0,,2.2a!R12C7
2.2a,median_wage_rm,,Pembuatan,Manufacturing,,2025-02,2663.64,,2.2a!R12C8
2.2a,median_wage_rm,,Pembuatan,Manufacturing,,2025-03,2809.08999999999,,2.2a!R12C9
2.2a,median_wage_rm,,Pembuatan,Manufacturing,,2025-04,2663.64,,2.2a!R12C10
2.2a,median_wage_rm,,Pembuatan,Manufacturing,,2025-05,2645.45,,2.2a!R12C11
2.2a,median_wage_rm,,Pembuatan,Manufacturing,,2025-06,2700.0,,2.2a!R12C12
2.2a,median_wage_rm,,Pembuatan,Manufacturing,,2025-07,2681.82,,2.2a!R12C13
2.2a,median_wage_rm,,Pembuatan,Manufacturing,,2025-08,2663.64,,2.2a!R12C14
2.2a,median_wage_rm,,Pembuatan,Manufacturing,,2025-09,2663.64,,2.2a!R12C15
2.2a,median_wage_rm,,Pembuatan,Manufacturing,,2025-10,2681.82,,2.2a!R12C16
2.2a,median_wage_rm,,Pembuatan,Manufacturing,,2025-11,2700.0,,2.2a!R12C17
2.2a,median_wage_rm,,Pembuatan,Manufacturing,,2025-12,3422.22,,2.2a!R12C18
2.2a,median_wage_rm,,Pembuatan,Manufacturing,,2026-01,2981.82,,2.2a!R12C19
2.2a,median_wage_rm,,Pembuatan,Manufacturing,,2026-02,2900.0,,2.2a!R12C20
2.2a,median_wage_rm,,Pembuatan,Manufacturing,,2026-03,2900.0,,2.2a!R12C21
2.2a,median_wage_rm,,Pembinaan,Construction,,2024-10,2864.0,,2.2a!R21C4
2.2a,median_wage_rm,,Pembinaan,Construction,,2024-11,2864.0,,2.2a!R21C5
2.2a,median_wage_rm,,Pembinaan,Construction,,2024-12,3000.0,,2.2a!R21C6
2.2a,median_wage_rm,,Pembinaan,Construction,,2025-01,3063.64,,2.2a!R21C7
2.2a,median_wage_rm,,Pembinaan,Construction,,2025-02,2963.64,,2.2a!R21C8
2.2a,median_wage_rm,,Pembinaan,Construction,,2025-03,3000.0,,2.2a!R21C9
2.2a,median_wage_rm,,Pembinaan,Construction,,2025-04,2900.0,,2.2a!R21C10
2.2a,median_wage_rm,,Pembinaan,Construction,,2025-05,2981.82,,2.2a!R21C11
2.2a,median_wage_rm,,Pembinaan,Construction,,2025-06,2945.45,,2.2a!R21C12
2.2a,median_wage_rm,,Pembinaan,Construction,,2025-07,2981.82,,2.2a!R21C13
2.2a,median_wage_rm,,Pembinaan,Construction,,2025-08,2981.82,,2.2a!R21C14
2.2a,median_wage_rm,,Pembinaan,Construction,,2025-09,2963.64,,2.2a!R21C15
2.2a,median_wage_rm,,Pembinaan,Construction,,2025-10,2981.82,,2.2a!R21C16
2.2a,median_wage_rm,,Pembinaan,Construction,,2025-11,2981.82,,2.2a!R21C17
2.2a,median_wage_rm,,Pembinaan,Construction,,2025-12,3127.27,,2.2a!R21C18
2.2a,median_wage_rm,,Pembinaan,Construction,,2026-01,3063.64,,2.2a!R21C19
2.2a,median_wage_rm,,Pembinaan,Construction,,2026-02,3100.0,,2.2a!R21C20
2.2a,median_wage_rm,,Pembinaan,Construction,,2026-03,3081.82,,2.2a!R21C21
2.2a,median_wage_rm,,Perkhidmatan,Services,,2024-10,2800.0,,2.2a!R22C4
2.2a,median_wage_rm,,Perkhidmatan,Services,,2024-11,2782.0,,2.2a!R22C5
2.2a,median_wage_rm,,Perkhidmatan,Services,,2024-12,3000.0,,2.2a!R22C6
2.2a,median_wage_rm,,Perkhidmatan,Services,,2025-01,3063.64,,2.2a!R22C7
2.2a,median_wage_rm,,Perkhidmatan,Services,,2025-02,2900.0,,2.2a!R22C8
2.2a,median_wage_rm,,Perkhidmatan,Services,,2025-03,3000.0,,2.2a!R22C9
2.2a,median_wage_rm,,Perkhidmatan,Services,,2025-04,2900.0,,2.2a!R22C10
2.2a,median_wage_rm,,Perkhidmatan,Services,,2025-05,2881.82,,2.2a!R22C11
2.2a,median_wage_rm,,Perkhidmatan,Services,,2025-06,2900.0,,2.2a!R22C12
2.2a,median_wage_rm,,Perkhidmatan,Services,,2025-07,2900.0,,2.2a!R22C13
2.2a,median_wage_rm,,Perkhidmatan,Services,,2025-08,2881.82,,2.2a!R22C14
2.2a,median_wage_rm,,Perkhidmatan,Services,,2025-09,2900.0,,2.2a!R22C15
2.2a,median_wage_rm,,Perkhidmatan,Services,,2025-10,2900.0,,2.2a!R22C16
2.2a,median_wage_rm,,Perkhidmatan,Services,,2025-11,2900.0,,2.2a!R22C17
2.2a,median_wage_rm,,Perkhidmatan,Services,,2025-12,3120.0,,2.2a!R22C18
2.2a,median_wage_rm,,Perkhidmatan,Services,,2026-01,3072.72,,2.2a!R22C19
2.2a,median_wage_rm,,Perkhidmatan,Services,,2026-02,3063.64,,2.2a!R22C20
2.2a,median_wage_rm,,Perkhidmatan,Services,,2026-03,3063.64,,2.2a!R22C21
2.2b,share_pct,,Jumlah,Total,,2024-10,0.7,,2.2b!R9C4
2.2b,share_pct,,Jumlah,Total,,2024-11,0.0,,2.2b!R9C5
2.2b,share_pct,,Jumlah,Total,,2024-12,10.2,,2.2b!R9C6
2.2b,share_pct,,Jumlah,Total,,2025-01,0.5972844735589122,,2.2b!R9C7
2.2b,share_pct,,Jumlah,Total,,2025-02,-6.157381415571017,,2.2b!R9C8
2.2b,share_pct,,Jumlah,Total,,2025-03,4.347826086956519,,2.2b!R9C9
2.2b,share_pct,,Jumlah,Total,,2025-04,-4.545333333333335,,2.2b!R9C10
2.2b,share_pct,,Jumlah,Total,,2025-05,-0.63520554259614,,2.2b!R9C11
2.2b,share_pct,,Jumlah,Total,,2025-06,0.6392661969108593,,2.2b!R9C12
2.2b,share_pct,,Jumlah,Total,,2025-07,0.0,,2.2b!R9C13
2.2b,share_pct,,Jumlah,Total,,2025-08,0.0,,2.2b!R9C14
2.2b,share_pct,,Jumlah,Total,,2025-09,0.0,,2.2b!R9C15
2.2b,share_pct,,Jumlah,Total,,2025-10,0.6348563366903814,,2.2b!R9C16
2.2b,share_pct,,Jumlah,Total,,2025-11,0.0,,2.2b!R9C17
2.2b,share_pct,,Jumlah,Total,,2025-12,9.884378621843126,,2.2b!R9C18
2.2b,share_pct,,Jumlah,Total,,2026-01,-2.9668389822747665,,2.2b!R9C19
2.2b,share_pct,,Jumlah,Total,,2026-02,-1.4791455127704412,,2.2b!R9C20
2.2b,share_pct,,Jumlah,Total,,2026-03,0.0,,2.2b!R9C21
2.2b,share_pct,,Pertanian,Agriculture,,2024-10,0.0,,2.2b!R10C4
2.2b,share_pct,,Pertanian,Agriculture,,2024-11,-1.3,,2.2b!R10C5
2.2b,share_pct,,Pertanian,Agriculture,,2024-12,19.1,,2.2b!R10C6
2.2b,share_pct,,Pertanian,Agriculture,,2025-01,-6.488735504782062,,2.2b!R10C7
2.2b,share_pct,,Pertanian,Agriculture,,2025-02,-5.714170262249296,,2.2b!R10C8
2.2b,share_pct,,Pertanian,Agriculture,,2025-03,4.761904761904767,,2.2b!R10C9
2.2b,share_pct,,Pertanian,Agriculture,,2025-04,0.0,,2.2b!R10C10
2.2b,share_pct,,Pertanian,Agriculture,,2025-05,0.0,,2.2b!R10C11
2.2b,share_pct,,Pertanian,Agriculture,,2025-06,0.0,,2.2b!R10C12
2.2b,share_pct,,Pertanian,Agriculture,,2025-07,0.0,,2.2b!R10C13
2.2b,share_pct,,Pertanian,Agriculture,,2025-08,0.0,,2.2b!R10C14
2.2b,share_pct,,Pertanian,Agriculture,,2025-09,2.0659090909090905,,2.2b!R10C15
2.2b,share_pct,,Pertanian,Agriculture,,2025-10,-2.024093166180485,,2.2b!R10C16
2.2b,share_pct,,Pertanian,Agriculture,,2025-11,-1.6527272727272835,,2.2b!R10C17
2.2b,share_pct,,Pertanian,Agriculture,,2025-12,18.48736388678338,,2.2b!R10C18
2.2b,share_pct,,Pertanian,Agriculture,,2026-01,-6.383111513316997,,2.2b!R10C19
2.2b,share_pct,,Pertanian,Agriculture,,2026-02,-8.333333333333337,,2.2b!R10C20
2.2b,share_pct,,Pertanian,Agriculture,,2026-03,5.784999999999996,,2.2b!R10C21
2.2b,share_pct,,Perlombongan dan pengkuarian,Mining and quarrying,,2024-10,1.7,,2.2b!R11C4
2.2b,share_pct,,Perlombongan dan pengkuarian,Mining and quarrying,,2024-11,0.0,,2.2b!R11C5
2.2b,share_pct,,Perlombongan dan pengkuarian,Mining and quarrying,,2024-12,25.0,,2.2b!R11C6
2.2b,share_pct,,Perlombongan dan pengkuarian,Mining and quarrying,,2025-01,-9.333333333333337,,2.2b!R11C7
2.2b,share_pct,,Perlombongan dan pengkuarian,Mining and quarrying,,2025-02,-6.535882352941169,,2.2b!R11C8
2.2b,share_pct,,Perlombongan dan pengkuarian,Mining and quarrying,,2025-03,38.4614416353555,,2.2b!R11C9
2.2b,share_pct,,Perlombongan dan pengkuarian,Mining and quarrying,,2025-04,-25.0,,2.2b!R11C10
2.2b,share_pct,,Perlombongan dan pengkuarian,Mining and quarrying,,2025-05,-1.8518181818181878,,2.2b!R11C11
2.2b,share_pct,,Perlombongan dan pengkuarian,Mining and quarrying,,2025-06,0.3430187502508675,,2.2b!R11C12
2.2b,share_pct,,Perlombongan dan pengkuarian,Mining and quarrying,,2025-07,0.0,,2.2b!R11C13
2.2b,share_pct,,Perlombongan dan pengkuarian,Mining and quarrying,,2025-08,0.0,,2.2b!R11C14
2.2b,share_pct,,Perlombongan dan pengkuarian,Mining and quarrying,,2025-09,1.538461538461533,,2.2b!R11C15
2.2b,share_pct,,Perlombongan dan pengkuarian,Mining and quarrying,,2025-10,-1.5151515151515138,,2.2b!R11C16
2.2b,share_pct,,Perlombongan dan pengkuarian,Mining and quarrying,,2025-11,-1.538461538461533,,2.2b!R11C17
2.2b,share_pct,,Perlombongan dan pengkuarian,Mining and quarrying,,2025-12,23.4375,,2.2b!R11C18
2.2b,share_pct,,Perlombongan dan pengkuarian,Mining and quarrying,,2026-01,-11.392405063291145,,2.2b!R11C19
2.2b,share_pct,,Perlombongan dan pengkuarian,Mining and quarrying,,2026-02,-4.285714285714281,,2.2b!R11C20
2.2b,share_pct,,Perlombongan dan pengkuarian,Mining and quarrying,,2026-03,44.4444776119403,,2.2b!R11C21
2.2b,share_pct,,Pembuatan,Manufacturing,,2024-10,0.7,,2.2b!R12C4
2.2b,share_pct,,Pembuatan,Manufacturing,,2024-11,0.7,,2.2b!R12C5
2.2b,share_pct,,Pembuatan,Manufacturing,,2024-12,26.9,,2.2b!R12C6
2.2b,share_pct,,Pembuatan,Manufacturing,,2025-01,-9.090909090909093,,2.2b!R12C7
2.2b,share_pct,,Pembuatan,Manufacturing,,2025-02,-11.212,,2.2b!R12C8
2.2b,share_pct,,Pembuatan,Manufacturing,,2025-03,5.460572750070969,,2.2b!R12C9
2.2b,share_pct,,Pembuatan,Manufacturing,,2025-04,-5.177833390884268,,2.2b!R12C10
2.2b,share_pct,,Pembuatan,Manufacturing,,2025-05,-0.6829000916039774,,2.2b!R12C11
2.2b,share_pct,,Pembuatan,Manufacturing,,2025-06,2.0620310344175996,,2.2b!R12C12
2.2b,share_pct,,Pembuatan,Manufacturing,,2025-07,-0.6733333333333258,,2.2b!R12C13
2.2b,share_pct,,Pembuatan,Manufacturing,,2025-08,-0.6778978454929918,,2.2b!R12C14
2.2b,share_pct,,Pembuatan,Manufacturing,,2025-09,0.0,,2.2b!R12C15
2.2b,share_pct,,Pembuatan,Manufacturing,,2025-10,0.6825246654953432,,2.2b!R12C16
2.2b,share_pct,,Pembuatan,Manufacturing,,2025-11,0.6778978454929696,,2.2b!R12C17
2.2b,share_pct,,Pembuatan,Manufacturing,,2025-12,26.74888888888889,,2.2b!R12C18
2.2b,share_pct,,Pembuatan,Manufacturing,,2026-01,-12.868839525220466,,2.2b!R12C19
2.2b,share_pct,,Pembuatan,Manufacturing,,2026-02,-2.7439617414867445,,2.2b!R12C20
2.2b,share_pct,,Pembuatan,Manufacturing,,2026-03,0.0,,2.2b!R12C21
2.2b,share_pct,,Pembinaan,Construction,,2024-10,2.3,,2.2b!R21C4
2.2b,share_pct,,Pembinaan,Construction,,2024-11,0.0,,2.2b!R21C5
2.2b,share_pct,,Pembinaan,Construction,,2024-12,4.8,,2.2b!R21C6
2.2b,share_pct,,Pembinaan,Construction,,2025-01,2.1213333333333306,,2.2b!R21C7
2.2b,share_pct,,Pembinaan,Construction,,2025-02,-3.2640910811975288,,2.2b!R21C8
2.2b,share_pct,,Pembinaan,Construction,,2025-03,1.2268696602826257,,2.2b!R21C9
2.2b,share_pct,,Pembinaan,Construction,,2025-04,-3.3333333333333326,,2.2b!R21C10
2.2b,share_pct,,Pembinaan,Construction,,2025-05,2.8213793103448292,,2.2b!R21C11
2.2b,share_pct,,Pembinaan,Construction,,2025-06,-1.2197248660214322,,2.2b!R21C12
2.2b,share_pct,,Pembinaan,Construction,,2025-07,1.2347858561510217,,2.2b!R21C13
2.2b,share_pct,,Pembinaan,Construction,,2025-08,0.0,,2.2b!R21C14
2.2b,share_pct,,Pembinaan,Construction,,2025-09,-0.6096947501861405,,2.2b!R21C15
2.2b,share_pct,,Pembinaan,Construction,,2025-10,0.6134348301413128,,2.2b!R21C16
2.2b,share_pct,,Pembinaan,Construction,,2025-11,0.0,,2.2b!R21C17
2.2b,share_pct,,Pembinaan,Construction,,2025-12,4.877893367138175,,2.2b!R21C18
2.2b,share_pct,,Pembinaan,Construction,,2026-01,-2.0346820069901295,,2.2b!R21C19
2.2b,share_pct,,Pembinaan,Construction,,2026-02,1.1868235171234254,,2.2b!R21C20
2.2b,share_pct,,Pembinaan,Construction,,2026-03,-0.586451612903216,,2.2b!R21C21
2.2b,share_pct,,Perkhidmatan,Services,,2024-10,0.7,,2.2b!R22C4
2.2b,share_pct,,Perkhidmatan,Services,,2024-11,-0.6,,2.2b!R22C5
2.2b,share_pct,,Perkhidmatan,Services,,2024-12,7.8,,2.2b!R22C6
2.2b,share_pct,,Perkhidmatan,Services,,2025-01,2.1213333333333306,,2.2b!R22C7
2.2b,share_pct,,Perkhidmatan,Services,,2025-02,-5.341358645271632,,2.2b!R22C8
2.2b,share_pct,,Perkhidmatan,Services,,2025-03,3.4482758620689724,,2.2b!R22C9
2.2b,share_pct,,Perkhidmatan,Services,,2025-04,-3.3333333333333326,,2.2b!R22C10
2.2b,share_pct,,Perkhidmatan,Services,,2025-05,-0.6268965517241321,,2.2b!R22C11
2.2b,share_pct,,Perkhidmatan,Services,,2025-06,0.6308513370023139,,2.2b!R22C12
2.2b,share_pct,,Perkhidmatan,Services,,2025-07,0.0,,2.2b!R22C13
2.2b,share_pct,,Perkhidmatan,Services,,2025-08,-0.6268965517241321,,2.2b!R22C14
2.2b,share_pct,,Perkhidmatan,Services,,2025-09,0.6308513370023139,,2.2b!R22C15
2.2b,share_pct,,Perkhidmatan,Services,,2025-10,0.0,,2.2b!R22C16
2.2b,share_pct,,Perkhidmatan,Services,,2025-11,0.0,,2.2b!R22C17
2.2b,share_pct,,Perkhidmatan,Services,,2025-12,7.586206896551717,,2.2b!R22C18
2.2b,share_pct,,Perkhidmatan,Services,,2026-01,-1.5153846153846184,,2.2b!R22C19
2.2b,share_pct,,Perkhidmatan,Services,,2026-02,-0.29550365799682066,,2.2b!R22C20
2.2b,share_pct,,Perkhidmatan,Services,,2026-03,0.0,,2.2b!R22C21
2.2c,mom_pct,,Jumlah,Total,,2025-01,4.0126296491198366,,2.2c!R9C4
2.2c,mom_pct,,Jumlah,Total,,2025-02,3.3496056538525165,,2.2c!R9C5
2.2c,mom_pct,,Jumlah,Total,,2025-03,5.468914795179369,,2.2c!R9C6
2.2c,mom_pct,,Jumlah,Total,,2025-04,3.6184162915575024,,2.2c!R9C7
2.2c,mom_pct,,Jumlah,Total,,2025-05,5.3870370370370235,,2.2c!R9C8
2.2c,mom_pct,,Jumlah,Total,,2025-06,4.304940902220045,,2.2c!R9C9
2.2c,mom_pct,,Jumlah,Total,,2025-07,4.304940902220045,,2.2c!R9C10
2.2c,mom_pct,,Jumlah,Total,,2025-08,4.304940902220045,,2.2c!R9C11
2.2c,mom_pct,,Jumlah,Total,,2025-09,4.304940902220045,,2.2c!R9C12
2.2c,mom_pct,,Jumlah,Total,,2025-10,4.27624437336267,,2.2c!R9C13
2.2c,mom_pct,,Jumlah,Total,,2025-11,4.27624437336267,,2.2c!R9C14
2.2c,mom_pct,,Jumlah,Total,,2025-12,3.9803641497972553,,2.2c!R9C15
2.2c,mom_pct,,Jumlah,Total,,2026-01,0.29637947017273625,,2.2c!R9C16
2.2c,mom_pct,,Jumlah,Total,,2026-02,5.296347826086967,,2.2c!R9C17
2.2c,mom_pct,,Jumlah,Total,,2026-03,0.9090000000000042,,2.2c!R9C18
2.2c,mom_pct,,Pertanian,Agriculture,,2025-01,6.060476190476183,,2.2c!R10C4
2.2c,mom_pct,,Pertanian,Agriculture,,2025-02,5.963205538343552,,2.2c!R10C5
2.2c,mom_pct,,Pertanian,Agriculture,,2025-03,10.000000000000009,,2.2c!R10C6
2.2c,mom_pct,,Pertanian,Agriculture,,2025-04,10.000000000000009,,2.2c!R10C7
2.2c,mom_pct,,Pertanian,Agriculture,,2025-05,10.000000000000009,,2.2c!R10C8
2.2c,mom_pct,,Pertanian,Agriculture,,2025-06,10.000000000000009,,2.2c!R10C9
2.2c,mom_pct,,Pertanian,Agriculture,,2025-07,8.520325363666403,,2.2c!R10C10
2.2c,mom_pct,,Pertanian,Agriculture,,2025-08,8.520325363666403,,2.2c!R10C11
2.2c,mom_pct,,Pertanian,Agriculture,,2025-09,10.762256630838518,,2.2c!R10C12
2.2c,mom_pct,,Pertanian,Agriculture,,2025-10,8.520325363666403,,2.2c!R10C13
2.2c,mom_pct,,Pertanian,Agriculture,,2025-11,8.182,,2.2c!R10C14
2.2c,mom_pct,,Pertanian,Agriculture,,2025-12,7.6336582949173115,,2.2c!R10C15
2.2c,mom_pct,,Pertanian,Agriculture,,2026-01,7.755233986000798,,2.2c!R10C16
2.2c,mom_pct,,Pertanian,Agriculture,,2026-02,4.761904761904767,,2.2c!R10C17
2.2c,mom_pct,,Pertanian,Agriculture,,2026-03,5.784999999999996,,2.2c!R10C18
2.2c,mom_pct,,Perlombongan dan pengkuarian,Mining and quarrying,,2025-01,9.677419354838701,,2.2c!R11C4
2.2c,mom_pct,,Perlombongan dan pengkuarian,Mining and quarrying,,2025-02,7.7213559322034,,2.2c!R11C5
2.2c,mom_pct,,Perlombongan dan pengkuarian,Mining and quarrying,,2025-03,4.761904761904767,,2.2c!R11C6
2.2c,mom_pct,,Perlombongan dan pengkuarian,Mining and quarrying,,2025-04,11.864406779661007,,2.2c!R11C7
2.2c,mom_pct,,Perlombongan dan pengkuarian,Mining and quarrying,,2025-05,11.685862068965513,,2.2c!R11C8
2.2c,mom_pct,,Perlombongan dan pengkuarian,Mining and quarrying,,2025-06,10.169491525423723,,2.2c!R11C9
2.2c,mom_pct,,Perlombongan dan pengkuarian,Mining and quarrying,,2025-07,12.06896551724137,,2.2c!R11C10
2.2c,mom_pct,,Perlombongan dan pengkuarian,Mining and quarrying,,2025-08,10.169491525423723,,2.2c!R11C11
2.2c,mom_pct,,Perlombongan dan pengkuarian,Mining and quarrying,,2025-09,11.864406779661007,,2.2c!R11C12
2.2c,mom_pct,,Perlombongan dan pengkuarian,Mining and quarrying,,2025-10,8.333333333333325,,2.2c!R11C13
2.2c,mom_pct,,Perlombongan dan pengkuarian,Mining and quarrying,,2025-11,6.666666666666665,,2.2c!R11C14
2.2c,mom_pct,,Perlombongan dan pengkuarian,Mining and quarrying,,2025-12,5.333333333333323,,2.2c!R11C15
2.2c,mom_pct,,Perlombongan dan pengkuarian,Mining and quarrying,,2026-01,2.941176470588225,,2.2c!R11C16
2.2c,mom_pct,,Perlombongan dan pengkuarian,Mining and quarrying,,2026-02,5.41950669964566,,2.2c!R11C17
2.2c,mom_pct,,Perlombongan dan pengkuarian,Mining and quarrying,,2026-03,9.97477272727274,,2.2c!R11C18
2.2c,mom_pct,,Pembuatan,Manufacturing,,2025-01,5.431478325045247,,2.2c!R12C4
2.2c,mom_pct,,Pembuatan,Manufacturing,,2025-02,3.169082275294155,,2.2c!R12C5
2.2c,mom_pct,,Pembuatan,Manufacturing,,2025-03,6.185715095730049,,2.2c!R12C6
2.2c,mom_pct,,Pembuatan,Manufacturing,,2025-04,3.169082275294155,,2.2c!R12C7
2.2c,mom_pct,,Pembuatan,Manufacturing,,2025-05,4.885775229757905,,2.2c!R12C8
2.2c,mom_pct,,Pembuatan,Manufacturing,,2025-06,4.577391142682297,,2.2c!R12C9
2.2c,mom_pct,,Pembuatan,Manufacturing,,2025-07,4.609851617231753,,2.2c!R12C10
2.2c,mom_pct,,Pembuatan,Manufacturing,,2025-08,4.684724340129853,,2.2c!R12C11
2.2c,mom_pct,,Pembuatan,Manufacturing,,2025-09,3.9007036869451284,,2.2c!R12C12
2.2c,mom_pct,,Pembuatan,Manufacturing,,2025-10,3.873236708988226,,2.2c!R12C13
2.2c,mom_pct,,Pembuatan,Manufacturing,,2025-11,3.8461538461538547,,2.2c!R12C14
2.2c,mom_pct,,Pembuatan,Manufacturing,,2025-12,3.7036363636363534,,2.2c!R12C15
2.2c,mom_pct,,Pembuatan,Manufacturing,,2026-01,-0.6059999999999954,,2.2c!R12C16
2.2c,mom_pct,,Pembuatan,Manufacturing,,2026-02,8.873571503656663,,2.2c!R12C17
2.2c,mom_pct,,Pembuatan,Manufacturing,,2026-03,3.2362793644920673,,2.2c!R12C18
2.2c,mom_pct,,Pembinaan,Construction,,2025-01,2.1213333333333306,,2.2c!R21C4
2.2c,mom_pct,,Pembinaan,Construction,,2025-02,3.492059057702779,,2.2c!R21C5
2.2c,mom_pct,,Pembinaan,Construction,,2025-03,1.2268696602826257,,2.2c!R21C6
2.2c,mom_pct,,Pembinaan,Construction,,2025-04,3.571428571428581,,2.2c!R21C7
2.2c,mom_pct,,Pembinaan,Construction,,2025-05,4.79256356639548,,2.2c!R21C8
2.2c,mom_pct,,Pembinaan,Construction,,2025-06,5.194642857142862,,2.2c!R21C9
2.2c,mom_pct,,Pembinaan,Construction,,2025-07,5.466403986884871,,2.2c!R21C10
2.2c,mom_pct,,Pembinaan,Construction,,2025-08,4.79256356639548,,2.2c!R21C11
2.2c,mom_pct,,Pembinaan,Construction,,2025-09,5.844285714285702,,2.2c!R21C12
2.2c,mom_pct,,Pembinaan,Construction,,2025-10,4.12691539439316,,2.2c!R21C13
2.2c,mom_pct,,Pembinaan,Construction,,2025-11,4.12691539439316,,2.2c!R21C14
2.2c,mom_pct,,Pembinaan,Construction,,2025-12,4.242333333333326,,2.2c!R21C15
2.2c,mom_pct,,Pembinaan,Construction,,2026-01,0.0,,2.2c!R21C16
2.2c,mom_pct,,Pembinaan,Construction,,2026-02,4.601098648958724,,2.2c!R21C17
2.2c,mom_pct,,Pembinaan,Construction,,2026-03,2.7273333333333483,,2.2c!R21C18
2.2c,mom_pct,,Perkhidmatan,Services,,2025-01,3.374228988676098,,2.2c!R22C4
2.2c,mom_pct,,Perkhidmatan,Services,,2025-02,3.571428571428581,,2.2c!R22C5
2.2c,mom_pct,,Perkhidmatan,Services,,2025-03,4.10088069345067,,2.2c!R22C6
2.2c,mom_pct,,Perkhidmatan,Services,,2025-04,3.571428571428581,,2.2c!R22C7
2.2c,mom_pct,,Perkhidmatan,Services,,2025-05,4.27624437336267,,2.2c!R22C8
2.2c,mom_pct,,Perkhidmatan,Services,,2025-06,4.934072455167837,,2.2c!R22C9
2.2c,mom_pct,,Perkhidmatan,Services,,2025-07,4.934072455167837,,2.2c!R22C10
2.2c,mom_pct,,Perkhidmatan,Services,,2025-08,4.27624437336267,,2.2c!R22C11
2.2c,mom_pct,,Perkhidmatan,Services,,2025-09,4.2482978769294855,,2.2c!R22C12
2.2c,mom_pct,,Perkhidmatan,Services,,2025-10,3.571428571428581,,2.2c!R22C13
2.2c,mom_pct,,Perkhidmatan,Services,,2025-11,4.2482978769294855,,2.2c!R22C14
2.2c,mom_pct,,Perkhidmatan,Services,,2025-12,4.0000000000000036,,2.2c!R22C15
2.2c,mom_pct,,Perkhidmatan,Services,,2026-01,0.29637947017273625,,2.2c!R22C16
2.2c,mom_pct,,Perkhidmatan,Services,,2026-02,5.6427586206896585,,2.2c!R22C17
2.2c,mom_pct,,Perkhidmatan,Services,,2026-03,2.1213333333333306,,2.2c!R22C18
2.3a,median_wage_rm,,Malaysia,Total,,2025-01,3064.0,,2.3a!R9C4
2.3a,median_wage_rm,,Malaysia,Total,,2025-02,2875.0,,2.3a!R9C5
2.3a,median_wage_rm,,Malaysia,Total,,2025-03,3000.0,,2.3a!R9C6
2.3a,median_wage_rm,,Malaysia,Total,,2025-04,2864.0,,2.3a!R9C7
2.3a,median_wage_rm,,Malaysia,Total,,2025-05,2845.0,,2.3a!R9C8
2.3a,median_wage_rm,,Malaysia,Total,,2025-06,2864.0,,2.3a!R9C9
2.3a,median_wage_rm,,Malaysia,Total,,2025-07,2864.0,,2.3a!R9C10
2.3a,median_wage_rm,,Malaysia,Total,,2025-08,2864.0,,2.3a!R9C11
2.3a,median_wage_rm,,Malaysia,Total,,2025-09,2864.0,,2.3a!R9C12
2.3a,median_wage_rm,,Malaysia,Total,,2025-10,2882.0,,2.3a!R9C13
2.3a,median_wage_rm,,Malaysia,Total,,2025-11,2882.0,,2.3a!R9C14
2.3a,median_wage_rm,,Malaysia,Total,,2025-12,3167.0,,2.3a!R9C15
2.3a,median_wage_rm,,Malaysia,Total,,2026-01,3072.72,,2.3a!R9C16
2.3a,median_wage_rm,,Malaysia,Total,,2026-02,3027.27,,2.3a!R9C17
2.3a,median_wage_rm,,Malaysia,Total,,2026-03,3027.27,,2.3a!R9C18
2.3a,median_wage_rm,,Johor,Johor,,2025-01,2927.0,,2.3a!R10C4
2.3a,median_wage_rm,,Johor,Johor,,2025-02,2600.0,,2.3a!R10C5
2.3a,median_wage_rm,,Johor,Johor,,2025-03,2745.0,,2.3a!R10C6
2.3a,median_wage_rm,,Johor,Johor,,2025-04,2600.0,,2.3a!R10C7
2.3a,median_wage_rm,,Johor,Johor,,2025-05,2600.0,,2.3a!R10C8
2.3a,median_wage_rm,,Johor,Johor,,2025-06,2600.0,,2.3a!R10C9
2.3a,median_wage_rm,,Johor,Johor,,2025-07,2600.0,,2.3a!R10C10
2.3a,median_wage_rm,,Johor,Johor,,2025-08,2600.0,,2.3a!R10C11
2.3a,median_wage_rm,,Johor,Johor,,2025-09,2600.0,,2.3a!R10C12
2.3a,median_wage_rm,,Johor,Johor,,2025-10,2600.0,,2.3a!R10C13
2.3a,median_wage_rm,,Johor,Johor,,2025-11,2600.0,,2.3a!R10C14
2.3a,median_wage_rm,,Johor,Johor,,2025-12,2982.0,,2.3a!R10C15
2.3a,median_wage_rm,,Johor,Johor,,2026-01,2900.0,,2.3a!R10C16
2.3a,median_wage_rm,,Johor,Johor,,2026-02,2881.82,,2.3a!R10C17
2.3a,median_wage_rm,,Johor,Johor,,2026-03,2800.0,,2.3a!R10C18
2.3a,median_wage_rm,,Kedah,Kedah,,2025-01,2064.0,,2.3a!R11C4
2.3a,median_wage_rm,,Kedah,Kedah,,2025-02,2000.0,,2.3a!R11C5
2.3a,median_wage_rm,,Kedah,Kedah,,2025-03,2100.0,,2.3a!R11C6
2.3a,median_wage_rm,,Kedah,Kedah,,2025-04,2000.0,,2.3a!R11C7
2.3a,median_wage_rm,,Kedah,Kedah,,2025-05,2000.0,,2.3a!R11C8
2.3a,median_wage_rm,,Kedah,Kedah,,2025-06,2000.0,,2.3a!R11C9
2.3a,median_wage_rm,,Kedah,Kedah,,2025-07,2027.0,,2.3a!R11C10
2.3a,median_wage_rm,,Kedah,Kedah,,2025-08,2000.0,,2.3a!R11C11
2.3a,median_wage_rm,,Kedah,Kedah,,2025-09,2000.0,,2.3a!R11C12
2.3a,median_wage_rm,,Kedah,Kedah,,2025-10,2000.0,,2.3a!R11C13
2.3a,median_wage_rm,,Kedah,Kedah,,2025-11,2000.0,,2.3a!R11C14
2.3a,median_wage_rm,,Kedah,Kedah,,2025-12,2164.0,,2.3a!R11C15
2.3a,median_wage_rm,,Kedah,Kedah,,2026-01,2100.0,,2.3a!R11C16
2.3a,median_wage_rm,,Kedah,Kedah,,2026-02,2100.0,,2.3a!R11C17
2.3a,median_wage_rm,,Kedah,Kedah,,2026-03,2100.0,,2.3a!R11C18
2.3a,median_wage_rm,,Kelantan,Kelantan,,2025-01,1700.0,,2.3a!R12C4
2.3a,median_wage_rm,,Kelantan,Kelantan,,2025-02,1727.0,,2.3a!R12C5
2.3a,median_wage_rm,,Kelantan,Kelantan,,2025-03,1800.0,,2.3a!R12C6
2.3a,median_wage_rm,,Kelantan,Kelantan,,2025-04,1745.0,,2.3a!R12C7
2.3a,median_wage_rm,,Kelantan,Kelantan,,2025-05,1782.0,,2.3a!R12C8
2.3a,median_wage_rm,,Kelantan,Kelantan,,2025-06,1764.0,,2.3a!R12C9
2.3a,median_wage_rm,,Kelantan,Kelantan,,2025-07,1764.0,,2.3a!R12C10
2.3a,median_wage_rm,,Kelantan,Kelantan,,2025-08,1764.0,,2.3a!R12C11
2.3a,median_wage_rm,,Kelantan,Kelantan,,2025-09,1800.0,,2.3a!R12C12
2.3a,median_wage_rm,,Kelantan,Kelantan,,2025-10,1782.0,,2.3a!R12C13
2.3a,median_wage_rm,,Kelantan,Kelantan,,2025-11,1764.0,,2.3a!R12C14
2.3a,median_wage_rm,,Kelantan,Kelantan,,2025-12,1800.0,,2.3a!R12C15
2.3a,median_wage_rm,,Kelantan,Kelantan,,2026-01,1800.0,,2.3a!R12C16
2.3a,median_wage_rm,,Kelantan,Kelantan,,2026-02,1800.0,,2.3a!R12C17
2.3a,median_wage_rm,,Kelantan,Kelantan,,2026-03,1827.27,,2.3a!R12C18
2.3a,median_wage_rm,,Melaka,Melaka,,2025-01,2700.0,,2.3a!R13C4
2.3a,median_wage_rm,,Melaka,Melaka,,2025-02,2500.0,,2.3a!R13C5
2.3a,median_wage_rm,,Melaka,Melaka,,2025-03,2600.0,,2.3a!R13C6
2.3a,median_wage_rm,,Melaka,Melaka,,2025-04,2500.0,,2.3a!R13C7
2.3a,median_wage_rm,,Melaka,Melaka,,2025-05,2500.0,,2.3a!R13C8
2.3a,median_wage_rm,,Melaka,Melaka,,2025-06,2545.0,,2.3a!R13C9
2.3a,median_wage_rm,,Melaka,Melaka,,2025-07,2500.0,,2.3a!R13C10
2.3a,median_wage_rm,,Melaka,Melaka,,2025-08,2500.0,,2.3a!R13C11
2.3a,median_wage_rm,,Melaka,Melaka,,2025-09,2500.0,,2.3a!R13C12
2.3a,median_wage_rm,,Melaka,Melaka,,2025-10,2600.0,,2.3a!R13C13
2.3a,median_wage_rm,,Melaka,Melaka,,2025-11,2564.0,,2.3a!R13C14
2.3a,median_wage_rm,,Melaka,Melaka,,2025-12,2864.0,,2.3a!R13C15
2.3a,median_wage_rm,,Melaka,Melaka,,2026-01,2681.82,,2.3a!R13C16
2.3a,median_wage_rm,,Melaka,Melaka,,2026-02,2700.0,,2.3a!R13C17
2.3a,median_wage_rm,,Melaka,Melaka,,2026-03,2663.64,,2.3a!R13C18
2.3a,median_wage_rm,,Negeri Sembilan,Negeri Sembilan,,2025-01,2600.0,,2.3a!R14C4
2.3a,median_wage_rm,,Negeri Sembilan,Negeri Sembilan,,2025-02,2482.0,,2.3a!R14C5
2.3a,median_wage_rm,,Negeri Sembilan,Negeri Sembilan,,2025-03,2600.0,,2.3a!R14C6
2.3a,median_wage_rm,,Negeri Sembilan,Negeri Sembilan,,2025-04,2464.0,,2.3a!R14C7
2.3a,median_wage_rm,,Negeri Sembilan,Negeri Sembilan,,2025-05,2464.0,,2.3a!R14C8
2.3a,median_wage_rm,,Negeri Sembilan,Negeri Sembilan,,2025-06,2500.0,,2.3a!R14C9
2.3a,median_wage_rm,,Negeri Sembilan,Negeri Sembilan,,2025-07,2500.0,,2.3a!R14C10
2.3a,median_wage_rm,,Negeri Sembilan,Negeri Sembilan,,2025-08,2500.0,,2.3a!R14C11
2.3a,median_wage_rm,,Negeri Sembilan,Negeri Sembilan,,2025-09,2482.0,,2.3a!R14C12
2.3a,median_wage_rm,,Negeri Sembilan,Negeri Sembilan,,2025-10,2500.0,,2.3a!R14C13
2.3a,median_wage_rm,,Negeri Sembilan,Negeri Sembilan,,2025-11,2482.0,,2.3a!R14C14
2.3a,median_wage_rm,,Negeri Sembilan,Negeri Sembilan,,2025-12,2664.0,,2.3a!R14C15
2.3a,median_wage_rm,,Negeri Sembilan,Negeri Sembilan,,2026-01,2645.45,,2.3a!R14C16
2.3a,median_wage_rm,,Negeri Sembilan,Negeri Sembilan,,2026-02,2600.0,,2.3a!R14C17
2.3a,median_wage_rm,,Negeri Sembilan,Negeri Sembilan,,2026-03,2645.45,,2.3a!R14C18
2.3a,median_wage_rm,,Pahang,Pahang,,2025-01,2291.0,,2.3a!R15C4
2.3a,median_wage_rm,,Pahang,Pahang,,2025-02,2200.0,,2.3a!R15C5
2.3a,median_wage_rm,,Pahang,Pahang,,2025-03,2327.0,,2.3a!R15C6
2.3a,median_wage_rm,,Pahang,Pahang,,2025-04,2200.0,,2.3a!R15C7
2.3a,median_wage_rm,,Pahang,Pahang,,2025-05,2227.0,,2.3a!R15C8
2.3a,median_wage_rm,,Pahang,Pahang,,2025-06,2245.0,,2.3a!R15C9
2.3a,median_wage_rm,,Pahang,Pahang,,2025-07,2227.0,,2.3a!R15C10
2.3a,median_wage_rm,,Pahang,Pahang,,2025-08,2200.0,,2.3a!R15C11
2.3a,median_wage_rm,,Pahang,Pahang,,2025-09,2227.0,,2.3a!R15C12
2.3a,median_wage_rm,,Pahang,Pahang,,2025-10,2227.0,,2.3a!R15C13
2.3a,median_wage_rm,,Pahang,Pahang,,2025-11,2200.0,,2.3a!R15C14
2.3a,median_wage_rm,,Pahang,Pahang,,2025-12,2300.0,,2.3a!R15C15
2.3a,median_wage_rm,,Pahang,Pahang,,2026-01,2345.45,,2.3a!R15C16
2.3a,median_wage_rm,,Pahang,Pahang,,2026-02,2300.0,,2.3a!R15C17
2.3a,median_wage_rm,,Pahang,Pahang,,2026-03,2400.0,,2.3a!R15C18
2.3a,median_wage_rm,,Pulau Pinang,Pulau Pinang,,2025-01,3300.0,,2.3a!R16C4
2.3a,median_wage_rm,,Pulau Pinang,Pulau Pinang,,2025-02,2909.0,,2.3a!R16C5
2.3a,median_wage_rm,,Pulau Pinang,Pulau Pinang,,2025-03,3000.0,,2.3a!R16C6
2.3a,median_wage_rm,,Pulau Pinang,Pulau Pinang,,2025-04,2945.0,,2.3a!R16C7
2.3a,median_wage_rm,,Pulau Pinang,Pulau Pinang,,2025-05,2900.0,,2.3a!R16C8
2.3a,median_wage_rm,,Pulau Pinang,Pulau Pinang,,2025-06,2927.0,,2.3a!R16C9
2.3a,median_wage_rm,,Pulau Pinang,Pulau Pinang,,2025-07,2900.0,,2.3a!R16C10
2.3a,median_wage_rm,,Pulau Pinang,Pulau Pinang,,2025-08,2927.0,,2.3a!R16C11
2.3a,median_wage_rm,,Pulau Pinang,Pulau Pinang,,2025-09,2927.0,,2.3a!R16C12
2.3a,median_wage_rm,,Pulau Pinang,Pulau Pinang,,2025-10,2945.0,,2.3a!R16C13
2.3a,median_wage_rm,,Pulau Pinang,Pulau Pinang,,2025-11,3000.0,,2.3a!R16C14
2.3a,median_wage_rm,,Pulau Pinang,Pulau Pinang,,2025-12,3500.0,,2.3a!R16C15
2.3a,median_wage_rm,,Pulau Pinang,Pulau Pinang,,2026-01,3181.82,,2.3a!R16C16
2.3a,median_wage_rm,,Pulau Pinang,Pulau Pinang,,2026-02,3145.45,,2.3a!R16C17
2.3a,median_wage_rm,,Pulau Pinang,Pulau Pinang,,2026-03,3063.64,,2.3a!R16C18
2.3a,median_wage_rm,,Perak,Perak,,2025-01,2382.0,,2.3a!R17C4
2.3a,median_wage_rm,,Perak,Perak,,2025-02,2182.0,,2.3a!R17C5
2.3a,median_wage_rm,,Perak,Perak,,2025-03,2200.0,,2.3a!R17C6
2.3a,median_wage_rm,,Perak,Perak,,2025-04,2164.0,,2.3a!R17C7
2.3a,median_wage_rm,,Perak,Perak,,2025-05,2182.0,,2.3a!R17C8
2.3a,median_wage_rm,,Perak,Perak,,2025-06,2175.0,,2.3a!R17C9
2.3a,median_wage_rm,,Perak,Perak,,2025-07,2200.0,,2.3a!R17C10
2.3a,median_wage_rm,,Perak,Perak,,2025-08,2200.0,,2.3a!R17C11
2.3a,median_wage_rm,,Perak,Perak,,2025-09,2200.0,,2.3a!R17C12
2.3a,median_wage_rm,,Perak,Perak,,2025-10,2200.0,,2.3a!R17C13
2.3a,median_wage_rm,,Perak,Perak,,2025-11,2200.0,,2.3a!R17C14
2.3a,median_wage_rm,,Perak,Perak,,2025-12,2300.0,,2.3a!R17C15
2.3a,median_wage_rm,,Perak,Perak,,2026-01,2427.27,,2.3a!R17C16
2.3a,median_wage_rm,,Perak,Perak,,2026-02,2327.27,,2.3a!R17C17
2.3a,median_wage_rm,,Perak,Perak,,2026-03,2300.0,,2.3a!R17C18
2.3a,median_wage_rm,,Perlis,Perlis,,2025-01,1800.0,,2.3a!R18C4
2.3a,median_wage_rm,,Perlis,Perlis,,2025-02,1800.0,,2.3a!R18C5
2.3a,median_wage_rm,,Perlis,Perlis,,2025-03,1800.0,,2.3a!R18C6
2.3a,median_wage_rm,,Perlis,Perlis,,2025-04,1782.0,,2.3a!R18C7
2.3a,median_wage_rm,,Perlis,Perlis,,2025-05,1800.0,,2.3a!R18C8
2.3a,median_wage_rm,,Perlis,Perlis,,2025-06,1800.0,,2.3a!R18C9
2.3a,median_wage_rm,,Perlis,Perlis,,2025-07,1800.0,,2.3a!R18C10
2.3a,median_wage_rm,,Perlis,Perlis,,2025-08,1800.0,,2.3a!R18C11
2.3a,median_wage_rm,,Perlis,Perlis,,2025-09,1800.0,,2.3a!R18C12
2.3a,median_wage_rm,,Perlis,Perlis,,2025-10,1800.0,,2.3a!R18C13
2.3a,median_wage_rm,,Perlis,Perlis,,2025-11,1800.0,,2.3a!R18C14
2.3a,median_wage_rm,,Perlis,Perlis,,2025-12,1864.0,,2.3a!R18C15
2.3a,median_wage_rm,,Perlis,Perlis,,2026-01,1881.82,,2.3a!R18C16
2.3a,median_wage_rm,,Perlis,Perlis,,2026-02,1854.55,,2.3a!R18C17
2.3a,median_wage_rm,,Perlis,Perlis,,2026-03,1854.55,,2.3a!R18C18
2.3a,median_wage_rm,,Selangor,Selangor,,2025-01,3445.0,,2.3a!R19C4
2.3a,median_wage_rm,,Selangor,Selangor,,2025-02,3145.0,,2.3a!R19C5
2.3a,median_wage_rm,,Selangor,Selangor,,2025-03,3300.0,,2.3a!R19C6
2.3a,median_wage_rm,,Selangor,Selangor,,2025-04,3178.0,,2.3a!R19C7
2.3a,median_wage_rm,,Selangor,Selangor,,2025-05,3100.0,,2.3a!R19C8
2.3a,median_wage_rm,,Selangor,Selangor,,2025-06,3145.0,,2.3a!R19C9
2.3a,median_wage_rm,,Selangor,Selangor,,2025-07,3127.0,,2.3a!R19C10
2.3a,median_wage_rm,,Selangor,Selangor,,2025-08,3100.0,,2.3a!R19C11
2.3a,median_wage_rm,,Selangor,Selangor,,2025-09,3127.0,,2.3a!R19C12
2.3a,median_wage_rm,,Selangor,Selangor,,2025-10,3145.0,,2.3a!R19C13
2.3a,median_wage_rm,,Selangor,Selangor,,2025-11,3145.0,,2.3a!R19C14
2.3a,median_wage_rm,,Selangor,Selangor,,2025-12,3400.0,,2.3a!R19C15
2.3a,median_wage_rm,,Selangor,Selangor,,2026-01,3427.27,,2.3a!R19C16
2.3a,median_wage_rm,,Selangor,Selangor,,2026-02,3381.82,,2.3a!R19C17
2.3a,median_wage_rm,,Selangor,Selangor,,2026-03,3445.45,,2.3a!R19C18
2.3a,median_wage_rm,,Terengganu,Terengganu,,2025-01,2000.0,,2.3a!R20C4
2.3a,median_wage_rm,,Terengganu,Terengganu,,2025-02,2064.0,,2.3a!R20C5
2.3a,median_wage_rm,,Terengganu,Terengganu,,2025-03,2200.0,,2.3a!R20C6
2.3a,median_wage_rm,,Terengganu,Terengganu,,2025-04,2100.0,,2.3a!R20C7
2.3a,median_wage_rm,,Terengganu,Terengganu,,2025-05,2100.0,,2.3a!R20C8
2.3a,median_wage_rm,,Terengganu,Terengganu,,2025-06,2100.0,,2.3a!R20C9
2.3a,median_wage_rm,,Terengganu,Terengganu,,2025-07,2100.0,,2.3a!R20C10
2.3a,median_wage_rm,,Terengganu,Terengganu,,2025-08,2100.0,,2.3a!R20C11
2.3a,median_wage_rm,,Terengganu,Terengganu,,2025-09,2100.0,,2.3a!R20C12
2.3a,median_wage_rm,,Terengganu,Terengganu,,2025-10,2082.0,,2.3a!R20C13
2.3a,median_wage_rm,,Terengganu,Terengganu,,2025-11,2082.0,,2.3a!R20C14
2.3a,median_wage_rm,,Terengganu,Terengganu,,2025-12,2200.0,,2.3a!R20C15
2.3a,median_wage_rm,,Terengganu,Terengganu,,2026-01,2100.0,,2.3a!R20C16
2.3a,median_wage_rm,,Terengganu,Terengganu,,2026-02,2163.64,,2.3a!R20C17
2.3a,median_wage_rm,,Terengganu,Terengganu,,2026-03,2227.27,,2.3a!R20C18
2.3a,median_wage_rm,,Sabah,Sabah,,2025-01,2045.0,,2.3a!R21C4
2.3a,median_wage_rm,,Sabah,Sabah,,2025-02,2000.0,,2.3a!R21C5
2.3a,median_wage_rm,,Sabah,Sabah,,2025-03,2000.0,,2.3a!R21C6
2.3a,median_wage_rm,,Sabah,Sabah,,2025-04,2000.0,,2.3a!R21C7
2.3a,median_wage_rm,,Sabah,Sabah,,2025-05,2000.0,,2.3a!R21C8
2.3a,median_wage_rm,,Sabah,Sabah,,2025-06,2000.0,,2.3a!R21C9
2.3a,median_wage_rm,,Sabah,Sabah,,2025-07,2000.0,,2.3a!R21C10
2.3a,median_wage_rm,,Sabah,Sabah,,2025-08,2000.0,,2.3a!R21C11
2.3a,median_wage_rm,,Sabah,Sabah,,2025-09,2000.0,,2.3a!R21C12
2.3a,median_wage_rm,,Sabah,Sabah,,2025-10,2000.0,,2.3a!R21C13
2.3a,median_wage_rm,,Sabah,Sabah,,2025-11,2000.0,,2.3a!R21C14
2.3a,median_wage_rm,,Sabah,Sabah,,2025-12,2045.0,,2.3a!R21C15
2.3a,median_wage_rm,,Sabah,Sabah,,2026-01,2100.0,,2.3a!R21C16
2.3a,median_wage_rm,,Sabah,Sabah,,2026-02,2100.0,,2.3a!R21C17
2.3a,median_wage_rm,,Sabah,Sabah,,2026-03,2081.82,,2.3a!R21C18
2.3a,median_wage_rm,,Sarawak,Sarawak,,2025-01,2382.0,,2.3a!R22C4
2.3a,median_wage_rm,,Sarawak,Sarawak,,2025-02,2182.0,,2.3a!R22C5
2.3a,median_wage_rm,,Sarawak,Sarawak,,2025-03,2227.0,,2.3a!R22C6
2.3a,median_wage_rm,,Sarawak,Sarawak,,2025-04,2182.0,,2.3a!R22C7
2.3a,median_wage_rm,,Sarawak,Sarawak,,2025-05,2227.0,,2.3a!R22C8
2.3a,median_wage_rm,,Sarawak,Sarawak,,2025-06,2200.0,,2.3a!R22C9
2.3a,median_wage_rm,,Sarawak,Sarawak,,2025-07,2200.0,,2.3a!R22C10
2.3a,median_wage_rm,,Sarawak,Sarawak,,2025-08,2200.0,,2.3a!R22C11
2.3a,median_wage_rm,,Sarawak,Sarawak,,2025-09,2200.0,,2.3a!R22C12
2.3a,median_wage_rm,,Sarawak,Sarawak,,2025-10,2200.0,,2.3a!R22C13
2.3a,median_wage_rm,,Sarawak,Sarawak,,2025-11,2182.0,,2.3a!R22C14
2.3a,median_wage_rm,,Sarawak,Sarawak,,2025-12,2300.0,,2.3a!R22C15
2.3a,median_wage_rm,,Sarawak,Sarawak,,2026-01,2400.0,,2.3a!R22C16
2.3a,median_wage_rm,,Sarawak,Sarawak,,2026-02,2345.45,,2.3a!R22C17
2.3a,median_wage_rm,,Sarawak,Sarawak,,2026-03,2300.0,,2.3a!R22C18
2.3a,median_wage_rm,,W.P. Kuala Lumpur,W.P. Kuala Lumpur,,2025-01,4400.0,,2.3a!R23C4
2.3a,median_wage_rm,,W.P. Kuala Lumpur,W.P. Kuala Lumpur,,2025-02,4145.0,,2.3a!R23C5
2.3a,median_wage_rm,,W.P. Kuala Lumpur,W.P. Kuala Lumpur,,2025-03,4445.0,,2.3a!R23C6
2.3a,median_wage_rm,,W.P. Kuala Lumpur,W.P. Kuala Lumpur,,2025-04,4200.0,,2.3a!R23C7
2.3a,median_wage_rm,,W.P. Kuala Lumpur,W.P. Kuala Lumpur,,2025-05,4064.0,,2.3a!R23C8
2.3a,median_wage_rm,,W.P. Kuala Lumpur,W.P. Kuala Lumpur,,2025-06,4064.0,,2.3a!R23C9
2.3a,median_wage_rm,,W.P. Kuala Lumpur,W.P. Kuala Lumpur,,2025-07,4100.0,,2.3a!R23C10
2.3a,median_wage_rm,,W.P. Kuala Lumpur,W.P. Kuala Lumpur,,2025-08,4064.0,,2.3a!R23C11
2.3a,median_wage_rm,,W.P. Kuala Lumpur,W.P. Kuala Lumpur,,2025-09,4064.0,,2.3a!R23C12
2.3a,median_wage_rm,,W.P. Kuala Lumpur,W.P. Kuala Lumpur,,2025-10,4082.0,,2.3a!R23C13
2.3a,median_wage_rm,,W.P. Kuala Lumpur,W.P. Kuala Lumpur,,2025-11,4100.0,,2.3a!R23C14
2.3a,median_wage_rm,,W.P. Kuala Lumpur,W.P. Kuala Lumpur,,2025-12,4391.0,,2.3a!R23C15
2.3a,median_wage_rm,,W.P. Kuala Lumpur,W.P. Kuala Lumpur,,2026-01,4363.64,,2.3a!R23C16
2.3a,median_wage_rm,,W.P. Kuala Lumpur,W.P. Kuala Lumpur,,2026-02,4500.0,,2.3a!R23C17
2.3a,median_wage_rm,,W.P. Kuala Lumpur,W.P. Kuala Lumpur,,2026-03,4527.27,,2.3a!R23C18
2.3a,median_wage_rm,,W.P. Labuan,W.P. Labuan,,2025-01,2164.0,,2.3a!R24C4
2.3a,median_wage_rm,,W.P. Labuan,W.P. Labuan,,2025-02,2082.0,,2.3a!R24C5
2.3a,median_wage_rm,,W.P. Labuan,W.P. Labuan,,2025-03,2100.0,,2.3a!R24C6
2.3a,median_wage_rm,,W.P. Labuan,W.P. Labuan,,2025-04,2064.0,,2.3a!R24C7
2.3a,median_wage_rm,,W.P. Labuan,W.P. Labuan,,2025-05,2100.0,,2.3a!R24C8
2.3a,median_wage_rm,,W.P. Labuan,W.P. Labuan,,2025-06,2100.0,,2.3a!R24C9
2.3a,median_wage_rm,,W.P. Labuan,W.P. Labuan,,2025-07,2100.0,,2.3a!R24C10
2.3a,median_wage_rm,,W.P. Labuan,W.P. Labuan,,2025-08,2082.0,,2.3a!R24C11
2.3a,median_wage_rm,,W.P. Labuan,W.P. Labuan,,2025-09,2082.0,,2.3a!R24C12
2.3a,median_wage_rm,,W.P. Labuan,W.P. Labuan,,2025-10,2100.0,,2.3a!R24C13
2.3a,median_wage_rm,,W.P. Labuan,W.P. Labuan,,2025-11,2100.0,,2.3a!R24C14
2.3a,median_wage_rm,,W.P. Labuan,W.P. Labuan,,2025-12,2382.0,,2.3a!R24C15
2.3a,median_wage_rm,,W.P. Labuan,W.P. Labuan,,2026-01,2400.0,,2.3a!R24C16
2.3a,median_wage_rm,,W.P. Labuan,W.P. Labuan,,2026-02,2227.27,,2.3a!R24C17
2.3a,median_wage_rm,,W.P. Labuan,W.P. Labuan,,2026-03,2200.0,,2.3a!R24C18
2.3a,median_wage_rm,,W.P. Putrajaya,W.P. Putrajaya,,2025-01,2600.0,,2.3a!R25C4
2.3a,median_wage_rm,,W.P. Putrajaya,W.P. Putrajaya,,2025-02,2600.0,,2.3a!R25C5
2.3a,median_wage_rm,,W.P. Putrajaya,W.P. Putrajaya,,2025-03,2900.0,,2.3a!R25C6
2.3a,median_wage_rm,,W.P. Putrajaya,W.P. Putrajaya,,2025-04,2564.0,,2.3a!R25C7
2.3a,median_wage_rm,,W.P. Putrajaya,W.P. Putrajaya,,2025-05,2545.0,,2.3a!R25C8
2.3a,median_wage_rm,,W.P. Putrajaya,W.P. Putrajaya,,2025-06,2564.0,,2.3a!R25C9
2.3a,median_wage_rm,,W.P. Putrajaya,W.P. Putrajaya,,2025-07,2564.0,,2.3a!R25C10
2.3a,median_wage_rm,,W.P. Putrajaya,W.P. Putrajaya,,2025-08,2564.0,,2.3a!R25C11
2.3a,median_wage_rm,,W.P. Putrajaya,W.P. Putrajaya,,2025-09,2564.0,,2.3a!R25C12
2.3a,median_wage_rm,,W.P. Putrajaya,W.P. Putrajaya,,2025-10,2600.0,,2.3a!R25C13
2.3a,median_wage_rm,,W.P. Putrajaya,W.P. Putrajaya,,2025-11,2582.0,,2.3a!R25C14
2.3a,median_wage_rm,,W.P. Putrajaya,W.P. Putrajaya,,2025-12,2582.0,,2.3a!R25C15
2.3a,median_wage_rm,,W.P. Putrajaya,W.P. Putrajaya,,2026-01,2745.45,,2.3a!R25C16
2.3a,median_wage_rm,,W.P. Putrajaya,W.P. Putrajaya,,2026-02,2727.27,,2.3a!R25C17
2.3a,median_wage_rm,,W.P. Putrajaya,W.P. Putrajaya,,2026-03,3000.0,,2.3a!R25C18
2.3b,share_pct,,Malaysia,Total,,2024-10,0.7,,2.3b!R9C4
2.3b,share_pct,,Malaysia,Total,,2024-11,0.0,,2.3b!R9C5
2.3b,share_pct,,Malaysia,Total,,2024-12,10.2,,2.3b!R9C6
2.3b,share_pct,,Malaysia,Total,,2025-01,0.6,,2.3b!R9C7
2.3b,share_pct,,Malaysia,Total,,2025-02,-6.2,,2.3b!R9C8
2.3b,share_pct,,Malaysia,Total,,2025-03,4.3,,2.3b!R9C9
2.3b,share_pct,,Malaysia,Total,,2025-04,-4.5,,2.3b!R9C10
2.3b,share_pct,,Malaysia,Total,,2025-05,-0.6,,2.3b!R9C11
2.3b,share_pct,,Malaysia,Total,,2025-06,0.6,,2.3b!R9C12
2.3b,share_pct,,Malaysia,Total,,2025-07,0.0,,2.3b!R9C13
2.3b,share_pct,,Malaysia,Total,,2025-08,0.0,,2.3b!R9C14
2.3b,share_pct,,Malaysia,Total,,2025-09,0.0,,2.3b!R9C15
2.3b,share_pct,,Malaysia,Total,,2025-10,0.6,,2.3b!R9C16
2.3b,share_pct,,Malaysia,Total,,2025-11,0.0,,2.3b!R9C17
2.3b,share_pct,,Malaysia,Total,,2025-12,9.9,,2.3b!R9C18
2.3b,share_pct,,Malaysia,Total,,2026-01,-2.9668389822747665,,2.3b!R9C19
2.3b,share_pct,,Malaysia,Total,,2026-02,-1.4791455127704412,,2.3b!R9C20
2.3b,share_pct,,Malaysia,Total,,2026-03,0.0,,2.3b!R9C21
2.3b,share_pct,,Johor,Johor,,2024-10,0.0,,2.3b!R10C4
2.3b,share_pct,,Johor,Johor,,2024-11,0.0,,2.3b!R10C5
2.3b,share_pct,,Johor,Johor,,2024-12,13.1,,2.3b!R10C6
2.3b,share_pct,,Johor,Johor,,2025-01,3.5,,2.3b!R10C7
2.3b,share_pct,,Johor,Johor,,2025-02,-11.2,,2.3b!R10C8
2.3b,share_pct,,Johor,Johor,,2025-03,5.6,,2.3b!R10C9
2.3b,share_pct,,Johor,Johor,,2025-04,-5.3,,2.3b!R10C10
2.3b,share_pct,,Johor,Johor,,2025-05,0.0,,2.3b!R10C11
2.3b,share_pct,,Johor,Johor,,2025-06,0.0,,2.3b!R10C12
2.3b,share_pct,,Johor,Johor,,2025-07,0.0,,2.3b!R10C13
2.3b,share_pct,,Johor,Johor,,2025-08,0.0,,2.3b!R10C14
2.3b,share_pct,,Johor,Johor,,2025-09,0.0,,2.3b!R10C15
2.3b,share_pct,,Johor,Johor,,2025-10,0.0,,2.3b!R10C16
2.3b,share_pct,,Johor,Johor,,2025-11,0.0,,2.3b!R10C17
2.3b,share_pct,,Johor,Johor,,2025-12,14.7,,2.3b!R10C18
2.3b,share_pct,,Johor,Johor,,2026-01,-2.7439617414867445,,2.3b!R10C19
2.3b,share_pct,,Johor,Johor,,2026-02,-0.6268965517241321,,2.3b!R10C20
2.3b,share_pct,,Johor,Johor,,2026-03,-2.8391780194460536,,2.3b!R10C21
2.3b,share_pct,,Kedah,Kedah,,2024-10,0.2,,2.3b!R11C4
2.3b,share_pct,,Kedah,Kedah,,2024-11,-1.6,,2.3b!R11C5
2.3b,share_pct,,Kedah,Kedah,,2024-12,8.6,,2.3b!R11C6
2.3b,share_pct,,Kedah,Kedah,,2025-01,0.0,,2.3b!R11C7
2.3b,share_pct,,Kedah,Kedah,,2025-02,-3.1,,2.3b!R11C8
2.3b,share_pct,,Kedah,Kedah,,2025-03,5.0,,2.3b!R11C9
2.3b,share_pct,,Kedah,Kedah,,2025-04,-4.8,,2.3b!R11C10
2.3b,share_pct,,Kedah,Kedah,,2025-05,0.0,,2.3b!R11C11
2.3b,share_pct,,Kedah,Kedah,,2025-06,0.0,,2.3b!R11C12
2.3b,share_pct,,Kedah,Kedah,,2025-07,1.4,,2.3b!R11C13
2.3b,share_pct,,Kedah,Kedah,,2025-08,-1.3,,2.3b!R11C14
2.3b,share_pct,,Kedah,Kedah,,2025-09,0.0,,2.3b!R11C15
2.3b,share_pct,,Kedah,Kedah,,2025-10,0.0,,2.3b!R11C16
2.3b,share_pct,,Kedah,Kedah,,2025-11,0.0,,2.3b!R11C17
2.3b,share_pct,,Kedah,Kedah,,2025-12,8.2,,2.3b!R11C18
2.3b,share_pct,,Kedah,Kedah,,2026-01,-2.9413395943872267,,2.3b!R11C19
2.3b,share_pct,,Kedah,Kedah,,2026-02,0.0,,2.3b!R11C20
2.3b,share_pct,,Kedah,Kedah,,2026-03,0.0,,2.3b!R11C21
2.3b,share_pct,,Kelantan,Kelantan,,2024-10,-1.1,,2.3b!R12C4
2.3b,share_pct,,Kelantan,Kelantan,,2024-11,-2.2,,2.3b!R12C5
2.3b,share_pct,,Kelantan,Kelantan,,2024-12,2.2,,2.3b!R12C6
2.3b,share_pct,,Kelantan,Kelantan,,2025-01,2.2,,2.3b!R12C7
2.3b,share_pct,,Kelantan,Kelantan,,2025-02,1.6,,2.3b!R12C8
2.3b,share_pct,,Kelantan,Kelantan,,2025-03,4.2,,2.3b!R12C9
2.3b,share_pct,,Kelantan,Kelantan,,2025-04,-3.0,,2.3b!R12C10
2.3b,share_pct,,Kelantan,Kelantan,,2025-05,2.1,,2.3b!R12C11
2.3b,share_pct,,Kelantan,Kelantan,,2025-06,-1.0,,2.3b!R12C12
2.3b,share_pct,,Kelantan,Kelantan,,2025-07,0.0,,2.3b!R12C13
2.3b,share_pct,,Kelantan,Kelantan,,2025-08,0.0,,2.3b!R12C14
2.3b,share_pct,,Kelantan,Kelantan,,2025-09,2.1,,2.3b!R12C15
2.3b,share_pct,,Kelantan,Kelantan,,2025-10,-1.0,,2.3b!R12C16
2.3b,share_pct,,Kelantan,Kelantan,,2025-11,-1.0,,2.3b!R12C17
2.3b,share_pct,,Kelantan,Kelantan,,2025-12,2.1,,2.3b!R12C18
2.3b,share_pct,,Kelantan,Kelantan,,2026-01,0.0,,2.3b!R12C19
2.3b,share_pct,,Kelantan,Kelantan,,2026-02,0.0,,2.3b!R12C20
2.3b,share_pct,,Kelantan,Kelantan,,2026-03,1.5149999999999997,,2.3b!R12C21
2.3b,share_pct,,Melaka,Melaka,,2024-10,4.2,,2.3b!R13C4
2.3b,share_pct,,Melaka,Melaka,,2024-11,0.0,,2.3b!R13C5
2.3b,share_pct,,Melaka,Melaka,,2024-12,9.1,,2.3b!R13C6
2.3b,share_pct,,Melaka,Melaka,,2025-01,-1.0,,2.3b!R13C7
2.3b,share_pct,,Melaka,Melaka,,2025-02,-7.4,,2.3b!R13C8
2.3b,share_pct,,Melaka,Melaka,,2025-03,4.0,,2.3b!R13C9
2.3b,share_pct,,Melaka,Melaka,,2025-04,-3.8,,2.3b!R13C10
2.3b,share_pct,,Melaka,Melaka,,2025-05,0.0,,2.3b!R13C11
2.3b,share_pct,,Melaka,Melaka,,2025-06,1.8,,2.3b!R13C12
2.3b,share_pct,,Melaka,Melaka,,2025-07,-1.8,,2.3b!R13C13
2.3b,share_pct,,Melaka,Melaka,,2025-08,0.0,,2.3b!R13C14
2.3b,share_pct,,Melaka,Melaka,,2025-09,0.0,,2.3b!R13C15
2.3b,share_pct,,Melaka,Melaka,,2025-10,4.0,,2.3b!R13C16
2.3b,share_pct,,Melaka,Melaka,,2025-11,-1.4,,2.3b!R13C17
2.3b,share_pct,,Melaka,Melaka,,2025-12,11.7,,2.3b!R13C18
2.3b,share_pct,,Melaka,Melaka,,2026-01,-6.349261778715187,,2.3b!R13C19
2.3b,share_pct,,Melaka,Melaka,,2026-02,0.6778978454929696,,2.3b!R13C20
2.3b,share_pct,,Melaka,Melaka,,2026-03,-1.3466666666666738,,2.3b!R13C21
2.3b,share_pct,,Negeri Sembilan,Negeri Sembilan,,2024-10,0.8,,2.3b!R14C4
2.3b,share_pct,,Negeri Sembilan,Negeri Sembilan,,2024-11,-1.5,,2.3b!R14C5
2.3b,share_pct,,Negeri Sembilan,Negeri Sembilan,,2024-12,8.5,,2.3b!R14C6
2.3b,share_pct,,Negeri Sembilan,Negeri Sembilan,,2025-01,2.1,,2.3b!R14C7
2.3b,share_pct,,Negeri Sembilan,Negeri Sembilan,,2025-02,-4.5,,2.3b!R14C8
2.3b,share_pct,,Negeri Sembilan,Negeri Sembilan,,2025-03,4.8,,2.3b!R14C9
2.3b,share_pct,,Negeri Sembilan,Negeri Sembilan,,2025-04,-5.2,,2.3b!R14C10
2.3b,share_pct,,Negeri Sembilan,Negeri Sembilan,,2025-05,0.0,,2.3b!R14C11
2.3b,share_pct,,Negeri Sembilan,Negeri Sembilan,,2025-06,1.5,,2.3b!R14C12
2.3b,share_pct,,Negeri Sembilan,Negeri Sembilan,,2025-07,0.0,,2.3b!R14C13
2.3b,share_pct,,Negeri Sembilan,Negeri Sembilan,,2025-08,0.0,,2.3b!R14C14
2.3b,share_pct,,Negeri Sembilan,Negeri Sembilan,,2025-09,-0.7,,2.3b!R14C15
2.3b,share_pct,,Negeri Sembilan,Negeri Sembilan,,2025-10,0.7,,2.3b!R14C16
2.3b,share_pct,,Negeri Sembilan,Negeri Sembilan,,2025-11,-0.7,,2.3b!R14C17
2.3b,share_pct,,Negeri Sembilan,Negeri Sembilan,,2025-12,7.3,,2.3b!R14C18
2.3b,share_pct,,Negeri Sembilan,Negeri Sembilan,,2026-01,-0.6829000916039774,,2.3b!R14C19
2.3b,share_pct,,Negeri Sembilan,Negeri Sembilan,,2026-02,-1.7180441890793596,,2.3b!R14C20
2.3b,share_pct,,Negeri Sembilan,Negeri Sembilan,,2026-03,1.7480769230769244,,2.3b!R14C21
2.3b,share_pct,,Pahang,Pahang,,2024-10,0.9,,2.3b!R15C4
2.3b,share_pct,,Pahang,Pahang,,2024-11,-0.9,,2.3b!R15C5
2.3b,share_pct,,Pahang,Pahang,,2024-12,5.7,,2.3b!R15C6
2.3b,share_pct,,Pahang,Pahang,,2025-01,4.1,,2.3b!R15C7
2.3b,share_pct,,Pahang,Pahang,,2025-02,-4.0,,2.3b!R15C8
2.3b,share_pct,,Pahang,Pahang,,2025-03,5.8,,2.3b!R15C9
2.3b,share_pct,,Pahang,Pahang,,2025-04,-5.5,,2.3b!R15C10
2.3b,share_pct,,Pahang,Pahang,,2025-05,1.2,,2.3b!R15C11
2.3b,share_pct,,Pahang,Pahang,,2025-06,0.8,,2.3b!R15C12
2.3b,share_pct,,Pahang,Pahang,,2025-07,-0.8,,2.3b!R15C13
2.3b,share_pct,,Pahang,Pahang,,2025-08,-1.2,,2.3b!R15C14
2.3b,share_pct,,Pahang,Pahang,,2025-09,1.2,,2.3b!R15C15
2.3b,share_pct,,Pahang,Pahang,,2025-10,0.0,,2.3b!R15C16
2.3b,share_pct,,Pahang,Pahang,,2025-11,-1.2,,2.3b!R15C17
2.3b,share_pct,,Pahang,Pahang,,2025-12,4.5,,2.3b!R15C18
2.3b,share_pct,,Pahang,Pahang,,2026-01,1.9760869565217387,,2.3b!R15C19
2.3b,share_pct,,Pahang,Pahang,,2026-02,-1.9377944530900137,,2.3b!R15C20
2.3b,share_pct,,Pahang,Pahang,,2026-03,4.347826086956519,,2.3b!R15C21
2.3b,share_pct,,Pulau Pinang,Pulau Pinang,,2024-10,1.0,,2.3b!R16C4
2.3b,share_pct,,Pulau Pinang,Pulau Pinang,,2024-11,1.9,,2.3b!R16C5
2.3b,share_pct,,Pulau Pinang,Pulau Pinang,,2024-12,17.4,,2.3b!R16C6
2.3b,share_pct,,Pulau Pinang,Pulau Pinang,,2025-01,-2.4,,2.3b!R16C7
2.3b,share_pct,,Pulau Pinang,Pulau Pinang,,2025-02,-11.8,,2.3b!R16C8
2.3b,share_pct,,Pulau Pinang,Pulau Pinang,,2025-03,3.1,,2.3b!R16C9
2.3b,share_pct,,Pulau Pinang,Pulau Pinang,,2025-04,-1.8,,2.3b!R16C10
2.3b,share_pct,,Pulau Pinang,Pulau Pinang,,2025-05,-1.5,,2.3b!R16C11
2.3b,share_pct,,Pulau Pinang,Pulau Pinang,,2025-06,0.9,,2.3b!R16C12
2.3b,share_pct,,Pulau Pinang,Pulau Pinang,,2025-07,-0.9,,2.3b!R16C13
2.3b,share_pct,,Pulau Pinang,Pulau Pinang,,2025-08,0.9,,2.3b!R16C14
2.3b,share_pct,,Pulau Pinang,Pulau Pinang,,2025-09,0.0,,2.3b!R16C15
2.3b,share_pct,,Pulau Pinang,Pulau Pinang,,2025-10,0.6,,2.3b!R16C16
2.3b,share_pct,,Pulau Pinang,Pulau Pinang,,2025-11,1.9,,2.3b!R16C17
2.3b,share_pct,,Pulau Pinang,Pulau Pinang,,2025-12,16.7,,2.3b!R16C18
2.3b,share_pct,,Pulau Pinang,Pulau Pinang,,2026-01,-9.090857142857134,,2.3b!R16C19
2.3b,share_pct,,Pulau Pinang,Pulau Pinang,,2026-02,-1.143056489682015,,2.3b!R16C20
2.3b,share_pct,,Pulau Pinang,Pulau Pinang,,2026-03,-2.6008997122828226,,2.3b!R16C21
2.3b,share_pct,,Perak,Perak,,2024-10,0.9,,2.3b!R17C4
2.3b,share_pct,,Perak,Perak,,2024-11,0.0,,2.3b!R17C5
2.3b,share_pct,,Perak,Perak,,2024-12,6.6,,2.3b!R17C6
2.3b,share_pct,,Perak,Perak,,2025-01,8.3,,2.3b!R17C7
2.3b,share_pct,,Perak,Perak,,2025-02,-8.4,,2.3b!R17C8
2.3b,share_pct,,Perak,Perak,,2025-03,0.8,,2.3b!R17C9
2.3b,share_pct,,Perak,Perak,,2025-04,-1.7,,2.3b!R17C10
2.3b,share_pct,,Perak,Perak,,2025-05,0.8,,2.3b!R17C11
2.3b,share_pct,,Perak,Perak,,2025-06,-0.3,,2.3b!R17C12
2.3b,share_pct,,Perak,Perak,,2025-07,1.1,,2.3b!R17C13
2.3b,share_pct,,Perak,Perak,,2025-08,0.0,,2.3b!R17C14
2.3b,share_pct,,Perak,Perak,,2025-09,0.0,,2.3b!R17C15
2.3b,share_pct,,Perak,Perak,,2025-10,0.0,,2.3b!R17C16
2.3b,share_pct,,Perak,Perak,,2025-11,0.0,,2.3b!R17C17
2.3b,share_pct,,Perak,Perak,,2025-12,4.5,,2.3b!R17C18
2.3b,share_pct,,Perak,Perak,,2026-01,5.533478260869562,,2.3b!R17C19
2.3b,share_pct,,Perak,Perak,,2026-02,-4.119854816316271,,2.3b!R17C20
2.3b,share_pct,,Perak,Perak,,2026-03,-1.1717591856552967,,2.3b!R17C21
2.3b,share_pct,,Perlis,Perlis,,2024-10,0.0,,2.3b!R18C4
2.3b,share_pct,,Perlis,Perlis,,2024-11,0.0,,2.3b!R18C5
2.3b,share_pct,,Perlis,Perlis,,2024-12,4.9,,2.3b!R18C6
2.3b,share_pct,,Perlis,Perlis,,2025-01,2.1,,2.3b!R18C7
2.3b,share_pct,,Perlis,Perlis,,2025-02,0.0,,2.3b!R18C8
2.3b,share_pct,,Perlis,Perlis,,2025-03,0.0,,2.3b!R18C9
2.3b,share_pct,,Perlis,Perlis,,2025-04,-1.0,,2.3b!R18C10
2.3b,share_pct,,Perlis,Perlis,,2025-05,1.0,,2.3b!R18C11
2.3b,share_pct,,Perlis,Perlis,,2025-06,0.0,,2.3b!R18C12
2.3b,share_pct,,Perlis,Perlis,,2025-07,0.0,,2.3b!R18C13
2.3b,share_pct,,Perlis,Perlis,,2025-08,0.0,,2.3b!R18C14
2.3b,share_pct,,Perlis,Perlis,,2025-09,0.0,,2.3b!R18C15
2.3b,share_pct,,Perlis,Perlis,,2025-10,0.0,,2.3b!R18C16
2.3b,share_pct,,Perlis,Perlis,,2025-11,0.0,,2.3b!R18C17
2.3b,share_pct,,Perlis,Perlis,,2025-12,3.5,,2.3b!R18C18
2.3b,share_pct,,Perlis,Perlis,,2026-01,0.9755102916872316,,2.3b!R18C19
2.3b,share_pct,,Perlis,Perlis,,2026-02,-1.4491290346579366,,2.3b!R18C20
2.3b,share_pct,,Perlis,Perlis,,2026-03,0.0,,2.3b!R18C21
2.3b,share_pct,,Selangor,Selangor,,2024-10,0.0,,2.3b!R19C4
2.3b,share_pct,,Selangor,Selangor,,2024-11,0.0,,2.3b!R19C5
2.3b,share_pct,,Selangor,Selangor,,2024-12,10.0,,2.3b!R19C6
2.3b,share_pct,,Selangor,Selangor,,2025-01,4.4,,2.3b!R19C7
2.3b,share_pct,,Selangor,Selangor,,2025-02,-8.7,,2.3b!R19C8
2.3b,share_pct,,Selangor,Selangor,,2025-03,4.9,,2.3b!R19C9
2.3b,share_pct,,Selangor,Selangor,,2025-04,-3.7,,2.3b!R19C10
2.3b,share_pct,,Selangor,Selangor,,2025-05,-2.4,,2.3b!R19C11
2.3b,share_pct,,Selangor,Selangor,,2025-06,1.5,,2.3b!R19C12
2.3b,share_pct,,Selangor,Selangor,,2025-07,-0.6,,2.3b!R19C13
2.3b,share_pct,,Selangor,Selangor,,2025-08,-0.9,,2.3b!R19C14
2.3b,share_pct,,Selangor,Selangor,,2025-09,0.9,,2.3b!R19C15
2.3b,share_pct,,Selangor,Selangor,,2025-10,0.6,,2.3b!R19C16
2.3b,share_pct,,Selangor,Selangor,,2025-11,0.0,,2.3b!R19C17
2.3b,share_pct,,Selangor,Selangor,,2025-12,8.1,,2.3b!R19C18
2.3b,share_pct,,Selangor,Selangor,,2026-01,0.8020588235294168,,2.3b!R19C19
2.3b,share_pct,,Selangor,Selangor,,2026-02,-1.326128376229474,,2.3b!R19C20
2.3b,share_pct,,Selangor,Selangor,,2026-03,1.881531246488577,,2.3b!R19C21
2.3b,share_pct,,Terengganu,Terengganu,,2024-10,0.0,,2.3b!R20C4
2.3b,share_pct,,Terengganu,Terengganu,,2024-11,0.0,,2.3b!R20C5
2.3b,share_pct,,Terengganu,Terengganu,,2024-12,5.0,,2.3b!R20C6
2.3b,share_pct,,Terengganu,Terengganu,,2025-01,-4.8,,2.3b!R20C7
2.3b,share_pct,,Terengganu,Terengganu,,2025-02,3.2,,2.3b!R20C8
2.3b,share_pct,,Terengganu,Terengganu,,2025-03,6.6,,2.3b!R20C9
2.3b,share_pct,,Terengganu,Terengganu,,2025-04,-4.5,,2.3b!R20C10
2.3b,share_pct,,Terengganu,Terengganu,,2025-05,0.0,,2.3b!R20C11
2.3b,share_pct,,Terengganu,Terengganu,,2025-06,0.0,,2.3b!R20C12
2.3b,share_pct,,Terengganu,Terengganu,,2025-07,0.0,,2.3b!R20C13
2.3b,share_pct,,Terengganu,Terengganu,,2025-08,0.0,,2.3b!R20C14
2.3b,share_pct,,Terengganu,Terengganu,,2025-09,0.0,,2.3b!R20C15
2.3b,share_pct,,Terengganu,Terengganu,,2025-10,-0.9,,2.3b!R20C16
2.3b,share_pct,,Terengganu,Terengganu,,2025-11,0.0,,2.3b!R20C17
2.3b,share_pct,,Terengganu,Terengganu,,2025-12,5.7,,2.3b!R20C18
2.3b,share_pct,,Terengganu,Terengganu,,2026-01,-4.545454545454541,,2.3b!R20C19
2.3b,share_pct,,Terengganu,Terengganu,,2026-02,3.0304761904761834,,2.3b!R20C20
2.3b,share_pct,,Terengganu,Terengganu,,2026-03,2.940877410290077,,2.3b!R20C21
2.3b,share_pct,,Sabah,Sabah,,2024-10,1.0,,2.3b!R21C4
2.3b,share_pct,,Sabah,Sabah,,2024-11,-1.0,,2.3b!R21C5
2.3b,share_pct,,Sabah,Sabah,,2024-12,6.3,,2.3b!R21C6
2.3b,share_pct,,Sabah,Sabah,,2025-01,2.3,,2.3b!R21C7
2.3b,share_pct,,Sabah,Sabah,,2025-02,-2.2,,2.3b!R21C8
2.3b,share_pct,,Sabah,Sabah,,2025-03,0.0,,2.3b!R21C9
2.3b,share_pct,,Sabah,Sabah,,2025-04,0.0,,2.3b!R21C10
2.3b,share_pct,,Sabah,Sabah,,2025-05,0.0,,2.3b!R21C11
2.3b,share_pct,,Sabah,Sabah,,2025-06,0.0,,2.3b!R21C12
2.3b,share_pct,,Sabah,Sabah,,2025-07,0.0,,2.3b!R21C13
2.3b,share_pct,,Sabah,Sabah,,2025-08,0.0,,2.3b!R21C14
2.3b,share_pct,,Sabah,Sabah,,2025-09,0.0,,2.3b!R21C15
2.3b,share_pct,,Sabah,Sabah,,2025-10,0.0,,2.3b!R21C16
2.3b,share_pct,,Sabah,Sabah,,2025-11,0.0,,2.3b!R21C17
2.3b,share_pct,,Sabah,Sabah,,2025-12,2.3,,2.3b!R21C18
2.3b,share_pct,,Sabah,Sabah,,2026-01,2.6668948153218075,,2.3b!R21C19
2.3b,share_pct,,Sabah,Sabah,,2026-02,0.0,,2.3b!R21C20
2.3b,share_pct,,Sabah,Sabah,,2026-03,-0.8657142857142808,,2.3b!R21C21
2.3b,share_pct,,Sarawak,Sarawak,,2024-10,0.0,,2.3b!R22C4
2.3b,share_pct,,Sarawak,Sarawak,,2024-11,0.0,,2.3b!R22C5
2.3b,share_pct,,Sarawak,Sarawak,,2024-12,6.6,,2.3b!R22C6
2.3b,share_pct,,Sarawak,Sarawak,,2025-01,8.3,,2.3b!R22C7
2.3b,share_pct,,Sarawak,Sarawak,,2025-02,-8.4,,2.3b!R22C8
2.3b,share_pct,,Sarawak,Sarawak,,2025-03,2.1,,2.3b!R22C9
2.3b,share_pct,,Sarawak,Sarawak,,2025-04,-2.0,,2.3b!R22C10
2.3b,share_pct,,Sarawak,Sarawak,,2025-05,2.1,,2.3b!R22C11
2.3b,share_pct,,Sarawak,Sarawak,,2025-06,-1.2,,2.3b!R22C12
2.3b,share_pct,,Sarawak,Sarawak,,2025-07,0.0,,2.3b!R22C13
2.3b,share_pct,,Sarawak,Sarawak,,2025-08,0.0,,2.3b!R22C14
2.3b,share_pct,,Sarawak,Sarawak,,2025-09,0.0,,2.3b!R22C15
2.3b,share_pct,,Sarawak,Sarawak,,2025-10,0.0,,2.3b!R22C16
2.3b,share_pct,,Sarawak,Sarawak,,2025-11,-0.8,,2.3b!R22C17
2.3b,share_pct,,Sarawak,Sarawak,,2025-12,5.4,,2.3b!R22C18
2.3b,share_pct,,Sarawak,Sarawak,,2026-01,4.347826086956519,,2.3b!R22C19
2.3b,share_pct,,Sarawak,Sarawak,,2026-02,-2.272916666666669,,2.3b!R22C20
2.3b,share_pct,,Sarawak,Sarawak,,2026-03,-1.9377944530900137,,2.3b!R22C21
2.3b,share_pct,,W.P. Kuala Lumpur,W.P. Kuala Lumpur,,2024-10,0.9,,2.3b!R23C4
2.3b,share_pct,,W.P. Kuala Lumpur,W.P. Kuala Lumpur,,2024-11,-0.8,,2.3b!R23C5
2.3b,share_pct,,W.P. Kuala Lumpur,W.P. Kuala Lumpur,,2024-12,5.9,,2.3b!R23C6
2.3b,share_pct,,W.P. Kuala Lumpur,W.P. Kuala Lumpur,,2025-01,4.8,,2.3b!R23C7
2.3b,share_pct,,W.P. Kuala Lumpur,W.P. Kuala Lumpur,,2025-02,-5.8,,2.3b!R23C8
2.3b,share_pct,,W.P. Kuala Lumpur,W.P. Kuala Lumpur,,2025-03,7.2,,2.3b!R23C9
2.3b,share_pct,,W.P. Kuala Lumpur,W.P. Kuala Lumpur,,2025-04,-5.5,,2.3b!R23C10
2.3b,share_pct,,W.P. Kuala Lumpur,W.P. Kuala Lumpur,,2025-05,-3.2,,2.3b!R23C11
2.3b,share_pct,,W.P. Kuala Lumpur,W.P. Kuala Lumpur,,2025-06,0.0,,2.3b!R23C12
2.3b,share_pct,,W.P. Kuala Lumpur,W.P. Kuala Lumpur,,2025-07,0.9,,2.3b!R23C13
2.3b,share_pct,,W.P. Kuala Lumpur,W.P. Kuala Lumpur,,2025-08,-0.9,,2.3b!R23C14
2.3b,share_pct,,W.P. Kuala Lumpur,W.P. Kuala Lumpur,,2025-09,0.0,,2.3b!R23C15
2.3b,share_pct,,W.P. Kuala Lumpur,W.P. Kuala Lumpur,,2025-10,0.4,,2.3b!R23C16
2.3b,share_pct,,W.P. Kuala Lumpur,W.P. Kuala Lumpur,,2025-11,0.4,,2.3b!R23C17
2.3b,share_pct,,W.P. Kuala Lumpur,W.P. Kuala Lumpur,,2025-12,7.1,,2.3b!R23C18
2.3b,share_pct,,W.P. Kuala Lumpur,W.P. Kuala Lumpur,,2026-01,-0.6210557720381371,,2.3b!R23C19
2.3b,share_pct,,W.P. Kuala Lumpur,W.P. Kuala Lumpur,,2026-02,3.1249140625716043,,2.3b!R23C20
2.3b,share_pct,,W.P. Kuala Lumpur,W.P. Kuala Lumpur,,2026-03,0.6060000000000176,,2.3b!R23C21
2.3b,share_pct,,W.P. Labuan,W.P. Labuan,,2024-10,0.0,,2.3b!R24C4
2.3b,share_pct,,W.P. Labuan,W.P. Labuan,,2024-11,0.0,,2.3b!R24C5
2.3b,share_pct,,W.P. Labuan,W.P. Labuan,,2024-12,24.1,,2.3b!R24C6
2.3b,share_pct,,W.P. Labuan,W.P. Labuan,,2025-01,-12.8,,2.3b!R24C7
2.3b,share_pct,,W.P. Labuan,W.P. Labuan,,2025-02,-3.8,,2.3b!R24C8
2.3b,share_pct,,W.P. Labuan,W.P. Labuan,,2025-03,0.9,,2.3b!R24C9
2.3b,share_pct,,W.P. Labuan,W.P. Labuan,,2025-04,-1.7,,2.3b!R24C10
2.3b,share_pct,,W.P. Labuan,W.P. Labuan,,2025-05,1.8,,2.3b!R24C11
2.3b,share_pct,,W.P. Labuan,W.P. Labuan,,2025-06,0.0,,2.3b!R24C12
2.3b,share_pct,,W.P. Labuan,W.P. Labuan,,2025-07,0.0,,2.3b!R24C13
2.3b,share_pct,,W.P. Labuan,W.P. Labuan,,2025-08,-0.9,,2.3b!R24C14
2.3b,share_pct,,W.P. Labuan,W.P. Labuan,,2025-09,0.0,,2.3b!R24C15
2.3b,share_pct,,W.P. Labuan,W.P. Labuan,,2025-10,0.9,,2.3b!R24C16
2.3b,share_pct,,W.P. Labuan,W.P. Labuan,,2025-11,0.0,,2.3b!R24C17
2.3b,share_pct,,W.P. Labuan,W.P. Labuan,,2025-12,13.4,,2.3b!R24C18
2.3b,share_pct,,W.P. Labuan,W.P. Labuan,,2026-01,0.7632818600901814,,2.3b!R24C19
2.3b,share_pct,,W.P. Labuan,W.P. Labuan,,2026-02,-7.197083333333332,,2.3b!R24C20
2.3b,share_pct,,W.P. Labuan,W.P. Labuan,,2026-03,-1.2243688461659352,,2.3b!R24C21
2.3b,share_pct,,W.P. Putrajaya,W.P. Putrajaya,,2024-10,-0.7,,2.3b!R25C4
2.3b,share_pct,,W.P. Putrajaya,W.P. Putrajaya,,2024-11,0.0,,2.3b!R25C5
2.3b,share_pct,,W.P. Putrajaya,W.P. Putrajaya,,2024-12,1.8,,2.3b!R25C6
2.3b,share_pct,,W.P. Putrajaya,W.P. Putrajaya,,2025-01,2.9,,2.3b!R25C7
2.3b,share_pct,,W.P. Putrajaya,W.P. Putrajaya,,2025-02,0.0,,2.3b!R25C8
2.3b,share_pct,,W.P. Putrajaya,W.P. Putrajaya,,2025-03,11.5,,2.3b!R25C9
2.3b,share_pct,,W.P. Putrajaya,W.P. Putrajaya,,2025-04,-11.6,,2.3b!R25C10
2.3b,share_pct,,W.P. Putrajaya,W.P. Putrajaya,,2025-05,-0.7,,2.3b!R25C11
2.3b,share_pct,,W.P. Putrajaya,W.P. Putrajaya,,2025-06,0.7,,2.3b!R25C12
2.3b,share_pct,,W.P. Putrajaya,W.P. Putrajaya,,2025-07,0.0,,2.3b!R25C13
2.3b,share_pct,,W.P. Putrajaya,W.P. Putrajaya,,2025-08,0.0,,2.3b!R25C14
2.3b,share_pct,,W.P. Putrajaya,W.P. Putrajaya,,2025-09,0.0,,2.3b!R25C15
2.3b,share_pct,,W.P. Putrajaya,W.P. Putrajaya,,2025-10,1.4,,2.3b!R25C16
2.3b,share_pct,,W.P. Putrajaya,W.P. Putrajaya,,2025-11,-0.7,,2.3b!R25C17
2.3b,share_pct,,W.P. Putrajaya,W.P. Putrajaya,,2025-12,0.0,,2.3b!R25C18
2.3b,share_pct,,W.P. Putrajaya,W.P. Putrajaya,,2026-01,6.33777722691744,,2.3b!R25C19
2.3b,share_pct,,W.P. Putrajaya,W.P. Putrajaya,,2026-02,-0.6621865267988802,,2.3b!R25C20
2.3b,share_pct,,W.P. Putrajaya,W.P. Putrajaya,,2026-03,10.000110000110007,,2.3b!R25C21
2.3c,mom_pct,,Malaysia,Total,,2024-10,6.3,,2.3c!R9C4
2.3c,mom_pct,,Malaysia,Total,,2024-11,6.3,,2.3c!R9C5
2.3c,mom_pct,,Malaysia,Total,,2024-12,5.0,,2.3c!R9C6
2.3c,mom_pct,,Malaysia,Total,,2025-01,4.0,,2.3c!R9C7
2.3c,mom_pct,,Malaysia,Total,,2025-02,3.3,,2.3c!R9C8
2.3c,mom_pct,,Malaysia,Total,,2025-03,5.5,,2.3c!R9C9
2.3c,mom_pct,,Malaysia,Total,,2025-04,3.6,,2.3c!R9C10
2.3c,mom_pct,,Malaysia,Total,,2025-05,5.4,,2.3c!R9C11
2.3c,mom_pct,,Malaysia,Total,,2025-06,4.3,,2.3c!R9C12
2.3c,mom_pct,,Malaysia,Total,,2025-07,4.3,,2.3c!R9C13
2.3c,mom_pct,,Malaysia,Total,,2025-08,4.3,,2.3c!R9C14
2.3c,mom_pct,,Malaysia,Total,,2025-09,4.3,,2.3c!R9C15
2.3c,mom_pct,,Malaysia,Total,,2025-10,4.3,,2.3c!R9C16
2.3c,mom_pct,,Malaysia,Total,,2025-11,4.3,,2.3c!R9C17
2.3c,mom_pct,,Malaysia,Total,,2025-12,4.0,,2.3c!R9C18
2.3c,mom_pct,,Malaysia,Total,,2026-01,0.29637947017273625,,2.3c!R9C19
2.3c,mom_pct,,Malaysia,Total,,2026-02,5.296347826086967,,2.3c!R9C20
2.3c,mom_pct,,Malaysia,Total,,2026-03,0.9090000000000042,,2.3c!R9C21
2.3c,mom_pct,,Johor,Johor,,2024-10,3.0,,2.3c!R10C4
2.3c,mom_pct,,Johor,Johor,,2024-11,4.2,,2.3c!R10C5
2.3c,mom_pct,,Johor,Johor,,2024-12,5.8,,2.3c!R10C6
2.3c,mom_pct,,Johor,Johor,,2025-01,8.4,,2.3c!R10C7
2.3c,mom_pct,,Johor,Johor,,2025-02,4.0,,2.3c!R10C8
2.3c,mom_pct,,Johor,Johor,,2025-03,6.3,,2.3c!R10C9
2.3c,mom_pct,,Johor,Johor,,2025-04,4.0,,2.3c!R10C10
2.3c,mom_pct,,Johor,Johor,,2025-05,4.0,,2.3c!R10C11
2.3c,mom_pct,,Johor,Johor,,2025-06,4.0,,2.3c!R10C12
2.3c,mom_pct,,Johor,Johor,,2025-07,4.0,,2.3c!R10C13
2.3c,mom_pct,,Johor,Johor,,2025-08,4.0,,2.3c!R10C14
2.3c,mom_pct,,Johor,Johor,,2025-09,4.0,,2.3c!R10C15
2.3c,mom_pct,,Johor,Johor,,2025-10,4.0,,2.3c!R10C16
2.3c,mom_pct,,Johor,Johor,,2025-11,4.0,,2.3c!R10C17
2.3c,mom_pct,,Johor,Johor,,2025-12,5.5,,2.3c!R10C18
2.3c,mom_pct,,Johor,Johor,,2026-01,-0.9315847188677506,,2.3c!R10C19
2.3c,mom_pct,,Johor,Johor,,2026-02,10.839230769230767,,2.3c!R10C20
2.3c,mom_pct,,Johor,Johor,,2026-03,1.9869238194103023,,2.3c!R10C21
2.3c,mom_pct,,Kedah,Kedah,,2024-10,3.6,,2.3c!R11C4
2.3c,mom_pct,,Kedah,Kedah,,2024-11,4.0,,2.3c!R11C5
2.3c,mom_pct,,Kedah,Kedah,,2024-12,3.2,,2.3c!R11C6
2.3c,mom_pct,,Kedah,Kedah,,2025-01,4.1,,2.3c!R11C7
2.3c,mom_pct,,Kedah,Kedah,,2025-02,1.9,,2.3c!R11C8
2.3c,mom_pct,,Kedah,Kedah,,2025-03,6.9,,2.3c!R11C9
2.3c,mom_pct,,Kedah,Kedah,,2025-04,3.8,,2.3c!R11C10
2.3c,mom_pct,,Kedah,Kedah,,2025-05,5.3,,2.3c!R11C11
2.3c,mom_pct,,Kedah,Kedah,,2025-06,5.3,,2.3c!R11C12
2.3c,mom_pct,,Kedah,Kedah,,2025-07,4.2,,2.3c!R11C13
2.3c,mom_pct,,Kedah,Kedah,,2025-08,5.3,,2.3c!R11C14
2.3c,mom_pct,,Kedah,Kedah,,2025-09,3.8,,2.3c!R11C15
2.3c,mom_pct,,Kedah,Kedah,,2025-10,3.6,,2.3c!R11C16
2.3c,mom_pct,,Kedah,Kedah,,2025-11,5.3,,2.3c!R11C17
2.3c,mom_pct,,Kedah,Kedah,,2025-12,4.8,,2.3c!R11C18
2.3c,mom_pct,,Kedah,Kedah,,2026-01,1.7619352212595363,,2.3c!R11C19
2.3c,mom_pct,,Kedah,Kedah,,2026-02,5.000000000000004,,2.3c!R11C20
2.3c,mom_pct,,Kedah,Kedah,,2026-03,0.0,,2.3c!R11C21
2.3c,mom_pct,,Kelantan,Kelantan,,2024-10,4.0,,2.3c!R12C4
2.3c,mom_pct,,Kelantan,Kelantan,,2024-11,1.7,,2.3c!R12C5
2.3c,mom_pct,,Kelantan,Kelantan,,2024-12,4.0,,2.3c!R12C6
2.3c,mom_pct,,Kelantan,Kelantan,,2025-01,3.3,,2.3c!R12C7
2.3c,mom_pct,,Kelantan,Kelantan,,2025-02,6.1,,2.3c!R12C8
2.3c,mom_pct,,Kelantan,Kelantan,,2025-03,9.4,,2.3c!R12C9
2.3c,mom_pct,,Kelantan,Kelantan,,2025-04,9.1,,2.3c!R12C10
2.3c,mom_pct,,Kelantan,Kelantan,,2025-05,8.3,,2.3c!R12C11
2.3c,mom_pct,,Kelantan,Kelantan,,2025-06,7.2,,2.3c!R12C12
2.3c,mom_pct,,Kelantan,Kelantan,,2025-07,8.4,,2.3c!R12C13
2.3c,mom_pct,,Kelantan,Kelantan,,2025-08,7.2,,2.3c!R12C14
2.3c,mom_pct,,Kelantan,Kelantan,,2025-09,7.0,,2.3c!R12C15
2.3c,mom_pct,,Kelantan,Kelantan,,2025-10,7.1,,2.3c!R12C16
2.3c,mom_pct,,Kelantan,Kelantan,,2025-11,8.4,,2.3c!R12C17
2.3c,mom_pct,,Kelantan,Kelantan,,2025-12,8.2,,2.3c!R12C18
2.3c,mom_pct,,Kelantan,Kelantan,,2026-01,5.882352941176472,,2.3c!R12C19
2.3c,mom_pct,,Kelantan,Kelantan,,2026-02,4.210690858985577,,2.3c!R12C20
2.3c,mom_pct,,Kelantan,Kelantan,,2026-03,1.5149999999999997,,2.3c!R12C21
2.3c,mom_pct,,Melaka,Melaka,,2024-10,1.9,,2.3c!R13C4
2.3c,mom_pct,,Melaka,Melaka,,2024-11,4.2,,2.3c!R13C5
2.3c,mom_pct,,Melaka,Melaka,,2024-12,1.7,,2.3c!R13C6
2.3c,mom_pct,,Melaka,Melaka,,2025-01,7.0,,2.3c!R13C7
2.3c,mom_pct,,Melaka,Melaka,,2025-02,4.2,,2.3c!R13C8
2.3c,mom_pct,,Melaka,Melaka,,2025-03,4.0,,2.3c!R13C9
2.3c,mom_pct,,Melaka,Melaka,,2025-04,4.2,,2.3c!R13C10
2.3c,mom_pct,,Melaka,Melaka,,2025-05,5.0,,2.3c!R13C11
2.3c,mom_pct,,Melaka,Melaka,,2025-06,3.3,,2.3c!R13C12
2.3c,mom_pct,,Melaka,Melaka,,2025-07,4.2,,2.3c!R13C13
2.3c,mom_pct,,Melaka,Melaka,,2025-08,4.2,,2.3c!R13C14
2.3c,mom_pct,,Melaka,Melaka,,2025-09,4.2,,2.3c!R13C15
2.3c,mom_pct,,Melaka,Melaka,,2025-10,4.0,,2.3c!R13C16
2.3c,mom_pct,,Melaka,Melaka,,2025-11,2.5,,2.3c!R13C17
2.3c,mom_pct,,Melaka,Melaka,,2025-12,5.0,,2.3c!R13C18
2.3c,mom_pct,,Melaka,Melaka,,2026-01,-0.6733333333333258,,2.3c!R13C19
2.3c,mom_pct,,Melaka,Melaka,,2026-02,8.000000000000007,,2.3c!R13C20
2.3c,mom_pct,,Melaka,Melaka,,2026-03,2.4476923076923063,,2.3c!R13C21
2.3c,mom_pct,,Negeri Sembilan,Negeri Sembilan,,2024-10,5.2,,2.3c!R14C4
2.3c,mom_pct,,Negeri Sembilan,Negeri Sembilan,,2024-11,3.6,,2.3c!R14C5
2.3c,mom_pct,,Negeri Sembilan,Negeri Sembilan,,2024-12,2.6,,2.3c!R14C6
2.3c,mom_pct,,Negeri Sembilan,Negeri Sembilan,,2025-01,4.0,,2.3c!R14C7
2.3c,mom_pct,,Negeri Sembilan,Negeri Sembilan,,2025-02,6.6,,2.3c!R14C8
2.3c,mom_pct,,Negeri Sembilan,Negeri Sembilan,,2025-03,4.0,,2.3c!R14C9
2.3c,mom_pct,,Negeri Sembilan,Negeri Sembilan,,2025-04,5.0,,2.3c!R14C10
2.3c,mom_pct,,Negeri Sembilan,Negeri Sembilan,,2025-05,5.0,,2.3c!R14C11
2.3c,mom_pct,,Negeri Sembilan,Negeri Sembilan,,2025-06,4.2,,2.3c!R14C12
2.3c,mom_pct,,Negeri Sembilan,Negeri Sembilan,,2025-07,5.0,,2.3c!R14C13
2.3c,mom_pct,,Negeri Sembilan,Negeri Sembilan,,2025-08,5.0,,2.3c!R14C14
2.3c,mom_pct,,Negeri Sembilan,Negeri Sembilan,,2025-09,5.0,,2.3c!R14C15
2.3c,mom_pct,,Negeri Sembilan,Negeri Sembilan,,2025-10,5.0,,2.3c!R14C16
2.3c,mom_pct,,Negeri Sembilan,Negeri Sembilan,,2025-11,5.8,,2.3c!R14C17
2.3c,mom_pct,,Negeri Sembilan,Negeri Sembilan,,2025-12,4.6,,2.3c!R14C18
2.3c,mom_pct,,Negeri Sembilan,Negeri Sembilan,,2026-01,1.7480769230769244,,2.3c!R14C19
2.3c,mom_pct,,Negeri Sembilan,Negeri Sembilan,,2026-02,4.761828013312797,,2.3c!R14C20
2.3c,mom_pct,,Negeri Sembilan,Negeri Sembilan,,2026-03,1.7480769230769244,,2.3c!R14C21
2.3c,mom_pct,,Pahang,Pahang,,2024-10,5.0,,2.3c!R15C4
2.3c,mom_pct,,Pahang,Pahang,,2024-11,4.1,,2.3c!R15C5
2.3c,mom_pct,,Pahang,Pahang,,2024-12,5.7,,2.3c!R15C6
2.3c,mom_pct,,Pahang,Pahang,,2025-01,9.1,,2.3c!R15C7
2.3c,mom_pct,,Pahang,Pahang,,2025-02,5.7,,2.3c!R15C8
2.3c,mom_pct,,Pahang,Pahang,,2025-03,8.5,,2.3c!R15C9
2.3c,mom_pct,,Pahang,Pahang,,2025-04,4.8,,2.3c!R15C10
2.3c,mom_pct,,Pahang,Pahang,,2025-05,7.0,,2.3c!R15C11
2.3c,mom_pct,,Pahang,Pahang,,2025-06,6.9,,2.3c!R15C12
2.3c,mom_pct,,Pahang,Pahang,,2025-07,6.1,,2.3c!R15C13
2.3c,mom_pct,,Pahang,Pahang,,2025-08,5.7,,2.3c!R15C14
2.3c,mom_pct,,Pahang,Pahang,,2025-09,7.0,,2.3c!R15C15
2.3c,mom_pct,,Pahang,Pahang,,2025-10,6.1,,2.3c!R15C16
2.3c,mom_pct,,Pahang,Pahang,,2025-11,5.7,,2.3c!R15C17
2.3c,mom_pct,,Pahang,Pahang,,2025-12,4.5,,2.3c!R15C18
2.3c,mom_pct,,Pahang,Pahang,,2026-01,2.380713340986773,,2.3c!R15C19
2.3c,mom_pct,,Pahang,Pahang,,2026-02,4.545454545454541,,2.3c!R15C20
2.3c,mom_pct,,Pahang,Pahang,,2026-03,3.1251208497510063,,2.3c!R15C21
2.3c,mom_pct,,Pulau Pinang,Pulau Pinang,,2024-10,4.7,,2.3c!R16C4
2.3c,mom_pct,,Pulau Pinang,Pulau Pinang,,2024-11,7.5,,2.3c!R16C5
2.3c,mom_pct,,Pulau Pinang,Pulau Pinang,,2024-12,4.2,,2.3c!R16C6
2.3c,mom_pct,,Pulau Pinang,Pulau Pinang,,2025-01,8.8,,2.3c!R16C7
2.3c,mom_pct,,Pulau Pinang,Pulau Pinang,,2025-02,1.6,,2.3c!R16C8
2.3c,mom_pct,,Pulau Pinang,Pulau Pinang,,2025-03,6.1,,2.3c!R16C9
2.3c,mom_pct,,Pulau Pinang,Pulau Pinang,,2025-04,5.2,,2.3c!R16C10
2.3c,mom_pct,,Pulau Pinang,Pulau Pinang,,2025-05,3.6,,2.3c!R16C11
2.3c,mom_pct,,Pulau Pinang,Pulau Pinang,,2025-06,4.5,,2.3c!R16C12
2.3c,mom_pct,,Pulau Pinang,Pulau Pinang,,2025-07,3.6,,2.3c!R16C13
2.3c,mom_pct,,Pulau Pinang,Pulau Pinang,,2025-08,4.5,,2.3c!R16C14
2.3c,mom_pct,,Pulau Pinang,Pulau Pinang,,2025-09,4.5,,2.3c!R16C15
2.3c,mom_pct,,Pulau Pinang,Pulau Pinang,,2025-10,4.2,,2.3c!R16C16
2.3c,mom_pct,,Pulau Pinang,Pulau Pinang,,2025-11,4.1,,2.3c!R16C17
2.3c,mom_pct,,Pulau Pinang,Pulau Pinang,,2025-12,3.5,,2.3c!R16C18
2.3c,mom_pct,,Pulau Pinang,Pulau Pinang,,2026-01,-3.5812121212121184,,2.3c!R16C19
2.3c,mom_pct,,Pulau Pinang,Pulau Pinang,,2026-02,8.124877539024222,,2.3c!R16C20
2.3c,mom_pct,,Pulau Pinang,Pulau Pinang,,2026-03,2.1213333333333306,,2.3c!R16C21
2.3c,mom_pct,,Perak,Perak,,2024-10,3.2,,2.3c!R17C4
2.3c,mom_pct,,Perak,Perak,,2024-11,3.2,,2.3c!R17C5
2.3c,mom_pct,,Perak,Perak,,2024-12,5.7,,2.3c!R17C6
2.3c,mom_pct,,Perak,Perak,,2025-01,8.3,,2.3c!R17C7
2.3c,mom_pct,,Perak,Perak,,2025-02,5.7,,2.3c!R17C8
2.3c,mom_pct,,Perak,Perak,,2025-03,5.7,,2.3c!R17C9
2.3c,mom_pct,,Perak,Perak,,2025-04,5.8,,2.3c!R17C10
2.3c,mom_pct,,Perak,Perak,,2025-05,6.7,,2.3c!R17C11
2.3c,mom_pct,,Perak,Perak,,2025-06,7.3,,2.3c!R17C12
2.3c,mom_pct,,Perak,Perak,,2025-07,7.6,,2.3c!R17C13
2.3c,mom_pct,,Perak,Perak,,2025-08,7.6,,2.3c!R17C14
2.3c,mom_pct,,Perak,Perak,,2025-09,7.6,,2.3c!R17C15
2.3c,mom_pct,,Perak,Perak,,2025-10,6.6,,2.3c!R17C16
2.3c,mom_pct,,Perak,Perak,,2025-11,6.6,,2.3c!R17C17
2.3c,mom_pct,,Perak,Perak,,2025-12,4.5,,2.3c!R17C18
2.3c,mom_pct,,Perak,Perak,,2026-01,1.9082046502254535,,2.3c!R17C19
2.3c,mom_pct,,Perak,Perak,,2026-02,6.666452777956011,,2.3c!R17C20
2.3c,mom_pct,,Perak,Perak,,2026-03,4.545454545454541,,2.3c!R17C21
2.3c,mom_pct,,Perlis,Perlis,,2024-10,3.4,,2.3c!R18C4
2.3c,mom_pct,,Perlis,Perlis,,2024-11,3.4,,2.3c!R18C5
2.3c,mom_pct,,Perlis,Perlis,,2024-12,3.7,,2.3c!R18C6
2.3c,mom_pct,,Perlis,Perlis,,2025-01,5.9,,2.3c!R18C7
2.3c,mom_pct,,Perlis,Perlis,,2025-02,7.0,,2.3c!R18C8
2.3c,mom_pct,,Perlis,Perlis,,2025-03,7.0,,2.3c!R18C9
2.3c,mom_pct,,Perlis,Perlis,,2025-04,4.8,,2.3c!R18C10
2.3c,mom_pct,,Perlis,Perlis,,2025-05,7.0,,2.3c!R18C11
2.3c,mom_pct,,Perlis,Perlis,,2025-06,7.0,,2.3c!R18C12
2.3c,mom_pct,,Perlis,Perlis,,2025-07,7.0,,2.3c!R18C13
2.3c,mom_pct,,Perlis,Perlis,,2025-08,7.0,,2.3c!R18C14
2.3c,mom_pct,,Perlis,Perlis,,2025-09,7.0,,2.3c!R18C15
2.3c,mom_pct,,Perlis,Perlis,,2025-10,7.0,,2.3c!R18C16
2.3c,mom_pct,,Perlis,Perlis,,2025-11,7.0,,2.3c!R18C17
2.3c,mom_pct,,Perlis,Perlis,,2025-12,5.7,,2.3c!R18C18
2.3c,mom_pct,,Perlis,Perlis,,2026-01,4.545555555555558,,2.3c!R18C19
2.3c,mom_pct,,Perlis,Perlis,,2026-02,3.0305555555555586,,2.3c!R18C20
2.3c,mom_pct,,Perlis,Perlis,,2026-03,3.0305555555555586,,2.3c!R18C21
2.3c,mom_pct,,Selangor,Selangor,,2024-10,1.9,,2.3c!R19C4
2.3c,mom_pct,,Selangor,Selangor,,2024-11,1.2,,2.3c!R19C5
2.3c,mom_pct,,Selangor,Selangor,,2024-12,4.3,,2.3c!R19C6
2.3c,mom_pct,,Selangor,Selangor,,2025-01,6.2,,2.3c!R19C7
2.3c,mom_pct,,Selangor,Selangor,,2025-02,3.9,,2.3c!R19C8
2.3c,mom_pct,,Selangor,Selangor,,2025-03,4.3,,2.3c!R19C9
2.3c,mom_pct,,Selangor,Selangor,,2025-04,3.7,,2.3c!R19C10
2.3c,mom_pct,,Selangor,Selangor,,2025-05,3.3,,2.3c!R19C11
2.3c,mom_pct,,Selangor,Selangor,,2025-06,4.8,,2.3c!R19C12
2.3c,mom_pct,,Selangor,Selangor,,2025-07,4.2,,2.3c!R19C13
2.3c,mom_pct,,Selangor,Selangor,,2025-08,3.3,,2.3c!R19C14
2.3c,mom_pct,,Selangor,Selangor,,2025-09,4.2,,2.3c!R19C15
2.3c,mom_pct,,Selangor,Selangor,,2025-10,4.8,,2.3c!R19C16
2.3c,mom_pct,,Selangor,Selangor,,2025-11,4.8,,2.3c!R19C17
2.3c,mom_pct,,Selangor,Selangor,,2025-12,3.0,,2.3c!R19C18
2.3c,mom_pct,,Selangor,Selangor,,2026-01,-0.5276524111509362,,2.3c!R19C19
2.3c,mom_pct,,Selangor,Selangor,,2026-02,7.514664038531849,,2.3c!R19C20
2.3c,mom_pct,,Selangor,Selangor,,2026-03,4.407575757575755,,2.3c!R19C21
2.3c,mom_pct,,Terengganu,Terengganu,,2024-10,5.3,,2.3c!R20C4
2.3c,mom_pct,,Terengganu,Terengganu,,2024-11,5.3,,2.3c!R20C5
2.3c,mom_pct,,Terengganu,Terengganu,,2024-12,5.0,,2.3c!R20C6
2.3c,mom_pct,,Terengganu,Terengganu,,2025-01,0.9,,2.3c!R20C7
2.3c,mom_pct,,Terengganu,Terengganu,,2025-02,3.2,,2.3c!R20C8
2.3c,mom_pct,,Terengganu,Terengganu,,2025-03,10.0,,2.3c!R20C9
2.3c,mom_pct,,Terengganu,Terengganu,,2025-04,6.0,,2.3c!R20C10
2.3c,mom_pct,,Terengganu,Terengganu,,2025-05,5.0,,2.3c!R20C11
2.3c,mom_pct,,Terengganu,Terengganu,,2025-06,5.0,,2.3c!R20C12
2.3c,mom_pct,,Terengganu,Terengganu,,2025-07,5.0,,2.3c!R20C13
2.3c,mom_pct,,Terengganu,Terengganu,,2025-08,5.0,,2.3c!R20C14
2.3c,mom_pct,,Terengganu,Terengganu,,2025-09,5.0,,2.3c!R20C15
2.3c,mom_pct,,Terengganu,Terengganu,,2025-10,4.1,,2.3c!R20C16
2.3c,mom_pct,,Terengganu,Terengganu,,2025-11,4.1,,2.3c!R20C17
2.3c,mom_pct,,Terengganu,Terengganu,,2025-12,4.8,,2.3c!R20C18
2.3c,mom_pct,,Terengganu,Terengganu,,2026-01,5.000000000000004,,2.3c!R20C19
2.3c,mom_pct,,Terengganu,Terengganu,,2026-02,4.845806439107592,,2.3c!R20C20
2.3c,mom_pct,,Terengganu,Terengganu,,2026-03,1.2395454545454543,,2.3c!R20C21
2.3c,mom_pct,,Sabah,Sabah,,2024-10,5.6,,2.3c!R21C4
2.3c,mom_pct,,Sabah,Sabah,,2024-11,4.5,,2.3c!R21C5
2.3c,mom_pct,,Sabah,Sabah,,2024-12,6.3,,2.3c!R21C6
2.3c,mom_pct,,Sabah,Sabah,,2025-01,5.1,,2.3c!R21C7
2.3c,mom_pct,,Sabah,Sabah,,2025-02,6.3,,2.3c!R21C8
2.3c,mom_pct,,Sabah,Sabah,,2025-03,6.3,,2.3c!R21C9
2.3c,mom_pct,,Sabah,Sabah,,2025-04,6.3,,2.3c!R21C10
2.3c,mom_pct,,Sabah,Sabah,,2025-05,6.3,,2.3c!R21C11
2.3c,mom_pct,,Sabah,Sabah,,2025-06,7.3,,2.3c!R21C12
2.3c,mom_pct,,Sabah,Sabah,,2025-07,6.3,,2.3c!R21C13
2.3c,mom_pct,,Sabah,Sabah,,2025-08,6.3,,2.3c!R21C14
2.3c,mom_pct,,Sabah,Sabah,,2025-09,6.3,,2.3c!R21C15
2.3c,mom_pct,,Sabah,Sabah,,2025-10,5.3,,2.3c!R21C16
2.3c,mom_pct,,Sabah,Sabah,,2025-11,6.3,,2.3c!R21C17
2.3c,mom_pct,,Sabah,Sabah,,2025-12,2.3,,2.3c!R21C18
2.3c,mom_pct,,Sabah,Sabah,,2026-01,2.6668948153218075,,2.3c!R21C19
2.3c,mom_pct,,Sabah,Sabah,,2026-02,5.000000000000004,,2.3c!R21C20
2.3c,mom_pct,,Sabah,Sabah,,2026-03,4.091,,2.3c!R21C21
2.3c,mom_pct,,Sarawak,Sarawak,,2024-10,3.2,,2.3c!R22C4
2.3c,mom_pct,,Sarawak,Sarawak,,2024-11,3.2,,2.3c!R22C5
2.3c,mom_pct,,Sarawak,Sarawak,,2024-12,4.8,,2.3c!R22C6
2.3c,mom_pct,,Sarawak,Sarawak,,2025-01,8.3,,2.3c!R22C7
2.3c,mom_pct,,Sarawak,Sarawak,,2025-02,5.7,,2.3c!R22C8
2.3c,mom_pct,,Sarawak,Sarawak,,2025-03,7.9,,2.3c!R22C9
2.3c,mom_pct,,Sarawak,Sarawak,,2025-04,6.7,,2.3c!R22C10
2.3c,mom_pct,,Sarawak,Sarawak,,2025-05,7.0,,2.3c!R22C11
2.3c,mom_pct,,Sarawak,Sarawak,,2025-06,7.6,,2.3c!R22C12
2.3c,mom_pct,,Sarawak,Sarawak,,2025-07,6.6,,2.3c!R22C13
2.3c,mom_pct,,Sarawak,Sarawak,,2025-08,7.6,,2.3c!R22C14
2.3c,mom_pct,,Sarawak,Sarawak,,2025-09,6.6,,2.3c!R22C15
2.3c,mom_pct,,Sarawak,Sarawak,,2025-10,6.6,,2.3c!R22C16
2.3c,mom_pct,,Sarawak,Sarawak,,2025-11,5.7,,2.3c!R22C17
2.3c,mom_pct,,Sarawak,Sarawak,,2025-12,4.5,,2.3c!R22C18
2.3c,mom_pct,,Sarawak,Sarawak,,2026-01,0.7632818600901814,,2.3c!R22C19
2.3c,mom_pct,,Sarawak,Sarawak,,2026-02,7.499702083581572,,2.3c!R22C20
2.3c,mom_pct,,Sarawak,Sarawak,,2026-03,3.265432569917426,,2.3c!R22C21
2.3c,mom_pct,,W.P. Kuala Lumpur,W.P. Kuala Lumpur,,2024-10,5.3,,2.3c!R23C4
2.3c,mom_pct,,W.P. Kuala Lumpur,W.P. Kuala Lumpur,,2024-11,4.4,,2.3c!R23C5
2.3c,mom_pct,,W.P. Kuala Lumpur,W.P. Kuala Lumpur,,2024-12,3.8,,2.3c!R23C6
2.3c,mom_pct,,W.P. Kuala Lumpur,W.P. Kuala Lumpur,,2025-01,6.1,,2.3c!R23C7
2.3c,mom_pct,,W.P. Kuala Lumpur,W.P. Kuala Lumpur,,2025-02,3.6,,2.3c!R23C8
2.3c,mom_pct,,W.P. Kuala Lumpur,W.P. Kuala Lumpur,,2025-03,4.5,,2.3c!R23C9
2.3c,mom_pct,,W.P. Kuala Lumpur,W.P. Kuala Lumpur,,2025-04,3.1,,2.3c!R23C10
2.3c,mom_pct,,W.P. Kuala Lumpur,W.P. Kuala Lumpur,,2025-05,2.5,,2.3c!R23C11
2.3c,mom_pct,,W.P. Kuala Lumpur,W.P. Kuala Lumpur,,2025-06,2.1,,2.3c!R23C12
2.3c,mom_pct,,W.P. Kuala Lumpur,W.P. Kuala Lumpur,,2025-07,2.5,,2.3c!R23C13
2.3c,mom_pct,,W.P. Kuala Lumpur,W.P. Kuala Lumpur,,2025-08,2.5,,2.3c!R23C14
2.3c,mom_pct,,W.P. Kuala Lumpur,W.P. Kuala Lumpur,,2025-09,2.5,,2.3c!R23C15
2.3c,mom_pct,,W.P. Kuala Lumpur,W.P. Kuala Lumpur,,2025-10,2.0,,2.3c!R23C16
2.3c,mom_pct,,W.P. Kuala Lumpur,W.P. Kuala Lumpur,,2025-11,3.4,,2.3c!R23C17
2.3c,mom_pct,,W.P. Kuala Lumpur,W.P. Kuala Lumpur,,2025-12,4.5,,2.3c!R23C18
2.3c,mom_pct,,W.P. Kuala Lumpur,W.P. Kuala Lumpur,,2026-01,-0.8263636363636251,,2.3c!R23C19
2.3c,mom_pct,,W.P. Kuala Lumpur,W.P. Kuala Lumpur,,2026-02,8.552750606086201,,2.3c!R23C20
2.3c,mom_pct,,W.P. Kuala Lumpur,W.P. Kuala Lumpur,,2026-03,1.8405335792776922,,2.3c!R23C21
2.3c,mom_pct,,W.P. Labuan,W.P. Labuan,,2024-10,0.0,,2.3c!R24C4
2.3c,mom_pct,,W.P. Labuan,W.P. Labuan,,2024-11,0.0,,2.3c!R24C5
2.3c,mom_pct,,W.P. Labuan,W.P. Labuan,,2024-12,6.6,,2.3c!R24C6
2.3c,mom_pct,,W.P. Labuan,W.P. Labuan,,2025-01,3.0,,2.3c!R24C7
2.3c,mom_pct,,W.P. Labuan,W.P. Labuan,,2025-02,4.1,,2.3c!R24C8
2.3c,mom_pct,,W.P. Labuan,W.P. Labuan,,2025-03,5.0,,2.3c!R24C9
2.3c,mom_pct,,W.P. Labuan,W.P. Labuan,,2025-04,3.2,,2.3c!R24C10
2.3c,mom_pct,,W.P. Labuan,W.P. Labuan,,2025-05,5.0,,2.3c!R24C11
2.3c,mom_pct,,W.P. Labuan,W.P. Labuan,,2025-06,5.0,,2.3c!R24C12
2.3c,mom_pct,,W.P. Labuan,W.P. Labuan,,2025-07,5.0,,2.3c!R24C13
2.3c,mom_pct,,W.P. Labuan,W.P. Labuan,,2025-08,4.1,,2.3c!R24C14
2.3c,mom_pct,,W.P. Labuan,W.P. Labuan,,2025-09,4.1,,2.3c!R24C15
2.3c,mom_pct,,W.P. Labuan,W.P. Labuan,,2025-10,5.0,,2.3c!R24C16
2.3c,mom_pct,,W.P. Labuan,W.P. Labuan,,2025-11,5.0,,2.3c!R24C17
2.3c,mom_pct,,W.P. Labuan,W.P. Labuan,,2025-12,-4.0,,2.3c!R24C18
2.3c,mom_pct,,W.P. Labuan,W.P. Labuan,,2026-01,10.924183320700308,,2.3c!R24C19
2.3c,mom_pct,,W.P. Labuan,W.P. Labuan,,2026-02,6.98667512080775,,2.3c!R24C20
2.3c,mom_pct,,W.P. Labuan,W.P. Labuan,,2026-03,4.761904761904767,,2.3c!R24C21
2.3c,mom_pct,,W.P. Putrajaya,W.P. Putrajaya,,2024-10,0.0,,2.3c!R25C4
2.3c,mom_pct,,W.P. Putrajaya,W.P. Putrajaya,,2024-11,0.0,,2.3c!R25C5
2.3c,mom_pct,,W.P. Putrajaya,W.P. Putrajaya,,2024-12,1.8,,2.3c!R25C6
2.3c,mom_pct,,W.P. Putrajaya,W.P. Putrajaya,,2025-01,4.0,,2.3c!R25C7
2.3c,mom_pct,,W.P. Putrajaya,W.P. Putrajaya,,2025-02,4.8,,2.3c!R25C8
2.3c,mom_pct,,W.P. Putrajaya,W.P. Putrajaya,,2025-03,6.3,,2.3c!R25C9
2.3c,mom_pct,,W.P. Putrajaya,W.P. Putrajaya,,2025-04,2.5,,2.3c!R25C10
2.3c,mom_pct,,W.P. Putrajaya,W.P. Putrajaya,,2025-05,1.8,,2.3c!R25C11
2.3c,mom_pct,,W.P. Putrajaya,W.P. Putrajaya,,2025-06,2.5,,2.3c!R25C12
2.3c,mom_pct,,W.P. Putrajaya,W.P. Putrajaya,,2025-07,2.5,,2.3c!R25C13
2.3c,mom_pct,,W.P. Putrajaya,W.P. Putrajaya,,2025-08,2.5,,2.3c!R25C14
2.3c,mom_pct,,W.P. Putrajaya,W.P. Putrajaya,,2025-09,2.5,,2.3c!R25C15
2.3c,mom_pct,,W.P. Putrajaya,W.P. Putrajaya,,2025-10,4.8,,2.3c!R25C16
2.3c,mom_pct,,W.P. Putrajaya,W.P. Putrajaya,,2025-11,4.0,,2.3c!R25C17
2.3c,mom_pct,,W.P. Putrajaya,W.P. Putrajaya,,2025-12,2.2,,2.3c!R25C18
2.3c,mom_pct,,W.P. Putrajaya,W.P. Putrajaya,,2026-01,5.594230769230757,,2.3c!R25C19
2.3c,mom_pct,,W.P. Putrajaya,W.P. Putrajaya,,2026-02,4.895000000000005,,2.3c!R25C20
2.3c,mom_pct,,W.P. Putrajaya,W.P. Putrajaya,,2026-03,3.4482758620689724,,2.3c!R25C21
3.1a,employees_000,,"Bawah RM 2,000","Below RM 2,000",,2024-10,2166.5,,3.1a!R11C4
3.1a,employees_000,,"Bawah RM 2,000","Below RM 2,000",,2024-11,2178.6,,3.1a!R11C5
3.1a,employees_000,,"Bawah RM 2,000","Below RM 2,000",,2024-12,1996.4,,3.1a!R11C6
3.1a,employees_000,,"Bawah RM 2,000","Below RM 2,000",,2025-01,1890.6,,3.1a!R11C7
3.1a,employees_000,,"Bawah RM 2,000","Below RM 2,000",,2025-02,1959.4,,3.1a!R11C8
3.1a,employees_000,,"Bawah RM 2,000","Below RM 2,000",,2025-03,1862.5,,3.1a!R11C9
3.1a,employees_000,,"Bawah RM 2,000","Below RM 2,000",,2025-04,2021.5,,3.1a!R11C10
3.1a,employees_000,,"Bawah RM 2,000","Below RM 2,000",,2025-05,1999.7,,3.1a!R11C11
3.1a,employees_000,,"Bawah RM 2,000","Below RM 2,000",,2025-06,2011.1,,3.1a!R11C12
3.1a,employees_000,,"Bawah RM 2,000","Below RM 2,000",,2025-07,2018.7,,3.1a!R11C13
3.1a,employees_000,,"Bawah RM 2,000","Below RM 2,000",,2025-08,2018.7,,3.1a!R11C14
3.1a,employees_000,,"Bawah RM 2,000","Below RM 2,000",,2025-09,2011.6,,3.1a!R11C15
3.1a,employees_000,,"Bawah RM 2,000","Below RM 2,000",,2025-10,2006.6,,3.1a!R11C16
3.1a,employees_000,,"Bawah RM 2,000","Below RM 2,000",,2025-11,2021.0,,3.1a!R11C17
3.1a,employees_000,,"Bawah RM 2,000","Below RM 2,000",,2025-12,1880.4,,3.1a!R11C18
3.1a,employees_000,,"Bawah RM 2,000","Below RM 2,000",,2026-01,1850.443,,3.1a!R11C19
3.1a,employees_000,,"Bawah RM 2,000","Below RM 2,000",,2026-02,1824.267,,3.1a!R11C20
3.1a,employees_000,,"Bawah RM 2,000","Below RM 2,000",,2026-03,1827.726,,3.1a!R11C21
3.1a,employees_000,,"RM 2,000 - RM 2,999","RM 2,000 - RM 2,999",,2024-10,1503.3,,3.1a!R12C4
3.1a,employees_000,,"RM 2,000 - RM 2,999","RM 2,000 - RM 2,999",,2024-11,1484.8,,3.1a!R12C5
3.1a,employees_000,,"RM 2,000 - RM 2,999","RM 2,000 - RM 2,999",,2024-12,1341.3,,3.1a!R12C6
3.1a,employees_000,,"RM 2,000 - RM 2,999","RM 2,000 - RM 2,999",,2025-01,1350.6,,3.1a!R12C7
3.1a,employees_000,,"RM 2,000 - RM 2,999","RM 2,000 - RM 2,999",,2025-02,1530.4,,3.1a!R12C8
3.1a,employees_000,,"RM 2,000 - RM 2,999","RM 2,000 - RM 2,999",,2025-03,1480.4,,3.1a!R12C9
3.1a,employees_000,,"RM 2,000 - RM 2,999","RM 2,000 - RM 2,999",,2025-04,1562.3,,3.1a!R12C10
3.1a,employees_000,,"RM 2,000 - RM 2,999","RM 2,000 - RM 2,999",,2025-05,1613.2,,3.1a!R12C11
3.1a,employees_000,,"RM 2,000 - RM 2,999","RM 2,000 - RM 2,999",,2025-06,1593.4,,3.1a!R12C12
3.1a,employees_000,,"RM 2,000 - RM 2,999","RM 2,000 - RM 2,999",,2025-07,1624.9,,3.1a!R12C13
3.1a,employees_000,,"RM 2,000 - RM 2,999","RM 2,000 - RM 2,999",,2025-08,1638.6,,3.1a!R12C14
3.1a,employees_000,,"RM 2,000 - RM 2,999","RM 2,000 - RM 2,999",,2025-09,1645.1,,3.1a!R12C15
3.1a,employees_000,,"RM 2,000 - RM 2,999","RM 2,000 - RM 2,999",,2025-10,1639.2,,3.1a!R12C16
3.1a,employees_000,,"RM 2,000 - RM 2,999","RM 2,000 - RM 2,999",,2025-11,1625.6,,3.1a!R12C17
3.1a,employees_000,,"RM 2,000 - RM 2,999","RM 2,000 - RM 2,999",,2025-12,1471.3,,3.1a!R12C18
3.1a,employees_000,,"RM 2,000 - RM 2,999","RM 2,000 - RM 2,999",,2026-01,1527.502,,3.1a!R12C19
3.1a,employees_000,,"RM 2,000 - RM 2,999","RM 2,000 - RM 2,999",,2026-02,1545.673,,3.1a!R12C20
3.1a,employees_000,,"RM 2,000 - RM 2,999","RM 2,000 - RM 2,999",,2026-03,1549.026,,3.1a!R12C21
3.1a,employees_000,,"RM 3,000 - RM 3,999","RM 3,000 - RM 3,999",,2024-10,974.2,,3.1a!R13C4
3.1a,employees_000,,"RM 3,000 - RM 3,999","RM 3,000 - RM 3,999",,2024-11,965.8,,3.1a!R13C5
3.1a,employees_000,,"RM 3,000 - RM 3,999","RM 3,000 - RM 3,999",,2024-12,947.7,,3.1a!R13C6
3.1a,employees_000,,"RM 3,000 - RM 3,999","RM 3,000 - RM 3,999",,2025-01,943.3,,3.1a!R13C7
3.1a,employees_000,,"RM 3,000 - RM 3,999","RM 3,000 - RM 3,999",,2025-02,971.7,,3.1a!R13C8
3.1a,employees_000,,"RM 3,000 - RM 3,999","RM 3,000 - RM 3,999",,2025-03,956.5,,3.1a!R13C9
3.1a,employees_000,,"RM 3,000 - RM 3,999","RM 3,000 - RM 3,999",,2025-04,970.4,,3.1a!R13C10
3.1a,employees_000,,"RM 3,000 - RM 3,999","RM 3,000 - RM 3,999",,2025-05,1009.2,,3.1a!R13C11
3.1a,employees_000,,"RM 3,000 - RM 3,999","RM 3,000 - RM 3,999",,2025-06,1002.7,,3.1a!R13C12
3.1a,employees_000,,"RM 3,000 - RM 3,999","RM 3,000 - RM 3,999",,2025-07,1012.6,,3.1a!R13C13
3.1a,employees_000,,"RM 3,000 - RM 3,999","RM 3,000 - RM 3,999",,2025-08,1019.7,,3.1a!R13C14
3.1a,employees_000,,"RM 3,000 - RM 3,999","RM 3,000 - RM 3,999",,2025-09,1026.1,,3.1a!R13C15
3.1a,employees_000,,"RM 3,000 - RM 3,999","RM 3,000 - RM 3,999",,2025-10,1025.4,,3.1a!R13C16
3.1a,employees_000,,"RM 3,000 - RM 3,999","RM 3,000 - RM 3,999",,2025-11,1017.8,,3.1a!R13C17
3.1a,employees_000,,"RM 3,000 - RM 3,999","RM 3,000 - RM 3,999",,2025-12,1002.8,,3.1a!R13C18
3.1a,employees_000,,"RM 3,000 - RM 3,999","RM 3,000 - RM 3,999",,2026-01,1002.39,,3.1a!R13C19
3.1a,employees_000,,"RM 3,000 - RM 3,999","RM 3,000 - RM 3,999",,2026-02,996.043,,3.1a!R13C20
3.1a,employees_000,,"RM 3,000 - RM 3,999","RM 3,000 - RM 3,999",,2026-03,994.255,,3.1a!R13C21
3.1a,employees_000,,"RM 4,000 - RM 4,999","RM 4,000 - RM 4,999",,2024-10,571.0,,3.1a!R14C4
3.1a,employees_000,,"RM 4,000 - RM 4,999","RM 4,000 - RM 4,999",,2024-11,572.4,,3.1a!R14C5
3.1a,employees_000,,"RM 4,000 - RM 4,999","RM 4,000 - RM 4,999",,2024-12,578.5,,3.1a!R14C6
3.1a,employees_000,,"RM 4,000 - RM 4,999","RM 4,000 - RM 4,999",,2025-01,596.1,,3.1a!R14C7
3.1a,employees_000,,"RM 4,000 - RM 4,999","RM 4,000 - RM 4,999",,2025-02,579.6,,3.1a!R14C8
3.1a,employees_000,,"RM 4,000 - RM 4,999","RM 4,000 - RM 4,999",,2025-03,586.8,,3.1a!R14C9
3.1a,employees_000,,"RM 4,000 - RM 4,999","RM 4,000 - RM 4,999",,2025-04,589.6,,3.1a!R14C10
3.1a,employees_000,,"RM 4,000 - RM 4,999","RM 4,000 - RM 4,999",,2025-05,604.6,,3.1a!R14C11
3.1a,employees_000,,"RM 4,000 - RM 4,999","RM 4,000 - RM 4,999",,2025-06,599.6,,3.1a!R14C12
3.1a,employees_000,,"RM 4,000 - RM 4,999","RM 4,000 - RM 4,999",,2025-07,608.3,,3.1a!R14C13
3.1a,employees_000,,"RM 4,000 - RM 4,999","RM 4,000 - RM 4,999",,2025-08,610.4,,3.1a!R14C14
3.1a,employees_000,,"RM 4,000 - RM 4,999","RM 4,000 - RM 4,999",,2025-09,610.8,,3.1a!R14C15
3.1a,employees_000,,"RM 4,000 - RM 4,999","RM 4,000 - RM 4,999",,2025-10,617.3,,3.1a!R14C16
3.1a,employees_000,,"RM 4,000 - RM 4,999","RM 4,000 - RM 4,999",,2025-11,620.9,,3.1a!R14C17
3.1a,employees_000,,"RM 4,000 - RM 4,999","RM 4,000 - RM 4,999",,2025-12,612.4,,3.1a!R14C18
3.1a,employees_000,,"RM 4,000 - RM 4,999","RM 4,000 - RM 4,999",,2026-01,636.904,,3.1a!R14C19
3.1a,employees_000,,"RM 4,000 - RM 4,999","RM 4,000 - RM 4,999",,2026-02,617.645,,3.1a!R14C20
3.1a,employees_000,,"RM 4,000 - RM 4,999","RM 4,000 - RM 4,999",,2026-03,623.13,,3.1a!R14C21
3.1a,employees_000,,"RM 5,000 - RM 5,999","RM 5,000 - RM 5,999",,2024-10,384.6,,3.1a!R15C4
3.1a,employees_000,,"RM 5,000 - RM 5,999","RM 5,000 - RM 5,999",,2024-11,381.9,,3.1a!R15C5
3.1a,employees_000,,"RM 5,000 - RM 5,999","RM 5,000 - RM 5,999",,2024-12,400.1,,3.1a!R15C6
3.1a,employees_000,,"RM 5,000 - RM 5,999","RM 5,000 - RM 5,999",,2025-01,409.8,,3.1a!R15C7
3.1a,employees_000,,"RM 5,000 - RM 5,999","RM 5,000 - RM 5,999",,2025-02,381.2,,3.1a!R15C8
3.1a,employees_000,,"RM 5,000 - RM 5,999","RM 5,000 - RM 5,999",,2025-03,392.5,,3.1a!R15C9
3.1a,employees_000,,"RM 5,000 - RM 5,999","RM 5,000 - RM 5,999",,2025-04,396.2,,3.1a!R15C10
3.1a,employees_000,,"RM 5,000 - RM 5,999","RM 5,000 - RM 5,999",,2025-05,399.6,,3.1a!R15C11
3.1a,employees_000,,"RM 5,000 - RM 5,999","RM 5,000 - RM 5,999",,2025-06,402.2,,3.1a!R15C12
3.1a,employees_000,,"RM 5,000 - RM 5,999","RM 5,000 - RM 5,999",,2025-07,410.0,,3.1a!R15C13
3.1a,employees_000,,"RM 5,000 - RM 5,999","RM 5,000 - RM 5,999",,2025-08,409.4,,3.1a!R15C14
3.1a,employees_000,,"RM 5,000 - RM 5,999","RM 5,000 - RM 5,999",,2025-09,409.4,,3.1a!R15C15
3.1a,employees_000,,"RM 5,000 - RM 5,999","RM 5,000 - RM 5,999",,2025-10,411.6,,3.1a!R15C16
3.1a,employees_000,,"RM 5,000 - RM 5,999","RM 5,000 - RM 5,999",,2025-11,410.1,,3.1a!R15C17
3.1a,employees_000,,"RM 5,000 - RM 5,999","RM 5,000 - RM 5,999",,2025-12,427.4,,3.1a!R15C18
3.1a,employees_000,,"RM 5,000 - RM 5,999","RM 5,000 - RM 5,999",,2026-01,426.528,,3.1a!R15C19
3.1a,employees_000,,"RM 5,000 - RM 5,999","RM 5,000 - RM 5,999",,2026-02,418.459,,3.1a!R15C20
3.1a,employees_000,,"RM 5,000 - RM 5,999","RM 5,000 - RM 5,999",,2026-03,410.561,,3.1a!R15C21
3.1a,employees_000,,"RM 6,000 - RM 6,999","RM 6,000 - RM 6,999",,2024-10,256.9,,3.1a!R16C4
3.1a,employees_000,,"RM 6,000 - RM 6,999","RM 6,000 - RM 6,999",,2024-11,257.4,,3.1a!R16C5
3.1a,employees_000,,"RM 6,000 - RM 6,999","RM 6,000 - RM 6,999",,2024-12,283.7,,3.1a!R16C6
3.1a,employees_000,,"RM 6,000 - RM 6,999","RM 6,000 - RM 6,999",,2025-01,298.7,,3.1a!R16C7
3.1a,employees_000,,"RM 6,000 - RM 6,999","RM 6,000 - RM 6,999",,2025-02,267.7,,3.1a!R16C8
3.1a,employees_000,,"RM 6,000 - RM 6,999","RM 6,000 - RM 6,999",,2025-03,269.4,,3.1a!R16C9
3.1a,employees_000,,"RM 6,000 - RM 6,999","RM 6,000 - RM 6,999",,2025-04,276.7,,3.1a!R16C10
3.1a,employees_000,,"RM 6,000 - RM 6,999","RM 6,000 - RM 6,999",,2025-05,276.0,,3.1a!R16C11
3.1a,employees_000,,"RM 6,000 - RM 6,999","RM 6,000 - RM 6,999",,2025-06,277.1,,3.1a!R16C12
3.1a,employees_000,,"RM 6,000 - RM 6,999","RM 6,000 - RM 6,999",,2025-07,285.7,,3.1a!R16C13
3.1a,employees_000,,"RM 6,000 - RM 6,999","RM 6,000 - RM 6,999",,2025-08,285.0,,3.1a!R16C14
3.1a,employees_000,,"RM 6,000 - RM 6,999","RM 6,000 - RM 6,999",,2025-09,285.2,,3.1a!R16C15
3.1a,employees_000,,"RM 6,000 - RM 6,999","RM 6,000 - RM 6,999",,2025-10,288.2,,3.1a!R16C16
3.1a,employees_000,,"RM 6,000 - RM 6,999","RM 6,000 - RM 6,999",,2025-11,286.3,,3.1a!R16C17
3.1a,employees_000,,"RM 6,000 - RM 6,999","RM 6,000 - RM 6,999",,2025-12,307.0,,3.1a!R16C18
3.1a,employees_000,,"RM 6,000 - RM 6,999","RM 6,000 - RM 6,999",,2026-01,313.84,,3.1a!R16C19
3.1a,employees_000,,"RM 6,000 - RM 6,999","RM 6,000 - RM 6,999",,2026-02,306.736,,3.1a!R16C20
3.1a,employees_000,,"RM 6,000 - RM 6,999","RM 6,000 - RM 6,999",,2026-03,293.93,,3.1a!R16C21
3.1a,employees_000,,"RM 7,000 - RM 7,999","RM 7,000 - RM 7,999",,2024-10,184.4,,3.1a!R17C4
3.1a,employees_000,,"RM 7,000 - RM 7,999","RM 7,000 - RM 7,999",,2024-11,181.8,,3.1a!R17C5
3.1a,employees_000,,"RM 7,000 - RM 7,999","RM 7,000 - RM 7,999",,2024-12,204.3,,3.1a!R17C6
3.1a,employees_000,,"RM 7,000 - RM 7,999","RM 7,000 - RM 7,999",,2025-01,216.4,,3.1a!R17C7
3.1a,employees_000,,"RM 7,000 - RM 7,999","RM 7,000 - RM 7,999",,2025-02,187.8,,3.1a!R17C8
3.1a,employees_000,,"RM 7,000 - RM 7,999","RM 7,000 - RM 7,999",,2025-03,187.0,,3.1a!R17C9
3.1a,employees_000,,"RM 7,000 - RM 7,999","RM 7,000 - RM 7,999",,2025-04,193.4,,3.1a!R17C10
3.1a,employees_000,,"RM 7,000 - RM 7,999","RM 7,000 - RM 7,999",,2025-05,188.3,,3.1a!R17C11
3.1a,employees_000,,"RM 7,000 - RM 7,999","RM 7,000 - RM 7,999",,2025-06,192.1,,3.1a!R17C12
3.1a,employees_000,,"RM 7,000 - RM 7,999","RM 7,000 - RM 7,999",,2025-07,196.1,,3.1a!R17C13
3.1a,employees_000,,"RM 7,000 - RM 7,999","RM 7,000 - RM 7,999",,2025-08,195.8,,3.1a!R17C14
3.1a,employees_000,,"RM 7,000 - RM 7,999","RM 7,000 - RM 7,999",,2025-09,195.7,,3.1a!R17C15
3.1a,employees_000,,"RM 7,000 - RM 7,999","RM 7,000 - RM 7,999",,2025-10,197.4,,3.1a!R17C16
3.1a,employees_000,,"RM 7,000 - RM 7,999","RM 7,000 - RM 7,999",,2025-11,197.1,,3.1a!R17C17
3.1a,employees_000,,"RM 7,000 - RM 7,999","RM 7,000 - RM 7,999",,2025-12,217.8,,3.1a!R17C18
3.1a,employees_000,,"RM 7,000 - RM 7,999","RM 7,000 - RM 7,999",,2026-01,220.275,,3.1a!R17C19
3.1a,employees_000,,"RM 7,000 - RM 7,999","RM 7,000 - RM 7,999",,2026-02,217.296,,3.1a!R17C20
3.1a,employees_000,,"RM 7,000 - RM 7,999","RM 7,000 - RM 7,999",,2026-03,204.582,,3.1a!R17C21
3.1a,employees_000,,"RM 8,000 - RM 8,999","RM 8,000 - RM 8,999",,2024-10,147.1,,3.1a!R18C4
3.1a,employees_000,,"RM 8,000 - RM 8,999","RM 8,000 - RM 8,999",,2024-11,146.6,,3.1a!R18C5
3.1a,employees_000,,"RM 8,000 - RM 8,999","RM 8,000 - RM 8,999",,2024-12,171.0,,3.1a!R18C6
3.1a,employees_000,,"RM 8,000 - RM 8,999","RM 8,000 - RM 8,999",,2025-01,179.4,,3.1a!R18C7
3.1a,employees_000,,"RM 8,000 - RM 8,999","RM 8,000 - RM 8,999",,2025-02,154.2,,3.1a!R18C8
3.1a,employees_000,,"RM 8,000 - RM 8,999","RM 8,000 - RM 8,999",,2025-03,154.9,,3.1a!R18C9
3.1a,employees_000,,"RM 8,000 - RM 8,999","RM 8,000 - RM 8,999",,2025-04,159.4,,3.1a!R18C10
3.1a,employees_000,,"RM 8,000 - RM 8,999","RM 8,000 - RM 8,999",,2025-05,154.3,,3.1a!R18C11
3.1a,employees_000,,"RM 8,000 - RM 8,999","RM 8,000 - RM 8,999",,2025-06,157.3,,3.1a!R18C12
3.1a,employees_000,,"RM 8,000 - RM 8,999","RM 8,000 - RM 8,999",,2025-07,159.0,,3.1a!R18C13
3.1a,employees_000,,"RM 8,000 - RM 8,999","RM 8,000 - RM 8,999",,2025-08,159.2,,3.1a!R18C14
3.1a,employees_000,,"RM 8,000 - RM 8,999","RM 8,000 - RM 8,999",,2025-09,158.6,,3.1a!R18C15
3.1a,employees_000,,"RM 8,000 - RM 8,999","RM 8,000 - RM 8,999",,2025-10,159.7,,3.1a!R18C16
3.1a,employees_000,,"RM 8,000 - RM 8,999","RM 8,000 - RM 8,999",,2025-11,159.9,,3.1a!R18C17
3.1a,employees_000,,"RM 8,000 - RM 8,999","RM 8,000 - RM 8,999",,2025-12,179.7,,3.1a!R18C18
3.1a,employees_000,,"RM 8,000 - RM 8,999","RM 8,000 - RM 8,999",,2026-01,181.351,,3.1a!R18C19
3.1a,employees_000,,"RM 8,000 - RM 8,999","RM 8,000 - RM 8,999",,2026-02,177.523,,3.1a!R18C20
3.1a,employees_000,,"RM 8,000 - RM 8,999","RM 8,000 - RM 8,999",,2026-03,165.076,,3.1a!R18C21
3.1a,employees_000,,"RM 9,000 - RM 9,999","RM 9,000 - RM 9,999",,2024-10,99.8,,3.1a!R19C4
3.1a,employees_000,,"RM 9,000 - RM 9,999","RM 9,000 - RM 9,999",,2024-11,99.7,,3.1a!R19C5
3.1a,employees_000,,"RM 9,000 - RM 9,999","RM 9,000 - RM 9,999",,2024-12,123.8,,3.1a!R19C6
3.1a,employees_000,,"RM 9,000 - RM 9,999","RM 9,000 - RM 9,999",,2025-01,131.4,,3.1a!R19C7
3.1a,employees_000,,"RM 9,000 - RM 9,999","RM 9,000 - RM 9,999",,2025-02,103.6,,3.1a!R19C8
3.1a,employees_000,,"RM 9,000 - RM 9,999","RM 9,000 - RM 9,999",,2025-03,107.6,,3.1a!R19C9
3.1a,employees_000,,"RM 9,000 - RM 9,999","RM 9,000 - RM 9,999",,2025-04,113.1,,3.1a!R19C10
3.1a,employees_000,,"RM 9,000 - RM 9,999","RM 9,000 - RM 9,999",,2025-05,106.8,,3.1a!R19C11
3.1a,employees_000,,"RM 9,000 - RM 9,999","RM 9,000 - RM 9,999",,2025-06,110.7,,3.1a!R19C12
3.1a,employees_000,,"RM 9,000 - RM 9,999","RM 9,000 - RM 9,999",,2025-07,111.5,,3.1a!R19C13
3.1a,employees_000,,"RM 9,000 - RM 9,999","RM 9,000 - RM 9,999",,2025-08,110.1,,3.1a!R19C14
3.1a,employees_000,,"RM 9,000 - RM 9,999","RM 9,000 - RM 9,999",,2025-09,110.4,,3.1a!R19C15
3.1a,employees_000,,"RM 9,000 - RM 9,999","RM 9,000 - RM 9,999",,2025-10,111.3,,3.1a!R19C16
3.1a,employees_000,,"RM 9,000 - RM 9,999","RM 9,000 - RM 9,999",,2025-11,111.9,,3.1a!R19C17
3.1a,employees_000,,"RM 9,000 - RM 9,999","RM 9,000 - RM 9,999",,2025-12,130.2,,3.1a!R19C18
3.1a,employees_000,,"RM 9,000 - RM 9,999","RM 9,000 - RM 9,999",,2026-01,130.638,,3.1a!R19C19
3.1a,employees_000,,"RM 9,000 - RM 9,999","RM 9,000 - RM 9,999",,2026-02,128.308,,3.1a!R19C20
3.1a,employees_000,,"RM 9,000 - RM 9,999","RM 9,000 - RM 9,999",,2026-03,117.84,,3.1a!R19C21
3.1a,employees_000,,"RM 10,000 - RM 10,999","RM 10,000 - RM 10,999",,2024-10,95.1,,3.1a!R20C4
3.1a,employees_000,,"RM 10,000 - RM 10,999","RM 10,000 - RM 10,999",,2024-11,95.6,,3.1a!R20C5
3.1a,employees_000,,"RM 10,000 - RM 10,999","RM 10,000 - RM 10,999",,2024-12,116.3,,3.1a!R20C6
3.1a,employees_000,,"RM 10,000 - RM 10,999","RM 10,000 - RM 10,999",,2025-01,120.7,,3.1a!R20C7
3.1a,employees_000,,"RM 10,000 - RM 10,999","RM 10,000 - RM 10,999",,2025-02,98.0,,3.1a!R20C8
3.1a,employees_000,,"RM 10,000 - RM 10,999","RM 10,000 - RM 10,999",,2025-03,103.0,,3.1a!R20C9
3.1a,employees_000,,"RM 10,000 - RM 10,999","RM 10,000 - RM 10,999",,2025-04,105.7,,3.1a!R20C10
3.1a,employees_000,,"RM 10,000 - RM 10,999","RM 10,000 - RM 10,999",,2025-05,101.2,,3.1a!R20C11
3.1a,employees_000,,"RM 10,000 - RM 10,999","RM 10,000 - RM 10,999",,2025-06,104.0,,3.1a!R20C12
3.1a,employees_000,,"RM 10,000 - RM 10,999","RM 10,000 - RM 10,999",,2025-07,104.2,,3.1a!R20C13
3.1a,employees_000,,"RM 10,000 - RM 10,999","RM 10,000 - RM 10,999",,2025-08,103.3,,3.1a!R20C14
3.1a,employees_000,,"RM 10,000 - RM 10,999","RM 10,000 - RM 10,999",,2025-09,103.4,,3.1a!R20C15
3.1a,employees_000,,"RM 10,000 - RM 10,999","RM 10,000 - RM 10,999",,2025-10,103.3,,3.1a!R20C16
3.1a,employees_000,,"RM 10,000 - RM 10,999","RM 10,000 - RM 10,999",,2025-11,104.6,,3.1a!R20C17
3.1a,employees_000,,"RM 10,000 - RM 10,999","RM 10,000 - RM 10,999",,2025-12,121.7,,3.1a!R20C18
3.1a,employees_000,,"RM 10,000 - RM 10,999","RM 10,000 - RM 10,999",,2026-01,122.227,,3.1a!R20C19
3.1a,employees_000,,"RM 10,000 - RM 10,999","RM 10,000 - RM 10,999",,2026-02,118.931,,3.1a!R20C20
3.1a,employees_000,,"RM 10,000 - RM 10,999","RM 10,000 - RM 10,999",,2026-03,113.003,,3.1a!R20C21
3.1a,employees_000,,"RM 11,000 - RM 11,999","RM 11,000 - RM 11,999",,2024-10,59.5,,3.1a!R21C4
3.1a,employees_000,,"RM 11,000 - RM 11,999","RM 11,000 - RM 11,999",,2024-11,59.6,,3.1a!R21C5
3.1a,employees_000,,"RM 11,000 - RM 11,999","RM 11,000 - RM 11,999",,2024-12,79.1,,3.1a!R21C6
3.1a,employees_000,,"RM 11,000 - RM 11,999","RM 11,000 - RM 11,999",,2025-01,82.8,,3.1a!R21C7
3.1a,employees_000,,"RM 11,000 - RM 11,999","RM 11,000 - RM 11,999",,2025-02,63.3,,3.1a!R21C8
3.1a,employees_000,,"RM 11,000 - RM 11,999","RM 11,000 - RM 11,999",,2025-03,67.7,,3.1a!R21C9
3.1a,employees_000,,"RM 11,000 - RM 11,999","RM 11,000 - RM 11,999",,2025-04,68.1,,3.1a!R21C10
3.1a,employees_000,,"RM 11,000 - RM 11,999","RM 11,000 - RM 11,999",,2025-05,64.5,,3.1a!R21C11
3.1a,employees_000,,"RM 11,000 - RM 11,999","RM 11,000 - RM 11,999",,2025-06,66.3,,3.1a!R21C12
3.1a,employees_000,,"RM 11,000 - RM 11,999","RM 11,000 - RM 11,999",,2025-07,66.8,,3.1a!R21C13
3.1a,employees_000,,"RM 11,000 - RM 11,999","RM 11,000 - RM 11,999",,2025-08,65.7,,3.1a!R21C14
3.1a,employees_000,,"RM 11,000 - RM 11,999","RM 11,000 - RM 11,999",,2025-09,66.1,,3.1a!R21C15
3.1a,employees_000,,"RM 11,000 - RM 11,999","RM 11,000 - RM 11,999",,2025-10,66.4,,3.1a!R21C16
3.1a,employees_000,,"RM 11,000 - RM 11,999","RM 11,000 - RM 11,999",,2025-11,67.4,,3.1a!R21C17
3.1a,employees_000,,"RM 11,000 - RM 11,999","RM 11,000 - RM 11,999",,2025-12,82.2,,3.1a!R21C18
3.1a,employees_000,,"RM 11,000 - RM 11,999","RM 11,000 - RM 11,999",,2026-01,81.034,,3.1a!R21C19
3.1a,employees_000,,"RM 11,000 - RM 11,999","RM 11,000 - RM 11,999",,2026-02,79.792,,3.1a!R21C20
3.1a,employees_000,,"RM 11,000 - RM 11,999","RM 11,000 - RM 11,999",,2026-03,74.386,,3.1a!R21C21
3.1a,employees_000,,"RM 12,000 - RM 12,999","RM 12,000 - RM 12,999",,2024-10,54.1,,3.1a!R22C4
3.1a,employees_000,,"RM 12,000 - RM 12,999","RM 12,000 - RM 12,999",,2024-11,54.6,,3.1a!R22C5
3.1a,employees_000,,"RM 12,000 - RM 12,999","RM 12,000 - RM 12,999",,2024-12,71.4,,3.1a!R22C6
3.1a,employees_000,,"RM 12,000 - RM 12,999","RM 12,000 - RM 12,999",,2025-01,75.2,,3.1a!R22C7
3.1a,employees_000,,"RM 12,000 - RM 12,999","RM 12,000 - RM 12,999",,2025-02,57.1,,3.1a!R22C8
3.1a,employees_000,,"RM 12,000 - RM 12,999","RM 12,000 - RM 12,999",,2025-03,62.3,,3.1a!R22C9
3.1a,employees_000,,"RM 12,000 - RM 12,999","RM 12,000 - RM 12,999",,2025-04,62.9,,3.1a!R22C10
3.1a,employees_000,,"RM 12,000 - RM 12,999","RM 12,000 - RM 12,999",,2025-05,59.0,,3.1a!R22C11
3.1a,employees_000,,"RM 12,000 - RM 12,999","RM 12,000 - RM 12,999",,2025-06,59.8,,3.1a!R22C12
3.1a,employees_000,,"RM 12,000 - RM 12,999","RM 12,000 - RM 12,999",,2025-07,59.6,,3.1a!R22C13
3.1a,employees_000,,"RM 12,000 - RM 12,999","RM 12,000 - RM 12,999",,2025-08,58.8,,3.1a!R22C14
3.1a,employees_000,,"RM 12,000 - RM 12,999","RM 12,000 - RM 12,999",,2025-09,59.0,,3.1a!R22C15
3.1a,employees_000,,"RM 12,000 - RM 12,999","RM 12,000 - RM 12,999",,2025-10,59.5,,3.1a!R22C16
3.1a,employees_000,,"RM 12,000 - RM 12,999","RM 12,000 - RM 12,999",,2025-11,60.1,,3.1a!R22C17
3.1a,employees_000,,"RM 12,000 - RM 12,999","RM 12,000 - RM 12,999",,2025-12,75.1,,3.1a!R22C18
3.1a,employees_000,,"RM 12,000 - RM 12,999","RM 12,000 - RM 12,999",,2026-01,74.986,,3.1a!R22C19
3.1a,employees_000,,"RM 12,000 - RM 12,999","RM 12,000 - RM 12,999",,2026-02,72.293,,3.1a!R22C20
3.1a,employees_000,,"RM 12,000 - RM 12,999","RM 12,000 - RM 12,999",,2026-03,67.696,,3.1a!R22C21
3.1a,employees_000,,"RM 13,000 - RM 13,999","RM 13,000 - RM 13,999",,2024-10,42.0,,3.1a!R23C4
3.1a,employees_000,,"RM 13,000 - RM 13,999","RM 13,000 - RM 13,999",,2024-11,41.9,,3.1a!R23C5
3.1a,employees_000,,"RM 13,000 - RM 13,999","RM 13,000 - RM 13,999",,2024-12,56.5,,3.1a!R23C6
3.1a,employees_000,,"RM 13,000 - RM 13,999","RM 13,000 - RM 13,999",,2025-01,59.1,,3.1a!R23C7
3.1a,employees_000,,"RM 13,000 - RM 13,999","RM 13,000 - RM 13,999",,2025-02,44.3,,3.1a!R23C8
3.1a,employees_000,,"RM 13,000 - RM 13,999","RM 13,000 - RM 13,999",,2025-03,49.1,,3.1a!R23C9
3.1a,employees_000,,"RM 13,000 - RM 13,999","RM 13,000 - RM 13,999",,2025-04,47.8,,3.1a!R23C10
3.1a,employees_000,,"RM 13,000 - RM 13,999","RM 13,000 - RM 13,999",,2025-05,45.1,,3.1a!R23C11
3.1a,employees_000,,"RM 13,000 - RM 13,999","RM 13,000 - RM 13,999",,2025-06,45.9,,3.1a!R23C12
3.1a,employees_000,,"RM 13,000 - RM 13,999","RM 13,000 - RM 13,999",,2025-07,45.7,,3.1a!R23C13
3.1a,employees_000,,"RM 13,000 - RM 13,999","RM 13,000 - RM 13,999",,2025-08,45.3,,3.1a!R23C14
3.1a,employees_000,,"RM 13,000 - RM 13,999","RM 13,000 - RM 13,999",,2025-09,45.2,,3.1a!R23C15
3.1a,employees_000,,"RM 13,000 - RM 13,999","RM 13,000 - RM 13,999",,2025-10,45.6,,3.1a!R23C16
3.1a,employees_000,,"RM 13,000 - RM 13,999","RM 13,000 - RM 13,999",,2025-11,46.5,,3.1a!R23C17
3.1a,employees_000,,"RM 13,000 - RM 13,999","RM 13,000 - RM 13,999",,2025-12,60.6,,3.1a!R23C18
3.1a,employees_000,,"RM 13,000 - RM 13,999","RM 13,000 - RM 13,999",,2026-01,57.262,,3.1a!R23C19
3.1a,employees_000,,"RM 13,000 - RM 13,999","RM 13,000 - RM 13,999",,2026-02,54.919,,3.1a!R23C20
3.1a,employees_000,,"RM 13,000 - RM 13,999","RM 13,000 - RM 13,999",,2026-03,53.4,,3.1a!R23C21
3.1a,employees_000,,"RM 14,000 - RM 14,999","RM 14,000 - RM 14,999",,2024-10,33.2,,3.1a!R24C4
3.1a,employees_000,,"RM 14,000 - RM 14,999","RM 14,000 - RM 14,999",,2024-11,33.0,,3.1a!R24C5
3.1a,employees_000,,"RM 14,000 - RM 14,999","RM 14,000 - RM 14,999",,2024-12,45.9,,3.1a!R24C6
3.1a,employees_000,,"RM 14,000 - RM 14,999","RM 14,000 - RM 14,999",,2025-01,48.5,,3.1a!R24C7
3.1a,employees_000,,"RM 14,000 - RM 14,999","RM 14,000 - RM 14,999",,2025-02,35.2,,3.1a!R24C8
3.1a,employees_000,,"RM 14,000 - RM 14,999","RM 14,000 - RM 14,999",,2025-03,39.9,,3.1a!R24C9
3.1a,employees_000,,"RM 14,000 - RM 14,999","RM 14,000 - RM 14,999",,2025-04,38.9,,3.1a!R24C10
3.1a,employees_000,,"RM 14,000 - RM 14,999","RM 14,000 - RM 14,999",,2025-05,35.7,,3.1a!R24C11
3.1a,employees_000,,"RM 14,000 - RM 14,999","RM 14,000 - RM 14,999",,2025-06,36.5,,3.1a!R24C12
3.1a,employees_000,,"RM 14,000 - RM 14,999","RM 14,000 - RM 14,999",,2025-07,36.3,,3.1a!R24C13
3.1a,employees_000,,"RM 14,000 - RM 14,999","RM 14,000 - RM 14,999",,2025-08,36.0,,3.1a!R24C14
3.1a,employees_000,,"RM 14,000 - RM 14,999","RM 14,000 - RM 14,999",,2025-09,36.0,,3.1a!R24C15
3.1a,employees_000,,"RM 14,000 - RM 14,999","RM 14,000 - RM 14,999",,2025-10,36.2,,3.1a!R24C16
3.1a,employees_000,,"RM 14,000 - RM 14,999","RM 14,000 - RM 14,999",,2025-11,36.7,,3.1a!R24C17
3.1a,employees_000,,"RM 14,000 - RM 14,999","RM 14,000 - RM 14,999",,2025-12,50.0,,3.1a!R24C18
3.1a,employees_000,,"RM 14,000 - RM 14,999","RM 14,000 - RM 14,999",,2026-01,46.524,,3.1a!R24C19
3.1a,employees_000,,"RM 14,000 - RM 14,999","RM 14,000 - RM 14,999",,2026-02,44.747,,3.1a!R24C20
3.1a,employees_000,,"RM 14,000 - RM 14,999","RM 14,000 - RM 14,999",,2026-03,43.489,,3.1a!R24C21
3.1a,employees_000,,"RM 15,000 dan ke atas","RM 15,000 and above",,2024-10,270.4,,3.1a!R25C4
3.1a,employees_000,,"RM 15,000 dan ke atas","RM 15,000 and above",,2024-11,275.2,,3.1a!R25C5
3.1a,employees_000,,"RM 15,000 dan ke atas","RM 15,000 and above",,2024-12,415.4,,3.1a!R25C6
3.1a,employees_000,,"RM 15,000 dan ke atas","RM 15,000 and above",,2025-01,423.0,,3.1a!R25C7
3.1a,employees_000,,"RM 15,000 dan ke atas","RM 15,000 and above",,2025-02,330.0,,3.1a!R25C8
3.1a,employees_000,,"RM 15,000 dan ke atas","RM 15,000 and above",,2025-03,467.4,,3.1a!R25C9
3.1a,employees_000,,"RM 15,000 dan ke atas","RM 15,000 and above",,2025-04,340.6,,3.1a!R25C10
3.1a,employees_000,,"RM 15,000 dan ke atas","RM 15,000 and above",,2025-05,295.6,,3.1a!R25C11
3.1a,employees_000,,"RM 15,000 dan ke atas","RM 15,000 and above",,2025-06,310.8,,3.1a!R25C12
3.1a,employees_000,,"RM 15,000 dan ke atas","RM 15,000 and above",,2025-07,296.6,,3.1a!R25C13
3.1a,employees_000,,"RM 15,000 dan ke atas","RM 15,000 and above",,2025-08,289.9,,3.1a!R25C14
3.1a,employees_000,,"RM 15,000 dan ke atas","RM 15,000 and above",,2025-09,293.8,,3.1a!R25C15
3.1a,employees_000,,"RM 15,000 dan ke atas","RM 15,000 and above",,2025-10,297.5,,3.1a!R25C16
3.1a,employees_000,,"RM 15,000 dan ke atas","RM 15,000 and above",,2025-11,304.4,,3.1a!R25C17
3.1a,employees_000,,"RM 15,000 dan ke atas","RM 15,000 and above",,2025-12,461.8,,3.1a!R25C18
3.1a,employees_000,,"RM 15,000 dan ke atas","RM 15,000 and above",,2026-01,402.875,,3.1a!R25C19
3.1a,employees_000,,"RM 15,000 dan ke atas","RM 15,000 and above",,2026-02,421.274,,3.1a!R25C20
3.1a,employees_000,,"RM 15,000 dan ke atas","RM 15,000 and above",,2026-03,509.971,,3.1a!R25C21
3.1b,share_pct,,"Bawah RM 2,000","Below RM 2,000",,2024-10,31.7,,3.1b!R11C4
3.1b,share_pct,,"Bawah RM 2,000","Below RM 2,000",,2024-11,31.9,,3.1b!R11C5
3.1b,share_pct,,"Bawah RM 2,000","Below RM 2,000",,2024-12,29.2,,3.1b!R11C6
3.1b,share_pct,,"Bawah RM 2,000","Below RM 2,000",,2025-01,27.7,,3.1b!R11C7
3.1b,share_pct,,"Bawah RM 2,000","Below RM 2,000",,2025-02,29.0,,3.1b!R11C8
3.1b,share_pct,,"Bawah RM 2,000","Below RM 2,000",,2025-03,27.4,,3.1b!R11C9
3.1b,share_pct,,"Bawah RM 2,000","Below RM 2,000",,2025-04,29.1,,3.1b!R11C10
3.1b,share_pct,,"Bawah RM 2,000","Below RM 2,000",,2025-05,28.8,,3.1b!R11C11
3.1b,share_pct,,"Bawah RM 2,000","Below RM 2,000",,2025-06,28.9,,3.1b!R11C12
3.1b,share_pct,,"Bawah RM 2,000","Below RM 2,000",,2025-07,28.7,,3.1b!R11C13
3.1b,share_pct,,"Bawah RM 2,000","Below RM 2,000",,2025-08,28.7,,3.1b!R11C14
3.1b,share_pct,,"Bawah RM 2,000","Below RM 2,000",,2025-09,28.5,,3.1b!R11C15
3.1b,share_pct,,"Bawah RM 2,000","Below RM 2,000",,2025-10,28.4,,3.1b!R11C16
3.1b,share_pct,,"Bawah RM 2,000","Below RM 2,000",,2025-11,28.6,,3.1b!R11C17
3.1b,share_pct,,"Bawah RM 2,000","Below RM 2,000",,2025-12,26.6,,3.1b!R11C18
3.1b,share_pct,,"Bawah RM 2,000","Below RM 2,000",,2026-01,26.15548839052075,,3.1b!R11C19
3.1b,share_pct,,"Bawah RM 2,000","Below RM 2,000",,2026-02,25.97225817088099,,3.1b!R11C20
3.1b,share_pct,,"Bawah RM 2,000","Below RM 2,000",,2026-03,25.93228700448676,,3.1b!R11C21
3.1b,share_pct,,"RM 2,000 - RM 2,999","RM 2,000 - RM 2,999",,2024-10,22.0,,3.1b!R12C4
3.1b,share_pct,,"RM 2,000 - RM 2,999","RM 2,000 - RM 2,999",,2024-11,21.7,,3.1b!R12C5
3.1b,share_pct,,"RM 2,000 - RM 2,999","RM 2,000 - RM 2,999",,2024-12,19.6,,3.1b!R12C6
3.1b,share_pct,,"RM 2,000 - RM 2,999","RM 2,000 - RM 2,999",,2025-01,19.8,,3.1b!R12C7
3.1b,share_pct,,"RM 2,000 - RM 2,999","RM 2,000 - RM 2,999",,2025-02,22.6,,3.1b!R12C8
3.1b,share_pct,,"RM 2,000 - RM 2,999","RM 2,000 - RM 2,999",,2025-03,21.8,,3.1b!R12C9
3.1b,share_pct,,"RM 2,000 - RM 2,999","RM 2,000 - RM 2,999",,2025-04,22.5,,3.1b!R12C10
3.1b,share_pct,,"RM 2,000 - RM 2,999","RM 2,000 - RM 2,999",,2025-05,23.2,,3.1b!R12C11
3.1b,share_pct,,"RM 2,000 - RM 2,999","RM 2,000 - RM 2,999",,2025-06,22.9,,3.1b!R12C12
3.1b,share_pct,,"RM 2,000 - RM 2,999","RM 2,000 - RM 2,999",,2025-07,23.1,,3.1b!R12C13
3.1b,share_pct,,"RM 2,000 - RM 2,999","RM 2,000 - RM 2,999",,2025-08,23.3,,3.1b!R12C14
3.1b,share_pct,,"RM 2,000 - RM 2,999","RM 2,000 - RM 2,999",,2025-09,23.3,,3.1b!R12C15
3.1b,share_pct,,"RM 2,000 - RM 2,999","RM 2,000 - RM 2,999",,2025-10,23.2,,3.1b!R12C16
3.1b,share_pct,,"RM 2,000 - RM 2,999","RM 2,000 - RM 2,999",,2025-11,23.0,,3.1b!R12C17
3.1b,share_pct,,"RM 2,000 - RM 2,999","RM 2,000 - RM 2,999",,2025-12,20.8,,3.1b!R12C18
3.1b,share_pct,,"RM 2,000 - RM 2,999","RM 2,000 - RM 2,999",,2026-01,21.590808702293028,,3.1b!R12C19
3.1b,share_pct,,"RM 2,000 - RM 2,999","RM 2,000 - RM 2,999",,2026-02,22.005889600458776,,3.1b!R12C20
3.1b,share_pct,,"RM 2,000 - RM 2,999","RM 2,000 - RM 2,999",,2026-03,21.978013558603482,,3.1b!R12C21
3.1b,share_pct,,"RM 3,000 - RM 3,999","RM 3,000 - RM 3,999",,2024-10,14.2,,3.1b!R13C4
3.1b,share_pct,,"RM 3,000 - RM 3,999","RM 3,000 - RM 3,999",,2024-11,14.1,,3.1b!R13C5
3.1b,share_pct,,"RM 3,000 - RM 3,999","RM 3,000 - RM 3,999",,2024-12,13.9,,3.1b!R13C6
3.1b,share_pct,,"RM 3,000 - RM 3,999","RM 3,000 - RM 3,999",,2025-01,13.8,,3.1b!R13C7
3.1b,share_pct,,"RM 3,000 - RM 3,999","RM 3,000 - RM 3,999",,2025-02,14.4,,3.1b!R13C8
3.1b,share_pct,,"RM 3,000 - RM 3,999","RM 3,000 - RM 3,999",,2025-03,14.1,,3.1b!R13C9
3.1b,share_pct,,"RM 3,000 - RM 3,999","RM 3,000 - RM 3,999",,2025-04,14.0,,3.1b!R13C10
3.1b,share_pct,,"RM 3,000 - RM 3,999","RM 3,000 - RM 3,999",,2025-05,14.5,,3.1b!R13C11
3.1b,share_pct,,"RM 3,000 - RM 3,999","RM 3,000 - RM 3,999",,2025-06,14.4,,3.1b!R13C12
3.1b,share_pct,,"RM 3,000 - RM 3,999","RM 3,000 - RM 3,999",,2025-07,14.4,,3.1b!R13C13
3.1b,share_pct,,"RM 3,000 - RM 3,999","RM 3,000 - RM 3,999",,2025-08,14.5,,3.1b!R13C14
3.1b,share_pct,,"RM 3,000 - RM 3,999","RM 3,000 - RM 3,999",,2025-09,14.5,,3.1b!R13C15
3.1b,share_pct,,"RM 3,000 - RM 3,999","RM 3,000 - RM 3,999",,2025-10,14.5,,3.1b!R13C16
3.1b,share_pct,,"RM 3,000 - RM 3,999","RM 3,000 - RM 3,999",,2025-11,14.4,,3.1b!R13C17
3.1b,share_pct,,"RM 3,000 - RM 3,999","RM 3,000 - RM 3,999",,2025-12,14.2,,3.1b!R13C18
3.1b,share_pct,,"RM 3,000 - RM 3,999","RM 3,000 - RM 3,999",,2026-01,14.168499114954686,,3.1b!R13C19
3.1b,share_pct,,"RM 3,000 - RM 3,999","RM 3,000 - RM 3,999",,2026-02,14.180756405339137,,3.1b!R13C20
3.1b,share_pct,,"RM 3,000 - RM 3,999","RM 3,000 - RM 3,999",,2026-03,14.10676765316354,,3.1b!R13C21
3.1b,share_pct,,"RM 4,000 - RM 4,999","RM 4,000 - RM 4,999",,2024-10,8.3,,3.1b!R14C4
3.1b,share_pct,,"RM 4,000 - RM 4,999","RM 4,000 - RM 4,999",,2024-11,8.4,,3.1b!R14C5
3.1b,share_pct,,"RM 4,000 - RM 4,999","RM 4,000 - RM 4,999",,2024-12,8.5,,3.1b!R14C6
3.1b,share_pct,,"RM 4,000 - RM 4,999","RM 4,000 - RM 4,999",,2025-01,8.7,,3.1b!R14C7
3.1b,share_pct,,"RM 4,000 - RM 4,999","RM 4,000 - RM 4,999",,2025-02,8.6,,3.1b!R14C8
3.1b,share_pct,,"RM 4,000 - RM 4,999","RM 4,000 - RM 4,999",,2025-03,8.6,,3.1b!R14C9
3.1b,share_pct,,"RM 4,000 - RM 4,999","RM 4,000 - RM 4,999",,2025-04,8.5,,3.1b!R14C10
3.1b,share_pct,,"RM 4,000 - RM 4,999","RM 4,000 - RM 4,999",,2025-05,8.7,,3.1b!R14C11
3.1b,share_pct,,"RM 4,000 - RM 4,999","RM 4,000 - RM 4,999",,2025-06,8.6,,3.1b!R14C12
3.1b,share_pct,,"RM 4,000 - RM 4,999","RM 4,000 - RM 4,999",,2025-07,8.6,,3.1b!R14C13
3.1b,share_pct,,"RM 4,000 - RM 4,999","RM 4,000 - RM 4,999",,2025-08,8.7,,3.1b!R14C14
3.1b,share_pct,,"RM 4,000 - RM 4,999","RM 4,000 - RM 4,999",,2025-09,8.7,,3.1b!R14C15
3.1b,share_pct,,"RM 4,000 - RM 4,999","RM 4,000 - RM 4,999",,2025-10,8.7,,3.1b!R14C16
3.1b,share_pct,,"RM 4,000 - RM 4,999","RM 4,000 - RM 4,999",,2025-11,8.8,,3.1b!R14C17
3.1b,share_pct,,"RM 4,000 - RM 4,999","RM 4,000 - RM 4,999",,2025-12,8.6,,3.1b!R14C18
3.1b,share_pct,,"RM 4,000 - RM 4,999","RM 4,000 - RM 4,999",,2026-01,9.002457885963645,,3.1b!R14C19
3.1b,share_pct,,"RM 4,000 - RM 4,999","RM 4,000 - RM 4,999",,2026-02,8.79346904699465,,3.1b!R14C20
3.1b,share_pct,,"RM 4,000 - RM 4,999","RM 4,000 - RM 4,999",,2026-03,8.841142491328478,,3.1b!R14C21
3.1b,share_pct,,"RM 5,000 - RM 5,999","RM 5,000 - RM 5,999",,2024-10,5.6,,3.1b!R15C4
3.1b,share_pct,,"RM 5,000 - RM 5,999","RM 5,000 - RM 5,999",,2024-11,5.6,,3.1b!R15C5
3.1b,share_pct,,"RM 5,000 - RM 5,999","RM 5,000 - RM 5,999",,2024-12,5.9,,3.1b!R15C6
3.1b,share_pct,,"RM 5,000 - RM 5,999","RM 5,000 - RM 5,999",,2025-01,6.0,,3.1b!R15C7
3.1b,share_pct,,"RM 5,000 - RM 5,999","RM 5,000 - RM 5,999",,2025-02,5.6,,3.1b!R15C8
3.1b,share_pct,,"RM 5,000 - RM 5,999","RM 5,000 - RM 5,999",,2025-03,5.8,,3.1b!R15C9
3.1b,share_pct,,"RM 5,000 - RM 5,999","RM 5,000 - RM 5,999",,2025-04,5.7,,3.1b!R15C10
3.1b,share_pct,,"RM 5,000 - RM 5,999","RM 5,000 - RM 5,999",,2025-05,5.7,,3.1b!R15C11
3.1b,share_pct,,"RM 5,000 - RM 5,999","RM 5,000 - RM 5,999",,2025-06,5.8,,3.1b!R15C12
3.1b,share_pct,,"RM 5,000 - RM 5,999","RM 5,000 - RM 5,999",,2025-07,5.8,,3.1b!R15C13
3.1b,share_pct,,"RM 5,000 - RM 5,999","RM 5,000 - RM 5,999",,2025-08,5.8,,3.1b!R15C14
3.1b,share_pct,,"RM 5,000 - RM 5,999","RM 5,000 - RM 5,999",,2025-09,5.8,,3.1b!R15C15
3.1b,share_pct,,"RM 5,000 - RM 5,999","RM 5,000 - RM 5,999",,2025-10,5.8,,3.1b!R15C16
3.1b,share_pct,,"RM 5,000 - RM 5,999","RM 5,000 - RM 5,999",,2025-11,5.8,,3.1b!R15C17
3.1b,share_pct,,"RM 5,000 - RM 5,999","RM 5,000 - RM 5,999",,2025-12,6.0,,3.1b!R15C18
3.1b,share_pct,,"RM 5,000 - RM 5,999","RM 5,000 - RM 5,999",,2026-01,6.028852632711212,,3.1b!R15C19
3.1b,share_pct,,"RM 5,000 - RM 5,999","RM 5,000 - RM 5,999",,2026-02,5.957639524219145,,3.1b!R15C20
3.1b,share_pct,,"RM 5,000 - RM 5,999","RM 5,000 - RM 5,999",,2026-03,5.825154145013578,,3.1b!R15C21
3.1b,share_pct,,"RM 6,000 - RM 6,999","RM 6,000 - RM 6,999",,2024-10,3.8,,3.1b!R16C4
3.1b,share_pct,,"RM 6,000 - RM 6,999","RM 6,000 - RM 6,999",,2024-11,3.8,,3.1b!R16C5
3.1b,share_pct,,"RM 6,000 - RM 6,999","RM 6,000 - RM 6,999",,2024-12,4.2,,3.1b!R16C6
3.1b,share_pct,,"RM 6,000 - RM 6,999","RM 6,000 - RM 6,999",,2025-01,4.4,,3.1b!R16C7
3.1b,share_pct,,"RM 6,000 - RM 6,999","RM 6,000 - RM 6,999",,2025-02,4.0,,3.1b!R16C8
3.1b,share_pct,,"RM 6,000 - RM 6,999","RM 6,000 - RM 6,999",,2025-03,4.0,,3.1b!R16C9
3.1b,share_pct,,"RM 6,000 - RM 6,999","RM 6,000 - RM 6,999",,2025-04,4.0,,3.1b!R16C10
3.1b,share_pct,,"RM 6,000 - RM 6,999","RM 6,000 - RM 6,999",,2025-05,4.0,,3.1b!R16C11
3.1b,share_pct,,"RM 6,000 - RM 6,999","RM 6,000 - RM 6,999",,2025-06,4.0,,3.1b!R16C12
3.1b,share_pct,,"RM 6,000 - RM 6,999","RM 6,000 - RM 6,999",,2025-07,4.1,,3.1b!R16C13
3.1b,share_pct,,"RM 6,000 - RM 6,999","RM 6,000 - RM 6,999",,2025-08,4.0,,3.1b!R16C14
3.1b,share_pct,,"RM 6,000 - RM 6,999","RM 6,000 - RM 6,999",,2025-09,4.0,,3.1b!R16C15
3.1b,share_pct,,"RM 6,000 - RM 6,999","RM 6,000 - RM 6,999",,2025-10,4.1,,3.1b!R16C16
3.1b,share_pct,,"RM 6,000 - RM 6,999","RM 6,000 - RM 6,999",,2025-11,4.0,,3.1b!R16C17
3.1b,share_pct,,"RM 6,000 - RM 6,999","RM 6,000 - RM 6,999",,2025-12,4.3,,3.1b!R16C18
3.1b,share_pct,,"RM 6,000 - RM 6,999","RM 6,000 - RM 6,999",,2026-01,4.436039627527587,,3.1b!R16C19
3.1b,share_pct,,"RM 6,000 - RM 6,999","RM 6,000 - RM 6,999",,2026-02,4.367028829827734,,3.1b!R16C20
3.1b,share_pct,,"RM 6,000 - RM 6,999","RM 6,000 - RM 6,999",,2026-03,4.170360939894051,,3.1b!R16C21
3.1b,share_pct,,"RM 7,000 - RM 7,999","RM 7,000 - RM 7,999",,2024-10,2.7,,3.1b!R17C4
3.1b,share_pct,,"RM 7,000 - RM 7,999","RM 7,000 - RM 7,999",,2024-11,2.7,,3.1b!R17C5
3.1b,share_pct,,"RM 7,000 - RM 7,999","RM 7,000 - RM 7,999",,2024-12,3.0,,3.1b!R17C6
3.1b,share_pct,,"RM 7,000 - RM 7,999","RM 7,000 - RM 7,999",,2025-01,3.2,,3.1b!R17C7
3.1b,share_pct,,"RM 7,000 - RM 7,999","RM 7,000 - RM 7,999",,2025-02,2.8,,3.1b!R17C8
3.1b,share_pct,,"RM 7,000 - RM 7,999","RM 7,000 - RM 7,999",,2025-03,2.8,,3.1b!R17C9
3.1b,share_pct,,"RM 7,000 - RM 7,999","RM 7,000 - RM 7,999",,2025-04,2.8,,3.1b!R17C10
3.1b,share_pct,,"RM 7,000 - RM 7,999","RM 7,000 - RM 7,999",,2025-05,2.7,,3.1b!R17C11
3.1b,share_pct,,"RM 7,000 - RM 7,999","RM 7,000 - RM 7,999",,2025-06,2.8,,3.1b!R17C12
3.1b,share_pct,,"RM 7,000 - RM 7,999","RM 7,000 - RM 7,999",,2025-07,2.8,,3.1b!R17C13
3.1b,share_pct,,"RM 7,000 - RM 7,999","RM 7,000 - RM 7,999",,2025-08,2.8,,3.1b!R17C14
3.1b,share_pct,,"RM 7,000 - RM 7,999","RM 7,000 - RM 7,999",,2025-09,2.8,,3.1b!R17C15
3.1b,share_pct,,"RM 7,000 - RM 7,999","RM 7,000 - RM 7,999",,2025-10,2.8,,3.1b!R17C16
3.1b,share_pct,,"RM 7,000 - RM 7,999","RM 7,000 - RM 7,999",,2025-11,2.8,,3.1b!R17C17
3.1b,share_pct,,"RM 7,000 - RM 7,999","RM 7,000 - RM 7,999",,2025-12,3.1,,3.1b!R17C18
3.1b,share_pct,,"RM 7,000 - RM 7,999","RM 7,000 - RM 7,999",,2026-01,3.1135248182310713,,3.1b!R17C19
3.1b,share_pct,,"RM 7,000 - RM 7,999","RM 7,000 - RM 7,999",,2026-02,3.093663269411635,,3.1b!R17C20
3.1b,share_pct,,"RM 7,000 - RM 7,999","RM 7,000 - RM 7,999",,2026-03,2.9026665594032752,,3.1b!R17C21
3.1b,share_pct,,"RM 8,000 - RM 8,999","RM 8,000 - RM 8,999",,2024-10,2.1,,3.1b!R18C4
3.1b,share_pct,,"RM 8,000 - RM 8,999","RM 8,000 - RM 8,999",,2024-11,2.1,,3.1b!R18C5
3.1b,share_pct,,"RM 8,000 - RM 8,999","RM 8,000 - RM 8,999",,2024-12,2.5,,3.1b!R18C6
3.1b,share_pct,,"RM 8,000 - RM 8,999","RM 8,000 - RM 8,999",,2025-01,2.6,,3.1b!R18C7
3.1b,share_pct,,"RM 8,000 - RM 8,999","RM 8,000 - RM 8,999",,2025-02,2.3,,3.1b!R18C8
3.1b,share_pct,,"RM 8,000 - RM 8,999","RM 8,000 - RM 8,999",,2025-03,2.3,,3.1b!R18C9
3.1b,share_pct,,"RM 8,000 - RM 8,999","RM 8,000 - RM 8,999",,2025-04,2.3,,3.1b!R18C10
3.1b,share_pct,,"RM 8,000 - RM 8,999","RM 8,000 - RM 8,999",,2025-05,2.2,,3.1b!R18C11
3.1b,share_pct,,"RM 8,000 - RM 8,999","RM 8,000 - RM 8,999",,2025-06,2.3,,3.1b!R18C12
3.1b,share_pct,,"RM 8,000 - RM 8,999","RM 8,000 - RM 8,999",,2025-07,2.3,,3.1b!R18C13
3.1b,share_pct,,"RM 8,000 - RM 8,999","RM 8,000 - RM 8,999",,2025-08,2.3,,3.1b!R18C14
3.1b,share_pct,,"RM 8,000 - RM 8,999","RM 8,000 - RM 8,999",,2025-09,2.2,,3.1b!R18C15
3.1b,share_pct,,"RM 8,000 - RM 8,999","RM 8,000 - RM 8,999",,2025-10,2.3,,3.1b!R18C16
3.1b,share_pct,,"RM 8,000 - RM 8,999","RM 8,000 - RM 8,999",,2025-11,2.3,,3.1b!R18C17
3.1b,share_pct,,"RM 8,000 - RM 8,999","RM 8,000 - RM 8,999",,2025-12,2.5,,3.1b!R18C18
3.1b,share_pct,,"RM 8,000 - RM 8,999","RM 8,000 - RM 8,999",,2026-01,2.563345088235265,,3.1b!R18C19
3.1b,share_pct,,"RM 8,000 - RM 8,999","RM 8,000 - RM 8,999",,2026-02,2.527411386200214,,3.1b!R18C20
3.1b,share_pct,,"RM 8,000 - RM 8,999","RM 8,000 - RM 8,999",,2026-03,2.342144396672508,,3.1b!R18C21
3.1b,share_pct,,"RM 9,000 - RM 9,999","RM 9,000 - RM 9,999",,2024-10,1.5,,3.1b!R19C4
3.1b,share_pct,,"RM 9,000 - RM 9,999","RM 9,000 - RM 9,999",,2024-11,1.5,,3.1b!R19C5
3.1b,share_pct,,"RM 9,000 - RM 9,999","RM 9,000 - RM 9,999",,2024-12,1.8,,3.1b!R19C6
3.1b,share_pct,,"RM 9,000 - RM 9,999","RM 9,000 - RM 9,999",,2025-01,1.9,,3.1b!R19C7
3.1b,share_pct,,"RM 9,000 - RM 9,999","RM 9,000 - RM 9,999",,2025-02,1.5,,3.1b!R19C8
3.1b,share_pct,,"RM 9,000 - RM 9,999","RM 9,000 - RM 9,999",,2025-03,1.6,,3.1b!R19C9
3.1b,share_pct,,"RM 9,000 - RM 9,999","RM 9,000 - RM 9,999",,2025-04,1.6,,3.1b!R19C10
3.1b,share_pct,,"RM 9,000 - RM 9,999","RM 9,000 - RM 9,999",,2025-05,1.5,,3.1b!R19C11
3.1b,share_pct,,"RM 9,000 - RM 9,999","RM 9,000 - RM 9,999",,2025-06,1.6,,3.1b!R19C12
3.1b,share_pct,,"RM 9,000 - RM 9,999","RM 9,000 - RM 9,999",,2025-07,1.6,,3.1b!R19C13
3.1b,share_pct,,"RM 9,000 - RM 9,999","RM 9,000 - RM 9,999",,2025-08,1.6,,3.1b!R19C14
3.1b,share_pct,,"RM 9,000 - RM 9,999","RM 9,000 - RM 9,999",,2025-09,1.6,,3.1b!R19C15
3.1b,share_pct,,"RM 9,000 - RM 9,999","RM 9,000 - RM 9,999",,2025-10,1.6,,3.1b!R19C16
3.1b,share_pct,,"RM 9,000 - RM 9,999","RM 9,000 - RM 9,999",,2025-11,1.6,,3.1b!R19C17
3.1b,share_pct,,"RM 9,000 - RM 9,999","RM 9,000 - RM 9,999",,2025-12,1.8,,3.1b!R19C18
3.1b,share_pct,,"RM 9,000 - RM 9,999","RM 9,000 - RM 9,999",,2026-01,1.8465311778643543,,3.1b!R19C19
3.1b,share_pct,,"RM 9,000 - RM 9,999","RM 9,000 - RM 9,999",,2026-02,1.8267328748420038,,3.1b!R19C20
3.1b,share_pct,,"RM 9,000 - RM 9,999","RM 9,000 - RM 9,999",,2026-03,1.6719468348148026,,3.1b!R19C21
3.1b,share_pct,,"RM 10,000 - RM 10,999","RM 10,000 - RM 10,999",,2024-10,1.4,,3.1b!R20C4
3.1b,share_pct,,"RM 10,000 - RM 10,999","RM 10,000 - RM 10,999",,2024-11,1.4,,3.1b!R20C5
3.1b,share_pct,,"RM 10,000 - RM 10,999","RM 10,000 - RM 10,999",,2024-12,1.7,,3.1b!R20C6
3.1b,share_pct,,"RM 10,000 - RM 10,999","RM 10,000 - RM 10,999",,2025-01,1.8,,3.1b!R20C7
3.1b,share_pct,,"RM 10,000 - RM 10,999","RM 10,000 - RM 10,999",,2025-02,1.4,,3.1b!R20C8
3.1b,share_pct,,"RM 10,000 - RM 10,999","RM 10,000 - RM 10,999",,2025-03,1.5,,3.1b!R20C9
3.1b,share_pct,,"RM 10,000 - RM 10,999","RM 10,000 - RM 10,999",,2025-04,1.5,,3.1b!R20C10
3.1b,share_pct,,"RM 10,000 - RM 10,999","RM 10,000 - RM 10,999",,2025-05,1.5,,3.1b!R20C11
3.1b,share_pct,,"RM 10,000 - RM 10,999","RM 10,000 - RM 10,999",,2025-06,1.5,,3.1b!R20C12
3.1b,share_pct,,"RM 10,000 - RM 10,999","RM 10,000 - RM 10,999",,2025-07,1.5,,3.1b!R20C13
3.1b,share_pct,,"RM 10,000 - RM 10,999","RM 10,000 - RM 10,999",,2025-08,1.5,,3.1b!R20C14
3.1b,share_pct,,"RM 10,000 - RM 10,999","RM 10,000 - RM 10,999",,2025-09,1.5,,3.1b!R20C15
3.1b,share_pct,,"RM 10,000 - RM 10,999","RM 10,000 - RM 10,999",,2025-10,1.5,,3.1b!R20C16
3.1b,share_pct,,"RM 10,000 - RM 10,999","RM 10,000 - RM 10,999",,2025-11,1.5,,3.1b!R20C17
3.1b,share_pct,,"RM 10,000 - RM 10,999","RM 10,000 - RM 10,999",,2025-12,1.7,,3.1b!R20C18
3.1b,share_pct,,"RM 10,000 - RM 10,999","RM 10,000 - RM 10,999",,2026-01,1.7276440719915065,,3.1b!R20C19
3.1b,share_pct,,"RM 10,000 - RM 10,999","RM 10,000 - RM 10,999",,2026-02,1.693231657712959,,3.1b!R20C20
3.1b,share_pct,,"RM 10,000 - RM 10,999","RM 10,000 - RM 10,999",,2026-03,1.6033181277543884,,3.1b!R20C21
3.1b,share_pct,,"RM 11,000 - RM 11,999","RM 11,000 - RM 11,999",,2024-10,0.9,,3.1b!R21C4
3.1b,share_pct,,"RM 11,000 - RM 11,999","RM 11,000 - RM 11,999",,2024-11,0.9,,3.1b!R21C5
3.1b,share_pct,,"RM 11,000 - RM 11,999","RM 11,000 - RM 11,999",,2024-12,1.2,,3.1b!R21C6
3.1b,share_pct,,"RM 11,000 - RM 11,999","RM 11,000 - RM 11,999",,2025-01,1.2,,3.1b!R21C7
3.1b,share_pct,,"RM 11,000 - RM 11,999","RM 11,000 - RM 11,999",,2025-02,0.9,,3.1b!R21C8
3.1b,share_pct,,"RM 11,000 - RM 11,999","RM 11,000 - RM 11,999",,2025-03,1.0,,3.1b!R21C9
3.1b,share_pct,,"RM 11,000 - RM 11,999","RM 11,000 - RM 11,999",,2025-04,1.0,,3.1b!R21C10
3.1b,share_pct,,"RM 11,000 - RM 11,999","RM 11,000 - RM 11,999",,2025-05,0.9,,3.1b!R21C11
3.1b,share_pct,,"RM 11,000 - RM 11,999","RM 11,000 - RM 11,999",,2025-06,1.0,,3.1b!R21C12
3.1b,share_pct,,"RM 11,000 - RM 11,999","RM 11,000 - RM 11,999",,2025-07,0.9,,3.1b!R21C13
3.1b,share_pct,,"RM 11,000 - RM 11,999","RM 11,000 - RM 11,999",,2025-08,0.9,,3.1b!R21C14
3.1b,share_pct,,"RM 11,000 - RM 11,999","RM 11,000 - RM 11,999",,2025-09,0.9,,3.1b!R21C15
3.1b,share_pct,,"RM 11,000 - RM 11,999","RM 11,000 - RM 11,999",,2025-10,0.9,,3.1b!R21C16
3.1b,share_pct,,"RM 11,000 - RM 11,999","RM 11,000 - RM 11,999",,2025-11,1.0,,3.1b!R21C17
3.1b,share_pct,,"RM 11,000 - RM 11,999","RM 11,000 - RM 11,999",,2025-12,1.2,,3.1b!R21C18
3.1b,share_pct,,"RM 11,000 - RM 11,999","RM 11,000 - RM 11,999",,2026-01,1.1453926688027993,,3.1b!R21C19
3.1b,share_pct,,"RM 11,000 - RM 11,999","RM 11,000 - RM 11,999",,2026-02,1.1360060911976897,,3.1b!R21C20
3.1b,share_pct,,"RM 11,000 - RM 11,999","RM 11,000 - RM 11,999",,2026-03,1.0554093453371851,,3.1b!R21C21
3.1b,share_pct,,"RM 12,000 - RM 12,999","RM 12,000 - RM 12,999",,2024-10,0.8,,3.1b!R22C4
3.1b,share_pct,,"RM 12,000 - RM 12,999","RM 12,000 - RM 12,999",,2024-11,0.8,,3.1b!R22C5
3.1b,share_pct,,"RM 12,000 - RM 12,999","RM 12,000 - RM 12,999",,2024-12,1.0,,3.1b!R22C6
3.1b,share_pct,,"RM 12,000 - RM 12,999","RM 12,000 - RM 12,999",,2025-01,1.1,,3.1b!R22C7
3.1b,share_pct,,"RM 12,000 - RM 12,999","RM 12,000 - RM 12,999",,2025-02,0.8,,3.1b!R22C8
3.1b,share_pct,,"RM 12,000 - RM 12,999","RM 12,000 - RM 12,999",,2025-03,0.9,,3.1b!R22C9
3.1b,share_pct,,"RM 12,000 - RM 12,999","RM 12,000 - RM 12,999",,2025-04,0.9,,3.1b!R22C10
3.1b,share_pct,,"RM 12,000 - RM 12,999","RM 12,000 - RM 12,999",,2025-05,0.8,,3.1b!R22C11
3.1b,share_pct,,"RM 12,000 - RM 12,999","RM 12,000 - RM 12,999",,2025-06,0.9,,3.1b!R22C12
3.1b,share_pct,,"RM 12,000 - RM 12,999","RM 12,000 - RM 12,999",,2025-07,0.8,,3.1b!R22C13
3.1b,share_pct,,"RM 12,000 - RM 12,999","RM 12,000 - RM 12,999",,2025-08,0.8,,3.1b!R22C14
3.1b,share_pct,,"RM 12,000 - RM 12,999","RM 12,000 - RM 12,999",,2025-09,0.8,,3.1b!R22C15
3.1b,share_pct,,"RM 12,000 - RM 12,999","RM 12,000 - RM 12,999",,2025-10,0.8,,3.1b!R22C16
3.1b,share_pct,,"RM 12,000 - RM 12,999","RM 12,000 - RM 12,999",,2025-11,0.9,,3.1b!R22C17
3.1b,share_pct,,"RM 12,000 - RM 12,999","RM 12,000 - RM 12,999",,2025-12,1.1,,3.1b!R22C18
3.1b,share_pct,,"RM 12,000 - RM 12,999","RM 12,000 - RM 12,999",,2026-01,1.0599058995341055,,3.1b!R22C19
3.1b,share_pct,,"RM 12,000 - RM 12,999","RM 12,000 - RM 12,999",,2026-02,1.0292421339351638,,3.1b!R22C20
3.1b,share_pct,,"RM 12,000 - RM 12,999","RM 12,000 - RM 12,999",,2026-03,0.960489756700805,,3.1b!R22C21
3.1b,share_pct,,"RM 13,000 - RM 13,999","RM 13,000 - RM 13,999",,2024-10,0.6,,3.1b!R23C4
3.1b,share_pct,,"RM 13,000 - RM 13,999","RM 13,000 - RM 13,999",,2024-11,0.6,,3.1b!R23C5
3.1b,share_pct,,"RM 13,000 - RM 13,999","RM 13,000 - RM 13,999",,2024-12,0.8,,3.1b!R23C6
3.1b,share_pct,,"RM 13,000 - RM 13,999","RM 13,000 - RM 13,999",,2025-01,0.9,,3.1b!R23C7
3.1b,share_pct,,"RM 13,000 - RM 13,999","RM 13,000 - RM 13,999",,2025-02,0.7,,3.1b!R23C8
3.1b,share_pct,,"RM 13,000 - RM 13,999","RM 13,000 - RM 13,999",,2025-03,0.7,,3.1b!R23C9
3.1b,share_pct,,"RM 13,000 - RM 13,999","RM 13,000 - RM 13,999",,2025-04,0.7,,3.1b!R23C10
3.1b,share_pct,,"RM 13,000 - RM 13,999","RM 13,000 - RM 13,999",,2025-05,0.6,,3.1b!R23C11
3.1b,share_pct,,"RM 13,000 - RM 13,999","RM 13,000 - RM 13,999",,2025-06,0.7,,3.1b!R23C12
3.1b,share_pct,,"RM 13,000 - RM 13,999","RM 13,000 - RM 13,999",,2025-07,0.6,,3.1b!R23C13
3.1b,share_pct,,"RM 13,000 - RM 13,999","RM 13,000 - RM 13,999",,2025-08,0.6,,3.1b!R23C14
3.1b,share_pct,,"RM 13,000 - RM 13,999","RM 13,000 - RM 13,999",,2025-09,0.6,,3.1b!R23C15
3.1b,share_pct,,"RM 13,000 - RM 13,999","RM 13,000 - RM 13,999",,2025-10,0.6,,3.1b!R23C16
3.1b,share_pct,,"RM 13,000 - RM 13,999","RM 13,000 - RM 13,999",,2025-11,0.7,,3.1b!R23C17
3.1b,share_pct,,"RM 13,000 - RM 13,999","RM 13,000 - RM 13,999",,2025-12,0.9,,3.1b!R23C18
3.1b,share_pct,,"RM 13,000 - RM 13,999","RM 13,000 - RM 13,999",,2026-01,0.8093821729272391,,3.1b!R23C19
3.1b,share_pct,,"RM 13,000 - RM 13,999","RM 13,000 - RM 13,999",,2026-02,0.781886887438414,,3.1b!R23C20
3.1b,share_pct,,"RM 13,000 - RM 13,999","RM 13,000 - RM 13,999",,2026-03,0.7576541155728993,,3.1b!R23C21
3.1b,share_pct,,"RM 14,000 - RM 14,999","RM 14,000 - RM 14,999",,2024-10,0.5,,3.1b!R24C4
3.1b,share_pct,,"RM 14,000 - RM 14,999","RM 14,000 - RM 14,999",,2024-11,0.5,,3.1b!R24C5
3.1b,share_pct,,"RM 14,000 - RM 14,999","RM 14,000 - RM 14,999",,2024-12,0.7,,3.1b!R24C6
3.1b,share_pct,,"RM 14,000 - RM 14,999","RM 14,000 - RM 14,999",,2025-01,0.7,,3.1b!R24C7
3.1b,share_pct,,"RM 14,000 - RM 14,999","RM 14,000 - RM 14,999",,2025-02,0.5,,3.1b!R24C8
3.1b,share_pct,,"RM 14,000 - RM 14,999","RM 14,000 - RM 14,999",,2025-03,0.6,,3.1b!R24C9
3.1b,share_pct,,"RM 14,000 - RM 14,999","RM 14,000 - RM 14,999",,2025-04,0.6,,3.1b!R24C10
3.1b,share_pct,,"RM 14,000 - RM 14,999","RM 14,000 - RM 14,999",,2025-05,0.5,,3.1b!R24C11
3.1b,share_pct,,"RM 14,000 - RM 14,999","RM 14,000 - RM 14,999",,2025-06,0.5,,3.1b!R24C12
3.1b,share_pct,,"RM 14,000 - RM 14,999","RM 14,000 - RM 14,999",,2025-07,0.5,,3.1b!R24C13
3.1b,share_pct,,"RM 14,000 - RM 14,999","RM 14,000 - RM 14,999",,2025-08,0.5,,3.1b!R24C14
3.1b,share_pct,,"RM 14,000 - RM 14,999","RM 14,000 - RM 14,999",,2025-09,0.5,,3.1b!R24C15
3.1b,share_pct,,"RM 14,000 - RM 14,999","RM 14,000 - RM 14,999",,2025-10,0.5,,3.1b!R24C16
3.1b,share_pct,,"RM 14,000 - RM 14,999","RM 14,000 - RM 14,999",,2025-11,0.5,,3.1b!R24C17
3.1b,share_pct,,"RM 14,000 - RM 14,999","RM 14,000 - RM 14,999",,2025-12,0.7,,3.1b!R24C18
3.1b,share_pct,,"RM 14,000 - RM 14,999","RM 14,000 - RM 14,999",,2026-01,0.6576035802673129,,3.1b!R24C19
3.1b,share_pct,,"RM 14,000 - RM 14,999","RM 14,000 - RM 14,999",,2026-02,0.6370671817077279,,3.1b!R24C20
3.1b,share_pct,,"RM 14,000 - RM 14,999","RM 14,000 - RM 14,999",,2026-03,0.6170340792537419,,3.1b!R24C21
3.1b,share_pct,,"RM 15,000 dan ke atas","RM 15,000 and above",,2024-10,4.0,,3.1b!R25C4
3.1b,share_pct,,"RM 15,000 dan ke atas","RM 15,000 and above",,2024-11,4.0,,3.1b!R25C5
3.1b,share_pct,,"RM 15,000 dan ke atas","RM 15,000 and above",,2024-12,6.1,,3.1b!R25C6
3.1b,share_pct,,"RM 15,000 dan ke atas","RM 15,000 and above",,2025-01,6.2,,3.1b!R25C7
3.1b,share_pct,,"RM 15,000 dan ke atas","RM 15,000 and above",,2025-02,4.9,,3.1b!R25C8
3.1b,share_pct,,"RM 15,000 dan ke atas","RM 15,000 and above",,2025-03,6.9,,3.1b!R25C9
3.1b,share_pct,,"RM 15,000 dan ke atas","RM 15,000 and above",,2025-04,4.9,,3.1b!R25C10
3.1b,share_pct,,"RM 15,000 dan ke atas","RM 15,000 and above",,2025-05,4.3,,3.1b!R25C11
3.1b,share_pct,,"RM 15,000 dan ke atas","RM 15,000 and above",,2025-06,4.5,,3.1b!R25C12
3.1b,share_pct,,"RM 15,000 dan ke atas","RM 15,000 and above",,2025-07,4.2,,3.1b!R25C13
3.1b,share_pct,,"RM 15,000 dan ke atas","RM 15,000 and above",,2025-08,4.1,,3.1b!R25C14
3.1b,share_pct,,"RM 15,000 dan ke atas","RM 15,000 and above",,2025-09,4.2,,3.1b!R25C15
3.1b,share_pct,,"RM 15,000 dan ke atas","RM 15,000 and above",,2025-10,4.2,,3.1b!R25C16
3.1b,share_pct,,"RM 15,000 dan ke atas","RM 15,000 and above",,2025-11,4.3,,3.1b!R25C17
3.1b,share_pct,,"RM 15,000 dan ke atas","RM 15,000 and above",,2025-12,6.5,,3.1b!R25C18
3.1b,share_pct,,"RM 15,000 dan ke atas","RM 15,000 and above",,2026-01,5.6945241681754295,,3.1b!R25C19
3.1b,share_pct,,"RM 15,000 dan ke atas","RM 15,000 and above",,2026-02,5.997716939833762,,3.1b!R25C20
3.1b,share_pct,,"RM 15,000 dan ke atas","RM 15,000 and above",,2026-03,7.235610992000506,,3.1b!R25C21
3.2,wage_rm,,Persentil ke-10,10th percentile,,2024-10,1500.0,,3.2!R9C4
3.2,wage_rm,,Persentil ke-10,10th percentile,,2024-11,1500.0,,3.2!R9C5
3.2,wage_rm,,Persentil ke-10,10th percentile,,2024-12,1500.0,,3.2!R9C6
3.2,wage_rm,,Persentil ke-10,10th percentile,,2025-01,1500.0,,3.2!R9C7
3.2,wage_rm,,Persentil ke-10,10th percentile,,2025-02,1645.0,,3.2!R9C8
3.2,wage_rm,,Persentil ke-10,10th percentile,,2025-03,1700.0,,3.2!R9C9
3.2,wage_rm,,Persentil ke-10,10th percentile,,2025-04,1645.0,,3.2!R9C10
3.2,wage_rm,,Persentil ke-10,10th percentile,,2025-05,1682.0,,3.2!R9C11
3.2,wage_rm,,Persentil ke-10,10th percentile,,2025-06,1664.0,,3.2!R9C12
3.2,wage_rm,,Persentil ke-10,10th percentile,,2025-07,1700.0,,3.2!R9C13
3.2,wage_rm,,Persentil ke-10,10th percentile,,2025-08,1700.0,,3.2!R9C14
3.2,wage_rm,,Persentil ke-10,10th percentile,,2025-09,1700.0,,3.2!R9C15
3.2,wage_rm,,Persentil ke-10,10th percentile,,2025-10,1700.0,,3.2!R9C16
3.2,wage_rm,,Persentil ke-10,10th percentile,,2025-11,1700.0,,3.2!R9C17
3.2,wage_rm,,Persentil ke-10,10th percentile,,2025-12,1700.0,,3.2!R9C18
3.2,wage_rm,,Persentil ke-10,10th percentile,,2026-01,1700.0,,3.2!R9C19
3.2,wage_rm,,Persentil ke-10,10th percentile,,2026-02,1700.0,,3.2!R9C20
3.2,wage_rm,,Persentil ke-10,10th percentile,,2026-03,1700.0,,3.2!R9C21
3.2,wage_rm,,Persentil ke-20,20th percentile,,2024-10,1627.0,,3.2!R10C4
3.2,wage_rm,,Persentil ke-20,20th percentile,,2024-11,1600.0,,3.2!R10C5
3.2,wage_rm,,Persentil ke-20,20th percentile,,2024-12,1664.0,,3.2!R10C6
3.2,wage_rm,,Persentil ke-20,20th percentile,,2025-01,1700.0,,3.2!R10C7
3.2,wage_rm,,Persentil ke-20,20th percentile,,2025-02,1745.0,,3.2!R10C8
3.2,wage_rm,,Persentil ke-20,20th percentile,,2025-03,1782.0,,3.2!R10C9
3.2,wage_rm,,Persentil ke-20,20th percentile,,2025-04,1727.0,,3.2!R10C10
3.2,wage_rm,,Persentil ke-20,20th percentile,,2025-05,1764.0,,3.2!R10C11
3.2,wage_rm,,Persentil ke-20,20th percentile,,2025-06,1745.0,,3.2!R10C12
3.2,wage_rm,,Persentil ke-20,20th percentile,,2025-07,1764.0,,3.2!R10C13
3.2,wage_rm,,Persentil ke-20,20th percentile,,2025-08,1764.0,,3.2!R10C14
3.2,wage_rm,,Persentil ke-20,20th percentile,,2025-09,1764.0,,3.2!R10C15
3.2,wage_rm,,Persentil ke-20,20th percentile,,2025-10,1764.0,,3.2!R10C16
3.2,wage_rm,,Persentil ke-20,20th percentile,,2025-11,1764.0,,3.2!R10C17
3.2,wage_rm,,Persentil ke-20,20th percentile,,2025-12,1782.0,,3.2!R10C18
3.2,wage_rm,,Persentil ke-20,20th percentile,,2026-01,1800.0,,3.2!R10C19
3.2,wage_rm,,Persentil ke-20,20th percentile,,2026-02,1800.0,,3.2!R10C20
3.2,wage_rm,,Persentil ke-20,20th percentile,,2026-03,1800.0,,3.2!R10C21
3.2,wage_rm,,Persentil ke-30,30th percentile,,2024-10,1909.0,,3.2!R11C4
3.2,wage_rm,,Persentil ke-30,30th percentile,,2024-11,1900.0,,3.2!R11C5
3.2,wage_rm,,Persentil ke-30,30th percentile,,2024-12,2000.0,,3.2!R11C6
3.2,wage_rm,,Persentil ke-30,30th percentile,,2025-01,2027.0,,3.2!R11C7
3.2,wage_rm,,Persentil ke-30,30th percentile,,2025-02,2000.0,,3.2!R11C8
3.2,wage_rm,,Persentil ke-30,30th percentile,,2025-03,2027.0,,3.2!R11C9
3.2,wage_rm,,Persentil ke-30,30th percentile,,2025-04,2000.0,,3.2!R11C10
3.2,wage_rm,,Persentil ke-30,30th percentile,,2025-05,2000.0,,3.2!R11C11
3.2,wage_rm,,Persentil ke-30,30th percentile,,2025-06,2000.0,,3.2!R11C12
3.2,wage_rm,,Persentil ke-30,30th percentile,,2025-07,2000.0,,3.2!R11C13
3.2,wage_rm,,Persentil ke-30,30th percentile,,2025-08,2000.0,,3.2!R11C14
3.2,wage_rm,,Persentil ke-30,30th percentile,,2025-09,2000.0,,3.2!R11C15
3.2,wage_rm,,Persentil ke-30,30th percentile,,2025-10,2000.0,,3.2!R11C16
3.2,wage_rm,,Persentil ke-30,30th percentile,,2025-11,2000.0,,3.2!R11C17
3.2,wage_rm,,Persentil ke-30,30th percentile,,2025-12,2064.0,,3.2!R11C18
3.2,wage_rm,,Persentil ke-30,30th percentile,,2026-01,2081.82,,3.2!R11C19
3.2,wage_rm,,Persentil ke-30,30th percentile,,2026-02,2100.0,,3.2!R11C20
3.2,wage_rm,,Persentil ke-30,30th percentile,,2026-03,2100.0,,3.2!R11C21
3.2,wage_rm,,Persentil ke-40,40th percentile,,2024-10,2264.0,,3.2!R12C4
3.2,wage_rm,,Persentil ke-40,40th percentile,,2024-11,2264.0,,3.2!R12C5
3.2,wage_rm,,Persentil ke-40,40th percentile,,2024-12,2464.0,,3.2!R12C6
3.2,wage_rm,,Persentil ke-40,40th percentile,,2025-01,2500.0,,3.2!R12C7
3.2,wage_rm,,Persentil ke-40,40th percentile,,2025-02,2382.0,,3.2!R12C8
3.2,wage_rm,,Persentil ke-40,40th percentile,,2025-03,2482.0,,3.2!R12C9
3.2,wage_rm,,Persentil ke-40,40th percentile,,2025-04,2364.0,,3.2!R12C10
3.2,wage_rm,,Persentil ke-40,40th percentile,,2025-05,2364.0,,3.2!R12C11
3.2,wage_rm,,Persentil ke-40,40th percentile,,2025-06,2382.0,,3.2!R12C12
3.2,wage_rm,,Persentil ke-40,40th percentile,,2025-07,2382.0,,3.2!R12C13
3.2,wage_rm,,Persentil ke-40,40th percentile,,2025-08,2364.0,,3.2!R12C14
3.2,wage_rm,,Persentil ke-40,40th percentile,,2025-09,2382.0,,3.2!R12C15
3.2,wage_rm,,Persentil ke-40,40th percentile,,2025-10,2400.0,,3.2!R12C16
3.2,wage_rm,,Persentil ke-40,40th percentile,,2025-11,2382.0,,3.2!R12C17
3.2,wage_rm,,Persentil ke-40,40th percentile,,2025-12,2500.0,,3.2!R12C18
3.2,wage_rm,,Persentil ke-40,40th percentile,,2026-01,2500.0,,3.2!R12C19
3.2,wage_rm,,Persentil ke-40,40th percentile,,2026-02,2500.0,,3.2!R12C20
3.2,wage_rm,,Persentil ke-40,40th percentile,,2026-03,2500.0,,3.2!R12C21
3.2,wage_rm,,Persentil ke-50,50th percentile,,2024-10,2764.0,,3.2!R13C4
3.2,wage_rm,,Persentil ke-50,50th percentile,,2024-11,2764.0,,3.2!R13C5
3.2,wage_rm,,Persentil ke-50,50th percentile,,2024-12,3045.0,,3.2!R13C6
3.2,wage_rm,,Persentil ke-50,50th percentile,,2025-01,3064.0,,3.2!R13C7
3.2,wage_rm,,Persentil ke-50,50th percentile,,2025-02,2875.0,,3.2!R13C8
3.2,wage_rm,,Persentil ke-50,50th percentile,,2025-03,3000.0,,3.2!R13C9
3.2,wage_rm,,Persentil ke-50,50th percentile,,2025-04,2864.0,,3.2!R13C10
3.2,wage_rm,,Persentil ke-50,50th percentile,,2025-05,2845.0,,3.2!R13C11
3.2,wage_rm,,Persentil ke-50,50th percentile,,2025-06,2864.0,,3.2!R13C12
3.2,wage_rm,,Persentil ke-50,50th percentile,,2025-07,2864.0,,3.2!R13C13
3.2,wage_rm,,Persentil ke-50,50th percentile,,2025-08,2864.0,,3.2!R13C14
3.2,wage_rm,,Persentil ke-50,50th percentile,,2025-09,2864.0,,3.2!R13C15
3.2,wage_rm,,Persentil ke-50,50th percentile,,2025-10,2882.0,,3.2!R13C16
3.2,wage_rm,,Persentil ke-50,50th percentile,,2025-11,2882.0,,3.2!R13C17
3.2,wage_rm,,Persentil ke-50,50th percentile,,2025-12,3167.0,,3.2!R13C18
3.2,wage_rm,,Persentil ke-50,50th percentile,,2026-01,3072.72,,3.2!R13C19
3.2,wage_rm,,Persentil ke-50,50th percentile,,2026-02,3027.27,,3.2!R13C20
3.2,wage_rm,,Persentil ke-50,50th percentile,,2026-03,3027.27,,3.2!R13C21
3.2,wage_rm,,Persentil ke-60,60th percentile,,2024-10,3300.0,,3.2!R14C4
3.2,wage_rm,,Persentil ke-60,60th percentile,,2024-11,3309.0,,3.2!R14C5
3.2,wage_rm,,Persentil ke-60,60th percentile,,2024-12,3700.0,,3.2!R14C6
3.2,wage_rm,,Persentil ke-60,60th percentile,,2025-01,3845.0,,3.2!R14C7
3.2,wage_rm,,Persentil ke-60,60th percentile,,2025-02,3500.0,,3.2!R14C8
3.2,wage_rm,,Persentil ke-60,60th percentile,,2025-03,3664.0,,3.2!R14C9
3.2,wage_rm,,Persentil ke-60,60th percentile,,2025-04,3500.0,,3.2!R14C10
3.2,wage_rm,,Persentil ke-60,60th percentile,,2025-05,3464.0,,3.2!R14C11
3.2,wage_rm,,Persentil ke-60,60th percentile,,2025-06,3482.0,,3.2!R14C12
3.2,wage_rm,,Persentil ke-60,60th percentile,,2025-07,3482.0,,3.2!R14C13
3.2,wage_rm,,Persentil ke-60,60th percentile,,2025-08,3464.0,,3.2!R14C14
3.2,wage_rm,,Persentil ke-60,60th percentile,,2025-09,3475.0,,3.2!R14C15
3.2,wage_rm,,Persentil ke-60,60th percentile,,2025-10,3500.0,,3.2!R14C16
3.2,wage_rm,,Persentil ke-60,60th percentile,,2025-11,3500.0,,3.2!R14C17
3.2,wage_rm,,Persentil ke-60,60th percentile,,2025-12,3827.0,,3.2!R14C18
3.2,wage_rm,,Persentil ke-60,60th percentile,,2026-01,3800.0,,3.2!R14C19
3.2,wage_rm,,Persentil ke-60,60th percentile,,2026-02,3781.82,,3.2!R14C20
3.2,wage_rm,,Persentil ke-60,60th percentile,,2026-03,3800.0,,3.2!R14C21
3.2,wage_rm,,Persentil ke-70,70th percentile,,2024-10,4145.0,,3.2!R15C4
3.2,wage_rm,,Persentil ke-70,70th percentile,,2024-11,4145.0,,3.2!R15C5
3.2,wage_rm,,Persentil ke-70,70th percentile,,2024-12,4782.0,,3.2!R15C6
3.2,wage_rm,,Persentil ke-70,70th percentile,,2025-01,4982.0,,3.2!R15C7
3.2,wage_rm,,Persentil ke-70,70th percentile,,2025-02,4345.0,,3.2!R15C8
3.2,wage_rm,,Persentil ke-70,70th percentile,,2025-03,4664.0,,3.2!R15C9
3.2,wage_rm,,Persentil ke-70,70th percentile,,2025-04,4400.0,,3.2!R15C10
3.2,wage_rm,,Persentil ke-70,70th percentile,,2025-05,4300.0,,3.2!R15C11
3.2,wage_rm,,Persentil ke-70,70th percentile,,2025-06,4327.0,,3.2!R15C12
3.2,wage_rm,,Persentil ke-70,70th percentile,,2025-07,4327.0,,3.2!R15C13
3.2,wage_rm,,Persentil ke-70,70th percentile,,2025-08,4300.0,,3.2!R15C14
3.2,wage_rm,,Persentil ke-70,70th percentile,,2025-09,4300.0,,3.2!R15C15
3.2,wage_rm,,Persentil ke-70,70th percentile,,2025-10,4327.0,,3.2!R15C16
3.2,wage_rm,,Persentil ke-70,70th percentile,,2025-11,4345.0,,3.2!R15C17
3.2,wage_rm,,Persentil ke-70,70th percentile,,2025-12,4964.0,,3.2!R15C18
3.2,wage_rm,,Persentil ke-70,70th percentile,,2026-01,4827.27,,3.2!R15C19
3.2,wage_rm,,Persentil ke-70,70th percentile,,2026-02,4822.22,,3.2!R15C20
3.2,wage_rm,,Persentil ke-70,70th percentile,,2026-03,4827.27,,3.2!R15C21
3.2,wage_rm,,Persentil ke-80,80th percentile,,2024-10,5500.0,,3.2!R16C4
3.2,wage_rm,,Persentil ke-80,80th percentile,,2024-11,5500.0,,3.2!R16C5
3.2,wage_rm,,Persentil ke-80,80th percentile,,2024-12,6600.0,,3.2!R16C6
3.2,wage_rm,,Persentil ke-80,80th percentile,,2025-01,6800.0,,3.2!R16C7
3.2,wage_rm,,Persentil ke-80,80th percentile,,2025-02,5900.0,,3.2!R16C8
3.2,wage_rm,,Persentil ke-80,80th percentile,,2025-03,6400.0,,3.2!R16C9
3.2,wage_rm,,Persentil ke-80,80th percentile,,2025-04,6000.0,,3.2!R16C10
3.2,wage_rm,,Persentil ke-80,80th percentile,,2025-05,5700.0,,3.2!R16C11
3.2,wage_rm,,Persentil ke-80,80th percentile,,2025-06,5800.0,,3.2!R16C12
3.2,wage_rm,,Persentil ke-80,80th percentile,,2025-07,5800.0,,3.2!R16C13
3.2,wage_rm,,Persentil ke-80,80th percentile,,2025-08,5778.0,,3.2!R16C14
3.2,wage_rm,,Persentil ke-80,80th percentile,,2025-09,5800.0,,3.2!R16C15
3.2,wage_rm,,Persentil ke-80,80th percentile,,2025-10,5800.0,,3.2!R16C16
3.2,wage_rm,,Persentil ke-80,80th percentile,,2025-11,5800.0,,3.2!R16C17
3.2,wage_rm,,Persentil ke-80,80th percentile,,2025-12,6800.0,,3.2!R16C18
3.2,wage_rm,,Persentil ke-80,80th percentile,,2026-01,6600.0,,3.2!R16C19
3.2,wage_rm,,Persentil ke-80,80th percentile,,2026-02,6600.0,,3.2!R16C20
3.2,wage_rm,,Persentil ke-80,80th percentile,,2026-03,6700.0,,3.2!R16C21
3.2,wage_rm,,Persentil ke-90,90th percentile,,2024-10,8700.0,,3.2!R17C4
3.2,wage_rm,,Persentil ke-90,90th percentile,,2024-11,8700.0,,3.2!R17C5
3.2,wage_rm,,Persentil ke-90,90th percentile,,2024-12,10800.0,,3.2!R17C6
3.2,wage_rm,,Persentil ke-90,90th percentile,,2025-01,11000.0,,3.2!R17C7
3.2,wage_rm,,Persentil ke-90,90th percentile,,2025-02,9400.0,,3.2!R17C8
3.2,wage_rm,,Persentil ke-90,90th percentile,,2025-03,11000.0,,3.2!R17C9
3.2,wage_rm,,Persentil ke-90,90th percentile,,2025-04,9600.0,,3.2!R17C10
3.2,wage_rm,,Persentil ke-90,90th percentile,,2025-05,9000.0,,3.2!R17C11
3.2,wage_rm,,Persentil ke-90,90th percentile,,2025-06,9200.0,,3.2!R17C12
3.2,wage_rm,,Persentil ke-90,90th percentile,,2025-07,9000.0,,3.2!R17C13
3.2,wage_rm,,Persentil ke-90,90th percentile,,2025-08,9000.0,,3.2!R17C14
3.2,wage_rm,,Persentil ke-90,90th percentile,,2025-09,9000.0,,3.2!R17C15
3.2,wage_rm,,Persentil ke-90,90th percentile,,2025-10,9000.0,,3.2!R17C16
3.2,wage_rm,,Persentil ke-90,90th percentile,,2025-11,9100.0,,3.2!R17C17
3.2,wage_rm,,Persentil ke-90,90th percentile,,2025-12,11122.0,,3.2!R17C18
3.2,wage_rm,,Persentil ke-90,90th percentile,,2026-01,10500.0,,3.2!R17C19
3.2,wage_rm,,Persentil ke-90,90th percentile,,2026-02,10600.0,,3.2!R17C20
3.2,wage_rm,,Persentil ke-90,90th percentile,,2026-03,11500.0,,3.2!R17C21
3.3a,employees_000,Age group,Kurang daripada 20,Less than 20,Agriculture,2026-01,0.677,,3.3a!R10C4
3.3a,employees_000,Age group,Kurang daripada 20,Less than 20,Mining & quarrying,2026-01,0.1,,3.3a!R10C5
3.3a,employees_000,Age group,Kurang daripada 20,Less than 20,Manufacturing,2026-01,11.22,,3.3a!R10C6
3.3a,employees_000,Age group,Kurang daripada 20,Less than 20,Construction,2026-01,2.072,,3.3a!R10C7
3.3a,employees_000,Age group,Kurang daripada 20,Less than 20,Services,2026-01,66.365,,3.3a!R10C8
3.3a,employees_000,Age group,Kurang daripada 20,Less than 20,Unclassified,2026-01,3.114,,3.3a!R10C9
3.3a,employees_000,Age group,20-24,20-24,Agriculture,2026-01,8.829,,3.3a!R11C4
3.3a,employees_000,Age group,20-24,20-24,Mining & quarrying,2026-01,1.318,,3.3a!R11C5
3.3a,employees_000,Age group,20-24,20-24,Manufacturing,2026-01,126.717,,3.3a!R11C6
3.3a,employees_000,Age group,20-24,20-24,Construction,2026-01,28.857,,3.3a!R11C7
3.3a,employees_000,Age group,20-24,20-24,Services,2026-01,492.306,,3.3a!R11C8
3.3a,employees_000,Age group,20-24,20-24,Unclassified,2026-01,29.254,,3.3a!R11C9
3.3a,employees_000,Age group,25-29,25-29,Agriculture,2026-01,17.461,,3.3a!R12C4
3.3a,employees_000,Age group,25-29,25-29,Mining & quarrying,2026-01,4.812,,3.3a!R12C5
3.3a,employees_000,Age group,25-29,25-29,Manufacturing,2026-01,236.55,,3.3a!R12C6
3.3a,employees_000,Age group,25-29,25-29,Construction,2026-01,73.187,,3.3a!R12C7
3.3a,employees_000,Age group,25-29,25-29,Services,2026-01,940.283,,3.3a!R12C8
3.3a,employees_000,Age group,25-29,25-29,Unclassified,2026-01,85.062,,3.3a!R12C9
3.3a,employees_000,Age group,30-34,30-34,Agriculture,2026-01,19.905,,3.3a!R13C4
3.3a,employees_000,Age group,30-34,30-34,Mining & quarrying,2026-01,5.529,,3.3a!R13C5
3.3a,employees_000,Age group,30-34,30-34,Manufacturing,2026-01,206.439,,3.3a!R13C6
3.3a,employees_000,Age group,30-34,30-34,Construction,2026-01,75.479,,3.3a!R13C7
3.3a,employees_000,Age group,30-34,30-34,Services,2026-01,850.542,,3.3a!R13C8
3.3a,employees_000,Age group,30-34,30-34,Unclassified,2026-01,84.69,,3.3a!R13C9
3.3a,employees_000,Age group,35-39,35-39,Agriculture,2026-01,19.769,,3.3a!R14C4
3.3a,employees_000,Age group,35-39,35-39,Mining & quarrying,2026-01,7.089,,3.3a!R14C5
3.3a,employees_000,Age group,35-39,35-39,Manufacturing,2026-01,161.237,,3.3a!R14C6
3.3a,employees_000,Age group,35-39,35-39,Construction,2026-01,64.814,,3.3a!R14C7
3.3a,employees_000,Age group,35-39,35-39,Services,2026-01,676.61,,3.3a!R14C8
3.3a,employees_000,Age group,35-39,35-39,Unclassified,2026-01,68.124,,3.3a!R14C9
3.3a,employees_000,Age group,40-44,40-44,Agriculture,2026-01,18.15,,3.3a!R15C4
3.3a,employees_000,Age group,40-44,40-44,Mining & quarrying,2026-01,6.985,,3.3a!R15C5
3.3a,employees_000,Age group,40-44,40-44,Manufacturing,2026-01,143.486,,3.3a!R15C6
3.3a,employees_000,Age group,40-44,40-44,Construction,2026-01,55.121,,3.3a!R15C7
3.3a,employees_000,Age group,40-44,40-44,Services,2026-01,554.285,,3.3a!R15C8
3.3a,employees_000,Age group,40-44,40-44,Unclassified,2026-01,49.962,,3.3a!R15C9
3.3a,employees_000,Age group,45-49,45-49,Agriculture,2026-01,14.369,,3.3a!R16C4
3.3a,employees_000,Age group,45-49,45-49,Mining & quarrying,2026-01,5.074,,3.3a!R16C5
3.3a,employees_000,Age group,45-49,45-49,Manufacturing,2026-01,127.308,,3.3a!R16C6
3.3a,employees_000,Age group,45-49,45-49,Construction,2026-01,45.914,,3.3a!R16C7
3.3a,employees_000,Age group,45-49,45-49,Services,2026-01,432.037,,3.3a!R16C8
3.3a,employees_000,Age group,45-49,45-49,Unclassified,2026-01,33.174,,3.3a!R16C9
3.3a,employees_000,Age group,50-54,50-54,Agriculture,2026-01,12.063,,3.3a!R17C4
3.3a,employees_000,Age group,50-54,50-54,Mining & quarrying,2026-01,3.58,,3.3a!R17C5
3.3a,employees_000,Age group,50-54,50-54,Manufacturing,2026-01,107.486,,3.3a!R17C6
3.3a,employees_000,Age group,50-54,50-54,Construction,2026-01,39.379,,3.3a!R17C7
3.3a,employees_000,Age group,50-54,50-54,Services,2026-01,339.706,,3.3a!R17C8
3.3a,employees_000,Age group,50-54,50-54,Unclassified,2026-01,24.608,,3.3a!R17C9
3.3a,employees_000,Age group,55-59,55-59,Agriculture,2026-01,10.056,,3.3a!R18C4
3.3a,employees_000,Age group,55-59,55-59,Mining & quarrying,2026-01,2.176,,3.3a!R18C5
3.3a,employees_000,Age group,55-59,55-59,Manufacturing,2026-01,73.077,,3.3a!R18C6
3.3a,employees_000,Age group,55-59,55-59,Construction,2026-01,28.79,,3.3a!R18C7
3.3a,employees_000,Age group,55-59,55-59,Services,2026-01,235.948,,3.3a!R18C8
3.3a,employees_000,Age group,55-59,55-59,Unclassified,2026-01,18.094,,3.3a!R18C9
3.3a,employees_000,Age group,60-64,60-64,Agriculture,2026-01,5.167,,3.3a!R19C4
3.3a,employees_000,Age group,60-64,60-64,Mining & quarrying,2026-01,1.069,,3.3a!R19C5
3.3a,employees_000,Age group,60-64,60-64,Manufacturing,2026-01,30.768,,3.3a!R19C6
3.3a,employees_000,Age group,60-64,60-64,Construction,2026-01,18.573,,3.3a!R19C7
3.3a,employees_000,Age group,60-64,60-64,Services,2026-01,127.129,,3.3a!R19C8
3.3a,employees_000,Age group,60-64,60-64,Unclassified,2026-01,8.316,,3.3a!R19C9
3.3a,employees_000,Age group,65 dan ke atas,65 and above,Agriculture,2026-01,4.015,,3.3a!R20C4
3.3a,employees_000,Age group,65 dan ke atas,65 and above,Mining & quarrying,2026-01,0.728,,3.3a!R20C5
3.3a,employees_000,Age group,65 dan ke atas,65 and above,Manufacturing,2026-01,18.511,,3.3a!R20C6
3.3a,employees_000,Age group,65 dan ke atas,65 and above,Construction,2026-01,12.864,,3.3a!R20C7
3.3a,employees_000,Age group,65 dan ke atas,65 and above,Services,2026-01,92.384,,3.3a!R20C8
3.3a,employees_000,Age group,65 dan ke atas,65 and above,Unclassified,2026-01,6.016,,3.3a!R20C9
3.3a,share_pct,Age group,Kurang daripada 20,Less than 20,Agriculture,2026-01,0.5189290285985849,,3.3a!R23C4
3.3a,share_pct,Age group,Kurang daripada 20,Less than 20,Mining & quarrying,2026-01,0.26001040041601664,,3.3a!R23C5
3.3a,share_pct,Age group,Kurang daripada 20,Less than 20,Manufacturing,2026-01,0.902800855166443,,3.3a!R23C6
3.3a,share_pct,Age group,Kurang daripada 20,Less than 20,Construction,2026-01,0.46556566677901356,,3.3a!R23C7
3.3a,share_pct,Age group,Kurang daripada 20,Less than 20,Services,2026-01,1.3804199396995793,,3.3a!R23C8
3.3a,share_pct,Age group,Kurang daripada 20,Less than 20,Unclassified,2026-01,0.758746046674821,,3.3a!R23C9
3.3a,share_pct,Age group,20-24,20-24,Agriculture,2026-01,6.767539724515373,,3.3a!R24C4
3.3a,share_pct,Age group,20-24,20-24,Mining & quarrying,2026-01,3.426937077483099,,3.3a!R24C5
3.3a,share_pct,Age group,20-24,20-24,Manufacturing,2026-01,10.196097679512134,,3.3a!R24C6
3.3a,share_pct,Age group,20-24,20-24,Construction,2026-01,6.483990562858105,,3.3a!R24C7
3.3a,share_pct,Age group,20-24,20-24,Services,2026-01,10.240172061082516,,3.3a!R24C8
3.3a,share_pct,Age group,20-24,20-24,Unclassified,2026-01,7.127924486006814,,3.3a!R24C9
3.3a,share_pct,Age group,25-29,25-29,Agriculture,2026-01,13.384076467296738,,3.3a!R25C4
3.3a,share_pct,Age group,25-29,25-29,Mining & quarrying,2026-01,12.511700468018722,,3.3a!R25C5
3.3a,share_pct,Age group,25-29,25-29,Manufacturing,2026-01,19.033649045420862,,3.3a!R25C6
3.3a,share_pct,Age group,25-29,25-29,Construction,2026-01,16.444669138299066,,3.3a!R25C7
3.3a,share_pct,Age group,25-29,25-29,Services,2026-01,19.558282259632932,,3.3a!R25C8
3.3a,share_pct,Age group,25-29,25-29,Unclassified,2026-01,20.725901163215678,,3.3a!R25C9
3.3a,share_pct,Age group,30-34,30-34,Agriculture,2026-01,15.25743325591556,,3.3a!R26C4
3.3a,share_pct,Age group,30-34,30-34,Mining & quarrying,2026-01,14.37597503900156,,3.3a!R26C5
3.3a,share_pct,Age group,30-34,30-34,Manufacturing,2026-01,16.61081156325359,,3.3a!R26C6
3.3a,share_pct,Age group,30-34,30-34,Construction,2026-01,16.959667453095157,,3.3a!R26C7
3.3a,share_pct,Age group,30-34,30-34,Services,2026-01,17.691631678625175,,3.3a!R26C8
3.3a,share_pct,Age group,30-34,30-34,Unclassified,2026-01,20.635260980375914,,3.3a!R26C9
3.3a,share_pct,Age group,35-39,35-39,Agriculture,2026-01,15.153187542637262,,3.3a!R27C4
3.3a,share_pct,Age group,35-39,35-39,Mining & quarrying,2026-01,18.43213728549142,,3.3a!R27C5
3.3a,share_pct,Age group,35-39,35-39,Manufacturing,2026-01,12.973698884534024,,3.3a!R27C6
3.3a,share_pct,Age group,35-39,35-39,Construction,2026-01,14.563307493540051,,3.3a!R27C7
3.3a,share_pct,Age group,35-39,35-39,Services,2026-01,14.073772853162547,,3.3a!R27C8
3.3a,share_pct,Age group,35-39,35-39,Unclassified,2026-01,16.598848967140498,,3.3a!R27C9
3.3a,share_pct,Age group,40-44,40-44,Agriculture,2026-01,13.912203647066937,,3.3a!R28C4
3.3a,share_pct,Age group,40-44,40-44,Mining & quarrying,2026-01,18.161726469058763,,3.3a!R28C5
3.3a,share_pct,Age group,40-44,40-44,Manufacturing,2026-01,11.545390686667755,,3.3a!R28C6
3.3a,share_pct,Age group,40-44,40-44,Construction,2026-01,12.385349960678575,,3.3a!R28C7
3.3a,share_pct,Age group,40-44,40-44,Services,2026-01,11.52936135427381,,3.3a!R28C8
3.3a,share_pct,Age group,40-44,40-44,Unclassified,2026-01,12.173561330753826,,3.3a!R28C9
3.3a,share_pct,Age group,45-49,45-49,Agriculture,2026-01,11.014019515410736,,3.3a!R29C4
3.3a,share_pct,Age group,45-49,45-49,Mining & quarrying,2026-01,13.192927717108683,,3.3a!R29C5
3.3a,share_pct,Age group,45-49,45-49,Manufacturing,2026-01,10.243651628300313,,3.3a!R29C6
3.3a,share_pct,Age group,45-49,45-49,Construction,2026-01,10.316593641163914,,3.3a!R29C7
3.3a,share_pct,Age group,45-49,45-49,Services,2026-01,8.986551487802112,,3.3a!R29C8
3.3a,share_pct,Age group,45-49,45-49,Unclassified,2026-01,8.083057595501128,,3.3a!R29C9
3.3a,share_pct,Age group,50-54,50-54,Agriculture,2026-01,9.246441465265482,,3.3a!R30C4
3.3a,share_pct,Age group,50-54,50-54,Mining & quarrying,2026-01,9.308372334893395,,3.3a!R30C5
3.3a,share_pct,Age group,50-54,50-54,Manufacturing,2026-01,8.648703450839596,,3.3a!R30C6
3.3a,share_pct,Age group,50-54,50-54,Construction,2026-01,8.848219301202112,,3.3a!R30C7
3.3a,share_pct,Age group,50-54,50-54,Services,2026-01,7.066027816403005,,3.3a!R30C8
3.3a,share_pct,Age group,50-54,50-54,Unclassified,2026-01,5.995896826131662,,3.3a!R30C9
3.3a,share_pct,Age group,55-59,55-59,Agriculture,2026-01,7.708050681812955,,3.3a!R31C4
3.3a,share_pct,Age group,55-59,55-59,Mining & quarrying,2026-01,5.657826313052523,,3.3a!R31C5
3.3a,share_pct,Age group,55-59,55-59,Manufacturing,2026-01,5.880033698128177,,3.3a!R31C6
3.3a,share_pct,Age group,55-59,55-59,Construction,2026-01,6.46893607459836,,3.3a!R31C7
3.3a,share_pct,Age group,55-59,55-59,Services,2026-01,4.9078177342309415,,3.3a!R31C8
3.3a,share_pct,Age group,55-59,55-59,Unclassified,2026-01,4.408719000813813,,3.3a!R31C9
3.3a,share_pct,Age group,60-64,60-64,Agriculture,2026-01,3.9605705919776786,,3.3a!R32C4
3.3a,share_pct,Age group,60-64,60-64,Mining & quarrying,2026-01,2.779511180447218,,3.3a!R32C5
3.3a,share_pct,Age group,60-64,60-64,Manufacturing,2026-01,2.475702024221133,,3.3a!R32C6
3.3a,share_pct,Age group,60-64,60-64,Construction,2026-01,4.173238961914392,,3.3a!R32C7
3.3a,share_pct,Age group,60-64,60-64,Services,2026-01,2.644336721375241,,3.3a!R32C8
3.3a,share_pct,Age group,60-64,60-64,Unclassified,2026-01,2.0262466679986555,,3.3a!R32C9
3.3a,share_pct,Age group,65 dan ke atas,65 and above,Agriculture,2026-01,3.077548079502686,,3.3a!R33C4
3.3a,share_pct,Age group,65 dan ke atas,65 and above,Mining & quarrying,2026-01,1.892875715028601,,3.3a!R33C5
3.3a,share_pct,Age group,65 dan ke atas,65 and above,Manufacturing,2026-01,1.4894604839559735,,3.3a!R33C6
3.3a,share_pct,Age group,65 dan ke atas,65 and above,Construction,2026-01,2.8904617458712507,,3.3a!R33C7
3.3a,share_pct,Age group,65 dan ke atas,65 and above,Services,2026-01,1.9216260937121366,,3.3a!R33C8
3.3a,share_pct,Age group,65 dan ke atas,65 and above,Unclassified,2026-01,1.4658369353871945,,3.3a!R33C9
3.3b,employees_000,Age group,Kurang daripada 20,Less than 20,Agriculture,2026-02,0.719,,3.3b!R10C4
3.3b,employees_000,Age group,Kurang daripada 20,Less than 20,Mining & quarrying,2026-02,0.101,,3.3b!R10C5
3.3b,employees_000,Age group,Kurang daripada 20,Less than 20,Manufacturing,2026-02,11.789,,3.3b!R10C6
3.3b,employees_000,Age group,Kurang daripada 20,Less than 20,Construction,2026-02,2.175,,3.3b!R10C7
3.3b,employees_000,Age group,Kurang daripada 20,Less than 20,Services,2026-02,69.722,,3.3b!R10C8
3.3b,employees_000,Age group,Kurang daripada 20,Less than 20,Unclassified,2026-02,3.12,,3.3b!R10C9
3.3b,employees_000,Age group,20-24,20-24,Agriculture,2026-02,8.883,,3.3b!R11C4
3.3b,employees_000,Age group,20-24,20-24,Mining & quarrying,2026-02,1.317,,3.3b!R11C5
3.3b,employees_000,Age group,20-24,20-24,Manufacturing,2026-02,127.599,,3.3b!R11C6
3.3b,employees_000,Age group,20-24,20-24,Construction,2026-02,28.645,,3.3b!R11C7
3.3b,employees_000,Age group,20-24,20-24,Services,2026-02,491.488,,3.3b!R11C8
3.3b,employees_000,Age group,20-24,20-24,Unclassified,2026-02,29.935,,3.3b!R11C9
3.3b,employees_000,Age group,25-29,25-29,Agriculture,2026-02,17.426,,3.3b!R12C4
3.3b,employees_000,Age group,25-29,25-29,Mining & quarrying,2026-02,4.816,,3.3b!R12C5
3.3b,employees_000,Age group,25-29,25-29,Manufacturing,2026-02,236.304,,3.3b!R12C6
3.3b,employees_000,Age group,25-29,25-29,Construction,2026-02,72.132,,3.3b!R12C7
3.3b,employees_000,Age group,25-29,25-29,Services,2026-02,932.72,,3.3b!R12C8
3.3b,employees_000,Age group,25-29,25-29,Unclassified,2026-02,86.594,,3.3b!R12C9
3.3b,employees_000,Age group,30-34,30-34,Agriculture,2026-02,19.898,,3.3b!R13C4
3.3b,employees_000,Age group,30-34,30-34,Mining & quarrying,2026-02,5.485,,3.3b!R13C5
3.3b,employees_000,Age group,30-34,30-34,Manufacturing,2026-02,205.567,,3.3b!R13C6
3.3b,employees_000,Age group,30-34,30-34,Construction,2026-02,74.23,,3.3b!R13C7
3.3b,employees_000,Age group,30-34,30-34,Services,2026-02,840.79,,3.3b!R13C8
3.3b,employees_000,Age group,30-34,30-34,Unclassified,2026-02,84.814,,3.3b!R13C9
3.3b,employees_000,Age group,35-39,35-39,Agriculture,2026-02,19.691,,3.3b!R14C4
3.3b,employees_000,Age group,35-39,35-39,Mining & quarrying,2026-02,7.057,,3.3b!R14C5
3.3b,employees_000,Age group,35-39,35-39,Manufacturing,2026-02,160.518,,3.3b!R14C6
3.3b,employees_000,Age group,35-39,35-39,Construction,2026-02,63.653,,3.3b!R14C7
3.3b,employees_000,Age group,35-39,35-39,Services,2026-02,669.531,,3.3b!R14C8
3.3b,employees_000,Age group,35-39,35-39,Unclassified,2026-02,68.48,,3.3b!R14C9
3.3b,employees_000,Age group,40-44,40-44,Agriculture,2026-02,18.105,,3.3b!R15C4
3.3b,employees_000,Age group,40-44,40-44,Mining & quarrying,2026-02,6.95,,3.3b!R15C5
3.3b,employees_000,Age group,40-44,40-44,Manufacturing,2026-02,142.817,,3.3b!R15C6
3.3b,employees_000,Age group,40-44,40-44,Construction,2026-02,54.133,,3.3b!R15C7
3.3b,employees_000,Age group,40-44,40-44,Services,2026-02,548.467,,3.3b!R15C8
3.3b,employees_000,Age group,40-44,40-44,Unclassified,2026-02,50.434,,3.3b!R15C9
3.3b,employees_000,Age group,45-49,45-49,Agriculture,2026-02,14.281,,3.3b!R16C4
3.3b,employees_000,Age group,45-49,45-49,Mining & quarrying,2026-02,5.03,,3.3b!R16C5
3.3b,employees_000,Age group,45-49,45-49,Manufacturing,2026-02,126.713,,3.3b!R16C6
3.3b,employees_000,Age group,45-49,45-49,Construction,2026-02,45.051,,3.3b!R16C7
3.3b,employees_000,Age group,45-49,45-49,Services,2026-02,427.51,,3.3b!R16C8
3.3b,employees_000,Age group,45-49,45-49,Unclassified,2026-02,33.578,,3.3b!R16C9
3.3b,employees_000,Age group,50-54,50-54,Agriculture,2026-02,12.018,,3.3b!R17C4
3.3b,employees_000,Age group,50-54,50-54,Mining & quarrying,2026-02,3.537,,3.3b!R17C5
3.3b,employees_000,Age group,50-54,50-54,Manufacturing,2026-02,106.787,,3.3b!R17C6
3.3b,employees_000,Age group,50-54,50-54,Construction,2026-02,38.712,,3.3b!R17C7
3.3b,employees_000,Age group,50-54,50-54,Services,2026-02,335.795,,3.3b!R17C8
3.3b,employees_000,Age group,50-54,50-54,Unclassified,2026-02,24.834,,3.3b!R17C9
3.3b,employees_000,Age group,55-59,55-59,Agriculture,2026-02,10.004,,3.3b!R18C4
3.3b,employees_000,Age group,55-59,55-59,Mining & quarrying,2026-02,2.13,,3.3b!R18C5
3.3b,employees_000,Age group,55-59,55-59,Manufacturing,2026-02,72.443,,3.3b!R18C6
3.3b,employees_000,Age group,55-59,55-59,Construction,2026-02,28.239,,3.3b!R18C7
3.3b,employees_000,Age group,55-59,55-59,Services,2026-02,232.77,,3.3b!R18C8
3.3b,employees_000,Age group,55-59,55-59,Unclassified,2026-02,18.193,,3.3b!R18C9
3.3b,employees_000,Age group,60-64,60-64,Agriculture,2026-02,5.06,,3.3b!R19C4
3.3b,employees_000,Age group,60-64,60-64,Mining & quarrying,2026-02,1.031,,3.3b!R19C5
3.3b,employees_000,Age group,60-64,60-64,Manufacturing,2026-02,30.265,,3.3b!R19C6
3.3b,employees_000,Age group,60-64,60-64,Construction,2026-02,18.113,,3.3b!R19C7
3.3b,employees_000,Age group,60-64,60-64,Services,2026-02,124.883,,3.3b!R19C8
3.3b,employees_000,Age group,60-64,60-64,Unclassified,2026-02,8.225,,3.3b!R19C9
3.3b,employees_000,Age group,65 dan ke atas,65 and above,Agriculture,2026-02,3.964,,3.3b!R20C4
3.3b,employees_000,Age group,65 dan ke atas,65 and above,Mining & quarrying,2026-02,0.708,,3.3b!R20C5
3.3b,employees_000,Age group,65 dan ke atas,65 and above,Manufacturing,2026-02,18.214,,3.3b!R20C6
3.3b,employees_000,Age group,65 dan ke atas,65 and above,Construction,2026-02,12.577,,3.3b!R20C7
3.3b,employees_000,Age group,65 dan ke atas,65 and above,Services,2026-02,91.147,,3.3b!R20C8
3.3b,employees_000,Age group,65 dan ke atas,65 and above,Unclassified,2026-02,5.989,,3.3b!R20C9
3.3b,share_pct,Age group,Kurang daripada 20,Less than 20,Agriculture,2026-02,0.5528685341678905,,3.3b!R23C4
3.3b,share_pct,Age group,Kurang daripada 20,Less than 20,Mining & quarrying,2026-02,0.26466118127980715,,3.3b!R23C5
3.3b,share_pct,Age group,Kurang daripada 20,Less than 20,Manufacturing,2026-02,0.9514808525475054,,3.3b!R23C6
3.3b,share_pct,Age group,Kurang daripada 20,Less than 20,Construction,2026-02,0.49696111136498644,,3.3b!R23C7
3.3b,share_pct,Age group,Kurang daripada 20,Less than 20,Services,2026-02,1.4632652671463344,,3.3b!R23C8
3.3b,share_pct,Age group,Kurang daripada 20,Less than 20,Unclassified,2026-02,0.753266569450212,,3.3b!R23C9
3.3b,share_pct,Age group,20-24,20-24,Agriculture,2026-02,6.830502349114563,,3.3b!R24C4
3.3b,share_pct,Age group,20-24,20-24,Mining & quarrying,2026-02,3.4510769875792673,,3.3b!R24C5
3.3b,share_pct,Age group,20-24,20-24,Manufacturing,2026-02,10.298414225482157,,3.3b!R24C6
3.3b,share_pct,Age group,20-24,20-24,Construction,2026-02,6.545034958643696,,3.3b!R24C7
3.3b,share_pct,Age group,20-24,20-24,Services,2026-02,10.314926703468313,,3.3b!R24C8
3.3b,share_pct,Age group,20-24,20-24,Unclassified,2026-02,7.227254729644901,,3.3b!R24C9
3.3b,share_pct,Age group,25-29,25-29,Agriculture,2026-02,13.39956477942929,,3.3b!R25C4
3.3b,share_pct,Age group,25-29,25-29,Mining & quarrying,2026-02,12.619883653896547,,3.3b!R25C5
3.3b,share_pct,Age group,25-29,25-29,Manufacturing,2026-02,19.07190867591702,,3.3b!R25C6
3.3b,share_pct,Age group,25-29,25-29,Construction,2026-02,16.481286843668602,,3.3b!R25C7
3.3b,share_pct,Age group,25-29,25-29,Services,2026-02,19.575123776895804,,3.3b!R25C8
3.3b,share_pct,Age group,25-29,25-29,Unclassified,2026-02,20.906527344542194,,3.3b!R25C9
3.3b,share_pct,Age group,30-34,30-34,Agriculture,2026-02,15.300386777291635,,3.3b!R26C4
3.3b,share_pct,Age group,30-34,30-34,Mining & quarrying,2026-02,14.37293642890834,,3.3b!R26C5
3.3b,share_pct,Age group,30-34,30-34,Manufacturing,2026-02,16.5911497510928,,3.3b!R26C6
3.3b,share_pct,Age group,30-34,30-34,Construction,2026-02,16.960654389251932,,3.3b!R26C7
3.3b,share_pct,Age group,30-34,30-34,Services,2026-02,17.645776139008728,,3.3b!R26C8
3.3b,share_pct,Age group,30-34,30-34,Unclassified,2026-02,20.476779109407136,,3.3b!R26C9
3.3b,share_pct,Age group,35-39,35-39,Agriculture,2026-02,15.141216003198792,,3.3b!R27C4
3.3b,share_pct,Age group,35-39,35-39,Mining & quarrying,2026-02,18.492217389025733,,3.3b!R27C5
3.3b,share_pct,Age group,35-39,35-39,Manufacturing,2026-02,12.95528064205789,,3.3b!R27C6
3.3b,share_pct,Age group,35-39,35-39,Construction,2026-02,14.543938216880683,,3.3b!R27C7
3.3b,share_pct,Age group,35-39,35-39,Services,2026-02,14.05153979486751,,3.3b!R27C8
3.3b,share_pct,Age group,35-39,35-39,Unclassified,2026-02,16.533235473061062,,3.3b!R27C9
3.3b,share_pct,Age group,40-44,40-44,Agriculture,2026-02,13.921675676091319,,3.3b!R28C4
3.3b,share_pct,Age group,40-44,40-44,Mining & quarrying,2026-02,18.211833761333267,,3.3b!R28C5
3.3b,share_pct,Age group,40-44,40-44,Manufacturing,2026-02,11.52664695209747,,3.3b!R28C6
3.3b,share_pct,Age group,40-44,40-44,Construction,2026-02,12.368733720239454,,3.3b!R28C7
3.3b,share_pct,Age group,40-44,40-44,Services,2026-02,11.510752865321544,,3.3b!R28C8
3.3b,share_pct,Age group,40-44,40-44,Unclassified,2026-02,12.176360949888457,,3.3b!R28C9
3.3b,share_pct,Age group,45-49,45-49,Agriculture,2026-02,10.981245530530801,,3.3b!R29C4
3.3b,share_pct,Age group,45-49,45-49,Mining & quarrying,2026-02,13.180650909281486,,3.3b!R29C5
3.3b,share_pct,Age group,45-49,45-49,Manufacturing,2026-02,10.22690586723658,,3.3b!R29C6
3.3b,share_pct,Age group,45-49,45-49,Construction,2026-02,10.293606909473107,,3.3b!R29C7
3.3b,share_pct,Age group,45-49,45-49,Services,2026-02,8.972211559589937,,3.3b!R29C8
3.3b,share_pct,Age group,45-49,45-49,Unclassified,2026-02,8.106790022115135,,3.3b!R29C9
3.3b,share_pct,Age group,50-54,50-54,Agriculture,2026-02,9.24113218863659,,3.3b!R30C4
3.3b,share_pct,Age group,50-54,50-54,Mining & quarrying,2026-02,9.268382160264137,,3.3b!R30C5
3.3b,share_pct,Age group,50-54,50-54,Manufacturing,2026-02,8.618694189582701,,3.3b!R30C6
3.3b,share_pct,Age group,50-54,50-54,Construction,2026-02,8.845222318694876,,3.3b!R30C7
3.3b,share_pct,Age group,50-54,50-54,Services,2026-02,7.0473761564700315,,3.3b!R30C8
3.3b,share_pct,Age group,50-54,50-54,Unclassified,2026-02,5.995712174912359,,3.3b!R30C9
3.3b,share_pct,Age group,55-59,55-59,Agriculture,2026-02,7.692485140216379,,3.3b!R31C4
3.3b,share_pct,Age group,55-59,55-59,Mining & quarrying,2026-02,5.581468476494942,,3.3b!R31C5
3.3b,share_pct,Age group,55-59,55-59,Manufacturing,2026-02,5.846817151675199,,3.3b!R31C6
3.3b,share_pct,Age group,55-59,55-59,Construction,2026-02,6.452268884522232,,3.3b!R31C7
3.3b,share_pct,Age group,55-59,55-59,Services,2026-02,4.885176217458655,,3.3b!R31C8
3.3b,share_pct,Age group,55-59,55-59,Unclassified,2026-02,4.392364967310162,,3.3b!R31C9
3.3b,share_pct,Age group,60-64,60-64,Agriculture,2026-02,3.8908411444916915,,3.3b!R32C4
3.3b,share_pct,Age group,60-64,60-64,Mining & quarrying,2026-02,2.7016403752423876,,3.3b!R32C5
3.3b,share_pct,Age group,60-64,60-64,Manufacturing,2026-02,2.442664178670816,,3.3b!R32C6
3.3b,share_pct,Age group,60-64,60-64,Construction,2026-02,4.1386007403006895,,3.3b!R32C7
3.3b,share_pct,Age group,60-64,60-64,Services,2026-02,2.6209368112939346,,3.3b!R32C8
3.3b,share_pct,Age group,60-64,60-64,Unclassified,2026-02,1.985774850553844,,3.3b!R32C9
3.3b,share_pct,Age group,65 dan ke atas,65 and above,Agriculture,2026-02,3.0480818768310405,,3.3b!R33C4
3.3b,share_pct,Age group,65 dan ke atas,65 and above,Mining & quarrying,2026-02,1.8552486766940934,,3.3b!R33C5
3.3b,share_pct,Age group,65 dan ke atas,65 and above,Manufacturing,2026-02,1.4700375136398558,,3.3b!R33C6
3.3b,share_pct,Age group,65 dan ke atas,65 and above,Construction,2026-02,2.87369190695974,,3.3b!R33C7
3.3b,share_pct,Age group,65 dan ke atas,65 and above,Services,2026-02,1.9129147084792026,,3.3b!R33C8
3.3b,share_pct,Age group,65 dan ke atas,65 and above,Unclassified,2026-02,1.4459338091145253,,3.3b!R33C9
3.3c,employees_000,Age group,Kurang daripada 20,Less than 20,Agriculture,2026-03,0.839,,3.3c!R10C4
3.3c,employees_000,Age group,Kurang daripada 20,Less than 20,Mining & quarrying,2026-03,0.114,,3.3c!R10C5
3.3c,employees_000,Age group,Kurang daripada 20,Less than 20,Manufacturing,2026-03,13.009,,3.3c!R10C6
3.3c,employees_000,Age group,Kurang daripada 20,Less than 20,Construction,2026-03,2.363,,3.3c!R10C7
3.3c,employees_000,Age group,Kurang daripada 20,Less than 20,Services,2026-03,79.749,,3.3c!R10C8
3.3c,employees_000,Age group,Kurang daripada 20,Less than 20,Unclassified,2026-03,3.542,,3.3c!R10C9
3.3c,employees_000,Age group,20-24,20-24,Agriculture,2026-03,8.985,,3.3c!R11C4
3.3c,employees_000,Age group,20-24,20-24,Mining & quarrying,2026-03,1.417,,3.3c!R11C5
3.3c,employees_000,Age group,20-24,20-24,Manufacturing,2026-03,128.304,,3.3c!R11C6
3.3c,employees_000,Age group,20-24,20-24,Construction,2026-03,28.268,,3.3c!R11C7
3.3c,employees_000,Age group,20-24,20-24,Services,2026-03,503.308,,3.3c!R11C8
3.3c,employees_000,Age group,20-24,20-24,Unclassified,2026-03,30.162,,3.3c!R11C9
3.3c,employees_000,Age group,25-29,25-29,Agriculture,2026-03,17.449,,3.3c!R12C4
3.3c,employees_000,Age group,25-29,25-29,Mining & quarrying,2026-03,4.852,,3.3c!R12C5
3.3c,employees_000,Age group,25-29,25-29,Manufacturing,2026-03,234.958,,3.3c!R12C6
3.3c,employees_000,Age group,25-29,25-29,Construction,2026-03,70.44,,3.3c!R12C7
3.3c,employees_000,Age group,25-29,25-29,Services,2026-03,939.517,,3.3c!R12C8
3.3c,employees_000,Age group,25-29,25-29,Unclassified,2026-03,85.74,,3.3c!R12C9
3.3c,employees_000,Age group,30-34,30-34,Agriculture,2026-03,19.917,,3.3c!R13C4
3.3c,employees_000,Age group,30-34,30-34,Mining & quarrying,2026-03,5.433,,3.3c!R13C5
3.3c,employees_000,Age group,30-34,30-34,Manufacturing,2026-03,204.271,,3.3c!R13C6
3.3c,employees_000,Age group,30-34,30-34,Construction,2026-03,72.186,,3.3c!R13C7
3.3c,employees_000,Age group,30-34,30-34,Services,2026-03,844.238,,3.3c!R13C8
3.3c,employees_000,Age group,30-34,30-34,Unclassified,2026-03,83.208,,3.3c!R13C9
3.3c,employees_000,Age group,35-39,35-39,Agriculture,2026-03,19.737,,3.3c!R14C4
3.3c,employees_000,Age group,35-39,35-39,Mining & quarrying,2026-03,6.978,,3.3c!R14C5
3.3c,employees_000,Age group,35-39,35-39,Manufacturing,2026-03,159.516,,3.3c!R14C6
3.3c,employees_000,Age group,35-39,35-39,Construction,2026-03,61.989,,3.3c!R14C7
3.3c,employees_000,Age group,35-39,35-39,Services,2026-03,673.468,,3.3c!R14C8
3.3c,employees_000,Age group,35-39,35-39,Unclassified,2026-03,67.554,,3.3c!R14C9
3.3c,employees_000,Age group,40-44,40-44,Agriculture,2026-03,18.114,,3.3c!R15C4
3.3c,employees_000,Age group,40-44,40-44,Mining & quarrying,2026-03,7.001,,3.3c!R15C5
3.3c,employees_000,Age group,40-44,40-44,Manufacturing,2026-03,141.989,,3.3c!R15C6
3.3c,employees_000,Age group,40-44,40-44,Construction,2026-03,52.53,,3.3c!R15C7
3.3c,employees_000,Age group,40-44,40-44,Services,2026-03,552.201,,3.3c!R15C8
3.3c,employees_000,Age group,40-44,40-44,Unclassified,2026-03,49.666,,3.3c!R15C9
3.3c,employees_000,Age group,45-49,45-49,Agriculture,2026-03,14.273,,3.3c!R16C4
3.3c,employees_000,Age group,45-49,45-49,Mining & quarrying,2026-03,5.063,,3.3c!R16C5
3.3c,employees_000,Age group,45-49,45-49,Manufacturing,2026-03,125.894,,3.3c!R16C6
3.3c,employees_000,Age group,45-49,45-49,Construction,2026-03,43.636,,3.3c!R16C7
3.3c,employees_000,Age group,45-49,45-49,Services,2026-03,430.802,,3.3c!R16C8
3.3c,employees_000,Age group,45-49,45-49,Unclassified,2026-03,32.976,,3.3c!R16C9
3.3c,employees_000,Age group,50-54,50-54,Agriculture,2026-03,11.996,,3.3c!R17C4
3.3c,employees_000,Age group,50-54,50-54,Mining & quarrying,2026-03,3.623,,3.3c!R17C5
3.3c,employees_000,Age group,50-54,50-54,Manufacturing,2026-03,105.866,,3.3c!R17C6
3.3c,employees_000,Age group,50-54,50-54,Construction,2026-03,37.422,,3.3c!R17C7
3.3c,employees_000,Age group,50-54,50-54,Services,2026-03,338.131,,3.3c!R17C8
3.3c,employees_000,Age group,50-54,50-54,Unclassified,2026-03,24.442,,3.3c!R17C9
3.3c,employees_000,Age group,55-59,55-59,Agriculture,2026-03,9.928,,3.3c!R18C4
3.3c,employees_000,Age group,55-59,55-59,Mining & quarrying,2026-03,2.235,,3.3c!R18C5
3.3c,employees_000,Age group,55-59,55-59,Manufacturing,2026-03,71.593,,3.3c!R18C6
3.3c,employees_000,Age group,55-59,55-59,Construction,2026-03,27.129,,3.3c!R18C7
3.3c,employees_000,Age group,55-59,55-59,Services,2026-03,234.006,,3.3c!R18C8
3.3c,employees_000,Age group,55-59,55-59,Unclassified,2026-03,17.942,,3.3c!R18C9
3.3c,employees_000,Age group,60-64,60-64,Agriculture,2026-03,4.989,,3.3c!R19C4
3.3c,employees_000,Age group,60-64,60-64,Mining & quarrying,2026-03,1.038,,3.3c!R19C5
3.3c,employees_000,Age group,60-64,60-64,Manufacturing,2026-03,29.581,,3.3c!R19C6
3.3c,employees_000,Age group,60-64,60-64,Construction,2026-03,17.362,,3.3c!R19C7
3.3c,employees_000,Age group,60-64,60-64,Services,2026-03,125.215,,3.3c!R19C8
3.3c,employees_000,Age group,60-64,60-64,Unclassified,2026-03,8.24,,3.3c!R19C9
3.3c,employees_000,Age group,65 dan ke atas,65 and above,Agriculture,2026-03,3.912,,3.3c!R20C4
3.3c,employees_000,Age group,65 dan ke atas,65 and above,Mining & quarrying,2026-03,0.662,,3.3c!R20C5
3.3c,employees_000,Age group,65 dan ke atas,65 and above,Manufacturing,2026-03,17.783,,3.3c!R20C6
3.3c,employees_000,Age group,65 dan ke atas,65 and above,Construction,2026-03,12.095,,3.3c!R20C7
3.3c,employees_000,Age group,65 dan ke atas,65 and above,Services,2026-03,91.279,,3.3c!R20C8
3.3c,employees_000,Age group,65 dan ke atas,65 and above,Unclassified,2026-03,5.946,,3.3c!R20C9
3.3c,share_pct,Age group,Kurang daripada 20,Less than 20,Agriculture,2026-03,0.6446952873466062,,3.3c!R23C4
3.3c,share_pct,Age group,Kurang daripada 20,Less than 20,Mining & quarrying,2026-03,0.2967513536026656,,3.3c!R23C5
3.3c,share_pct,Age group,Kurang daripada 20,Less than 20,Manufacturing,2026-03,1.055270919656966,,3.3c!R23C6
3.3c,share_pct,Age group,Kurang daripada 20,Less than 20,Construction,2026-03,0.555451083634996,,3.3c!R23C7
3.3c,share_pct,Age group,Kurang daripada 20,Less than 20,Services,2026-03,1.6573238840095645,,3.3c!R23C8
3.3c,share_pct,Age group,Kurang daripada 20,Less than 20,Unclassified,2026-03,0.8651305023228094,,3.3c!R23C9
3.3c,share_pct,Age group,20-24,20-24,Agriculture,2026-03,6.90415632516002,,3.3c!R24C4
3.3c,share_pct,Age group,20-24,20-24,Mining & quarrying,2026-03,3.68856726364015,,3.3c!R24C5
3.3c,share_pct,Age group,20-24,20-24,Manufacturing,2026-03,10.407831507084893,,3.3c!R24C6
3.3c,share_pct,Age group,20-24,20-24,Construction,2026-03,6.644727563349161,,3.3c!R24C7
3.3c,share_pct,Age group,20-24,20-24,Services,2026-03,10.459621680686729,,3.3c!R24C8
3.3c,share_pct,Age group,20-24,20-24,Unclassified,2026-03,7.367042973196098,,3.3c!R24C9
3.3c,share_pct,Age group,25-29,25-29,Agriculture,2026-03,13.407971476651886,,3.3c!R25C4
3.3c,share_pct,Age group,25-29,25-29,Mining & quarrying,2026-03,12.630154102457311,,3.3c!R25C5
3.3c,share_pct,Age group,25-29,25-29,Manufacturing,2026-03,19.0594469014345,,3.3c!R25C6
3.3c,share_pct,Age group,25-29,25-29,Construction,2026-03,16.557754689483335,,3.3c!R25C7
3.3c,share_pct,Age group,25-29,25-29,Services,2026-03,19.524808631243204,,3.3c!R25C8
3.3c,share_pct,Age group,25-29,25-29,Unclassified,2026-03,20.94192243623876,,3.3c!R25C9
3.3c,share_pct,Age group,30-34,30-34,Agriculture,2026-03,15.304405289728676,,3.3c!R26C4
3.3c,share_pct,Age group,30-34,30-34,Mining & quarrying,2026-03,14.142544773011245,,3.3c!R26C5
3.3c,share_pct,Age group,30-34,30-34,Manufacturing,2026-03,16.570162658870636,,3.3c!R26C6
3.3c,share_pct,Age group,30-34,30-34,Construction,2026-03,16.968172629401536,,3.3c!R26C7
3.3c,share_pct,Age group,30-34,30-34,Services,2026-03,17.544744149625284,,3.3c!R26C8
3.3c,share_pct,Age group,30-34,30-34,Unclassified,2026-03,20.323483579129398,,3.3c!R26C9
3.3c,share_pct,Age group,35-39,35-39,Agriculture,2026-03,15.16609164047672,,3.3c!R27C4
3.3c,share_pct,Age group,35-39,35-39,Mining & quarrying,2026-03,18.164306538942107,,3.3c!R27C5
3.3c,share_pct,Age group,35-39,35-39,Manufacturing,2026-03,12.939702976401,,3.3c!R27C6
3.3c,share_pct,Age group,35-39,35-39,Construction,2026-03,14.571247238023599,,3.3c!R27C7
3.3c,share_pct,Age group,35-39,35-39,Services,2026-03,13.99584448101109,,3.3c!R27C8
3.3c,share_pct,Age group,35-39,35-39,Unclassified,2026-03,16.500007327474613,,3.3c!R27C9
3.3c,share_pct,Age group,40-44,40-44,Agriculture,2026-03,13.918963569721605,,3.3c!R28C4
3.3c,share_pct,Age group,40-44,40-44,Mining & quarrying,2026-03,18.224177426072472,,3.3c!R28C5
3.3c,share_pct,Age group,40-44,40-44,Manufacturing,2026-03,11.517938551093316,,3.3c!R28C6
3.3c,share_pct,Age group,40-44,40-44,Construction,2026-03,12.347797470734804,,3.3c!R28C7
3.3c,share_pct,Age group,40-44,40-44,Services,2026-03,11.475703846743729,,3.3c!R28C8
3.3c,share_pct,Age group,40-44,40-44,Unclassified,2026-03,12.130878466506111,,3.3c!R28C9
3.3c,share_pct,Age group,45-49,45-49,Agriculture,2026-03,10.967503976517415,,3.3c!R29C4
3.3c,share_pct,Age group,45-49,45-49,Mining & quarrying,2026-03,13.179404414827156,,3.3c!R29C5
3.3c,share_pct,Age group,45-49,45-49,Manufacturing,2026-03,10.212335856660319,,3.3c!R29C6
3.3c,share_pct,Age group,45-49,45-49,Construction,2026-03,10.257157632457336,,3.3c!R29C7
3.3c,share_pct,Age group,45-49,45-49,Services,2026-03,8.952820021305453,,3.3c!R29C8
3.3c,share_pct,Age group,45-49,45-49,Unclassified,2026-03,8.054360091642282,,3.3c!R29C9
3.3c,share_pct,Age group,50-54,50-54,Agriculture,2026-03,9.217836313480202,,3.3c!R30C4
3.3c,share_pct,Age group,50-54,50-54,Mining & quarrying,2026-03,9.430966264056645,,3.3c!R30C5
3.3c,share_pct,Age group,50-54,50-54,Manufacturing,2026-03,8.587693994957673,,3.3c!R30C6
3.3c,share_pct,Age group,50-54,50-54,Construction,2026-03,8.796483475153964,,3.3c!R30C7
3.3c,share_pct,Age group,50-54,50-54,Services,2026-03,7.0269543470643905,,3.3c!R30C8
3.3c,share_pct,Age group,50-54,50-54,Unclassified,2026-03,5.969937814165474,,3.3c!R30C9
3.3c,share_pct,Age group,55-59,55-59,Agriculture,2026-03,7.6287661654077565,,3.3c!R31C4
3.3c,share_pct,Age group,55-59,55-59,Mining & quarrying,2026-03,5.817888379841732,,3.3c!R31C5
3.3c,share_pct,Age group,55-59,55-59,Manufacturing,2026-03,5.807518714044214,,3.3c!R31C6
3.3c,share_pct,Age group,55-59,55-59,Construction,2026-03,6.37699214893517,,3.3c!R31C7
3.3c,share_pct,Age group,55-59,55-59,Services,2026-03,4.86305449349261,,3.3c!R31C8
3.3c,share_pct,Age group,55-59,55-59,Unclassified,2026-03,4.382318315267038,,3.3c!R31C9
3.3c,share_pct,Age group,60-64,60-64,Agriculture,2026-03,3.833593311766649,,3.3c!R32C4
3.3c,share_pct,Age group,60-64,60-64,Mining & quarrying,2026-03,2.7019991670137444,,3.3c!R32C5
3.3c,share_pct,Age group,60-64,60-64,Manufacturing,2026-03,2.3995671515391432,,3.3c!R32C6
3.3c,share_pct,Age group,60-64,60-64,Construction,2026-03,4.081143340698603,,3.3c!R32C7
3.3c,share_pct,Age group,60-64,60-64,Services,2026-03,2.6021869883792603,,3.3c!R32C8
3.3c,share_pct,Age group,60-64,60-64,Unclassified,2026-03,2.012613026295864,,3.3c!R32C9
3.3c,share_pct,Age group,65 dan ke atas,65 and above,Agriculture,2026-03,3.0060166437424596,,3.3c!R33C4
3.3c,share_pct,Age group,65 dan ke atas,65 and above,Mining & quarrying,2026-03,1.7232403165347774,,3.3c!R33C5
3.3c,share_pct,Age group,65 dan ke atas,65 and above,Manufacturing,2026-03,1.4425307682573472,,3.3c!R33C6
3.3c,share_pct,Age group,65 dan ke atas,65 and above,Construction,2026-03,2.8430727281274977,,3.3c!R33C7
3.3c,share_pct,Age group,65 dan ke atas,65 and above,Services,2026-03,1.8969374764386895,,3.3c!R33C8
3.3c,share_pct,Age group,65 dan ke atas,65 and above,Unclassified,2026-03,1.4523054677615541,,3.3c!R33C9
3.4,median_wage_rm,Age group,Kurang daripada 20,Less than 20,Agriculture,2026-01,1700.0,,3.4!R8C5
3.4,median_wage_rm,Age group,Kurang daripada 20,Less than 20,Mining & quarrying,2026-01,1700.0,,3.4!R8C6
3.4,median_wage_rm,Age group,Kurang daripada 20,Less than 20,Manufacturing,2026-01,1700.0,,3.4!R8C7
3.4,median_wage_rm,Age group,Kurang daripada 20,Less than 20,Construction,2026-01,1700.0,,3.4!R8C8
3.4,median_wage_rm,Age group,Kurang daripada 20,Less than 20,Services,2026-01,1700.0,,3.4!R8C9
3.4,median_wage_rm,Age group,20-24,20-24,Agriculture,2026-01,1845.45,,3.4!R9C5
3.4,median_wage_rm,Age group,20-24,20-24,Mining & quarrying,2026-01,2000.0,,3.4!R9C6
3.4,median_wage_rm,Age group,20-24,20-24,Manufacturing,2026-01,1945.45,,3.4!R9C7
3.4,median_wage_rm,Age group,20-24,20-24,Construction,2026-01,1900.0,,3.4!R9C8
3.4,median_wage_rm,Age group,20-24,20-24,Services,2026-01,1900.0,,3.4!R9C9
3.4,median_wage_rm,Age group,25-29,25-29,Agriculture,2026-01,2100.0,,3.4!R10C5
3.4,median_wage_rm,Age group,25-29,25-29,Mining & quarrying,2026-01,4327.27,,3.4!R10C6
3.4,median_wage_rm,Age group,25-29,25-29,Manufacturing,2026-01,2400.0,,3.4!R10C7
3.4,median_wage_rm,Age group,25-29,25-29,Construction,2026-01,2681.82,,3.4!R10C8
3.4,median_wage_rm,Age group,25-29,25-29,Services,2026-01,2700.0,,3.4!R10C9
3.4,median_wage_rm,Age group,30-34,30-34,Agriculture,2026-01,2327.27,,3.4!R11C5
3.4,median_wage_rm,Age group,30-34,30-34,Mining & quarrying,2026-01,4800.0,,3.4!R11C6
3.4,median_wage_rm,Age group,30-34,30-34,Manufacturing,2026-01,2981.82,,3.4!R11C7
3.4,median_wage_rm,Age group,30-34,30-34,Construction,2026-01,3200.0,,3.4!R11C8
3.4,median_wage_rm,Age group,30-34,30-34,Services,2026-01,3300.0,,3.4!R11C9
3.4,median_wage_rm,Age group,35-39,35-39,Agriculture,2026-01,2563.64,,3.4!R12C5
3.4,median_wage_rm,Age group,35-39,35-39,Mining & quarrying,2026-01,9500.0,,3.4!R12C6
3.4,median_wage_rm,Age group,35-39,35-39,Manufacturing,2026-01,3500.0,,3.4!R12C7
3.4,median_wage_rm,Age group,35-39,35-39,Construction,2026-01,3545.45,,3.4!R12C8
3.4,median_wage_rm,Age group,35-39,35-39,Services,2026-01,3800.0,,3.4!R12C9
3.4,median_wage_rm,Age group,40-44,40-44,Agriculture,2026-01,2600.0,,3.4!R13C5
3.4,median_wage_rm,Age group,40-44,40-44,Mining & quarrying,2026-01,13800.0,,3.4!R13C6
3.4,median_wage_rm,Age group,40-44,40-44,Manufacturing,2026-01,3745.45,,3.4!R13C7
3.4,median_wage_rm,Age group,40-44,40-44,Construction,2026-01,3545.45,,3.4!R13C8
3.4,median_wage_rm,Age group,40-44,40-44,Services,2026-01,4063.64,,3.4!R13C9
3.4,median_wage_rm,Age group,45-49,45-49,Agriculture,2026-01,2681.82,,3.4!R14C5
3.4,median_wage_rm,Age group,45-49,45-49,Mining & quarrying,2026-01,13300.0,,3.4!R14C6
3.4,median_wage_rm,Age group,45-49,45-49,Manufacturing,2026-01,4063.64,,3.4!R14C7
3.4,median_wage_rm,Age group,45-49,45-49,Construction,2026-01,3700.0,,3.4!R14C8
3.4,median_wage_rm,Age group,45-49,45-49,Services,2026-01,4255.56,,3.4!R14C9
3.4,median_wage_rm,Age group,50-54,50-54,Agriculture,2026-01,2700.0,,3.4!R15C5
3.4,median_wage_rm,Age group,50-54,50-54,Mining & quarrying,2026-01,10888.89,,3.4!R15C6
3.4,median_wage_rm,Age group,50-54,50-54,Manufacturing,2026-01,4163.64,,3.4!R15C7
3.4,median_wage_rm,Age group,50-54,50-54,Construction,2026-01,3700.0,,3.4!R15C8
3.4,median_wage_rm,Age group,50-54,50-54,Services,2026-01,4100.0,,3.4!R15C9
3.4,median_wage_rm,Age group,55-59,55-59,Agriculture,2026-01,2681.82,,3.4!R16C5
3.4,median_wage_rm,Age group,55-59,55-59,Mining & quarrying,2026-01,8000.0,,3.4!R16C6
3.4,median_wage_rm,Age group,55-59,55-59,Manufacturing,2026-01,4127.27,,3.4!R16C7
3.4,median_wage_rm,Age group,55-59,55-59,Construction,2026-01,3500.0,,3.4!R16C8
3.4,median_wage_rm,Age group,55-59,55-59,Services,2026-01,3745.45,,3.4!R16C9
3.4,median_wage_rm,Age group,60-64,60-64,Agriculture,2026-01,3025.0,,3.4!R17C5
3.4,median_wage_rm,Age group,60-64,60-64,Mining & quarrying,2026-01,5100.0,,3.4!R17C6
3.4,median_wage_rm,Age group,60-64,60-64,Manufacturing,2026-01,3700.0,,3.4!R17C7
3.4,median_wage_rm,Age group,60-64,60-64,Construction,2026-01,3581.82,,3.4!R17C8
3.4,median_wage_rm,Age group,60-64,60-64,Services,2026-01,3100.0,,3.4!R17C9
3.4,median_wage_rm,Age group,65 dan ke atas,65 and above,Agriculture,2026-01,3450.0,,3.4!R18C5
3.4,median_wage_rm,Age group,65 dan ke atas,65 and above,Mining & quarrying,2026-01,4825.0,,3.4!R18C6
3.4,median_wage_rm,Age group,65 dan ke atas,65 and above,Manufacturing,2026-01,3350.0,,3.4!R18C7
3.4,median_wage_rm,Age group,65 dan ke atas,65 and above,Construction,2026-01,3900.0,,3.4!R18C8
3.4,median_wage_rm,Age group,65 dan ke atas,65 and above,Services,2026-01,3000.0,,3.4!R18C9
3.4,median_wage_rm,Age group,Kurang daripada 20,Less than 20,Agriculture,2026-02,1700.0,,3.4!R21C5
3.4,median_wage_rm,Age group,Kurang daripada 20,Less than 20,Mining & quarrying,2026-02,1700.0,,3.4!R21C6
3.4,median_wage_rm,Age group,Kurang daripada 20,Less than 20,Manufacturing,2026-02,1700.0,,3.4!R21C7
3.4,median_wage_rm,Age group,Kurang daripada 20,Less than 20,Construction,2026-02,1700.0,,3.4!R21C8
3.4,median_wage_rm,Age group,Kurang daripada 20,Less than 20,Services,2026-02,1700.0,,3.4!R21C9
3.4,median_wage_rm,Age group,20-24,20-24,Agriculture,2026-02,1763.64,,3.4!R22C5
3.4,median_wage_rm,Age group,20-24,20-24,Mining & quarrying,2026-02,1927.27,,3.4!R22C6
3.4,median_wage_rm,Age group,20-24,20-24,Manufacturing,2026-02,1945.45,,3.4!R22C7
3.4,median_wage_rm,Age group,20-24,20-24,Construction,2026-02,1900.0,,3.4!R22C8
3.4,median_wage_rm,Age group,20-24,20-24,Services,2026-02,1927.27,,3.4!R22C9
3.4,median_wage_rm,Age group,25-29,25-29,Agriculture,2026-02,2000.0,,3.4!R23C5
3.4,median_wage_rm,Age group,25-29,25-29,Mining & quarrying,2026-02,4063.64,,3.4!R23C6
3.4,median_wage_rm,Age group,25-29,25-29,Manufacturing,2026-02,2381.82,,3.4!R23C7
3.4,median_wage_rm,Age group,25-29,25-29,Construction,2026-02,2700.0,,3.4!R23C8
3.4,median_wage_rm,Age group,25-29,25-29,Services,2026-02,2700.0,,3.4!R23C9
3.4,median_wage_rm,Age group,30-34,30-34,Agriculture,2026-02,2163.64,,3.4!R24C5
3.4,median_wage_rm,Age group,30-34,30-34,Mining & quarrying,2026-02,4500.0,,3.4!R24C6
3.4,median_wage_rm,Age group,30-34,30-34,Manufacturing,2026-02,2900.0,,3.4!R24C7
3.4,median_wage_rm,Age group,30-34,30-34,Construction,2026-02,3300.0,,3.4!R24C8
3.4,median_wage_rm,Age group,30-34,30-34,Services,2026-02,3300.0,,3.4!R24C9
3.4,median_wage_rm,Age group,35-39,35-39,Agriculture,2026-02,2345.45,,3.4!R25C5
3.4,median_wage_rm,Age group,35-39,35-39,Mining & quarrying,2026-02,9500.0,,3.4!R25C6
3.4,median_wage_rm,Age group,35-39,35-39,Manufacturing,2026-02,3400.0,,3.4!R25C7
3.4,median_wage_rm,Age group,35-39,35-39,Construction,2026-02,3645.45,,3.4!R25C8
3.4,median_wage_rm,Age group,35-39,35-39,Services,2026-02,3800.0,,3.4!R25C9
3.4,median_wage_rm,Age group,40-44,40-44,Agriculture,2026-02,2400.0,,3.4!R26C5
3.4,median_wage_rm,Age group,40-44,40-44,Mining & quarrying,2026-02,14000.0,,3.4!R26C6
3.4,median_wage_rm,Age group,40-44,40-44,Manufacturing,2026-02,3663.64,,3.4!R26C7
3.4,median_wage_rm,Age group,40-44,40-44,Construction,2026-02,3636.36,,3.4!R26C8
3.4,median_wage_rm,Age group,40-44,40-44,Services,2026-02,4081.82,,3.4!R26C9
3.4,median_wage_rm,Age group,45-49,45-49,Agriculture,2026-02,2500.0,,3.4!R27C5
3.4,median_wage_rm,Age group,45-49,45-49,Mining & quarrying,2026-02,13500.0,,3.4!R27C6
3.4,median_wage_rm,Age group,45-49,45-49,Manufacturing,2026-02,4000.0,,3.4!R27C7
3.4,median_wage_rm,Age group,45-49,45-49,Construction,2026-02,3763.64,,3.4!R27C8
3.4,median_wage_rm,Age group,45-49,45-49,Services,2026-02,4281.82,,3.4!R27C9
3.4,median_wage_rm,Age group,50-54,50-54,Agriculture,2026-02,2500.0,,3.4!R28C5
3.4,median_wage_rm,Age group,50-54,50-54,Mining & quarrying,2026-02,10000.0,,3.4!R28C6
3.4,median_wage_rm,Age group,50-54,50-54,Manufacturing,2026-02,4063.64,,3.4!R28C7
3.4,median_wage_rm,Age group,50-54,50-54,Construction,2026-02,3800.0,,3.4!R28C8
3.4,median_wage_rm,Age group,50-54,50-54,Services,2026-02,4145.45,,3.4!R28C9
3.4,median_wage_rm,Age group,55-59,55-59,Agriculture,2026-02,2500.0,,3.4!R29C5
3.4,median_wage_rm,Age group,55-59,55-59,Mining & quarrying,2026-02,6600.0,,3.4!R29C6
3.4,median_wage_rm,Age group,55-59,55-59,Manufacturing,2026-02,4081.82,,3.4!R29C7
3.4,median_wage_rm,Age group,55-59,55-59,Construction,2026-02,3500.0,,3.4!R29C8
3.4,median_wage_rm,Age group,55-59,55-59,Services,2026-02,3800.0,,3.4!R29C9
3.4,median_wage_rm,Age group,60-64,60-64,Agriculture,2026-02,2900.0,,3.4!R30C5
3.4,median_wage_rm,Age group,60-64,60-64,Mining & quarrying,2026-02,4100.0,,3.4!R30C6
3.4,median_wage_rm,Age group,60-64,60-64,Manufacturing,2026-02,3700.0,,3.4!R30C7
3.4,median_wage_rm,Age group,60-64,60-64,Construction,2026-02,3600.0,,3.4!R30C8
3.4,median_wage_rm,Age group,60-64,60-64,Services,2026-02,3200.0,,3.4!R30C9
3.4,median_wage_rm,Age group,65 dan ke atas,65 and above,Agriculture,2026-02,3175.0,,3.4!R31C5
3.4,median_wage_rm,Age group,65 dan ke atas,65 and above,Mining & quarrying,2026-02,4000.0,,3.4!R31C6
3.4,median_wage_rm,Age group,65 dan ke atas,65 and above,Manufacturing,2026-02,3400.0,,3.4!R31C7
3.4,median_wage_rm,Age group,65 dan ke atas,65 and above,Construction,2026-02,4000.0,,3.4!R31C8
3.4,median_wage_rm,Age group,65 dan ke atas,65 and above,Services,2026-02,3000.0,,3.4!R31C9
3.4,median_wage_rm,Age group,Kurang daripada 20,Less than 20,Agriculture,2026-03,1700.0,,3.4!R34C5
3.4,median_wage_rm,Age group,Kurang daripada 20,Less than 20,Mining & quarrying,2026-03,1781.82,,3.4!R34C6
3.4,median_wage_rm,Age group,Kurang daripada 20,Less than 20,Manufacturing,2026-03,1700.0,,3.4!R34C7
3.4,median_wage_rm,Age group,Kurang daripada 20,Less than 20,Construction,2026-03,1700.0,,3.4!R34C8
3.4,median_wage_rm,Age group,Kurang daripada 20,Less than 20,Services,2026-03,1700.0,,3.4!R34C9
3.4,median_wage_rm,Age group,20-24,20-24,Agriculture,2026-03,1800.0,,3.4!R35C5
3.4,median_wage_rm,Age group,20-24,20-24,Mining & quarrying,2026-03,1981.82,,3.4!R35C6
3.4,median_wage_rm,Age group,20-24,20-24,Manufacturing,2026-03,1927.27,,3.4!R35C7
3.4,median_wage_rm,Age group,20-24,20-24,Construction,2026-03,1900.0,,3.4!R35C8
3.4,median_wage_rm,Age group,20-24,20-24,Services,2026-03,1927.27,,3.4!R35C9
3.4,median_wage_rm,Age group,25-29,25-29,Agriculture,2026-03,2063.64,,3.4!R36C5
3.4,median_wage_rm,Age group,25-29,25-29,Mining & quarrying,2026-03,4681.82,,3.4!R36C6
3.4,median_wage_rm,Age group,25-29,25-29,Manufacturing,2026-03,2409.09,,3.4!R36C7
3.4,median_wage_rm,Age group,25-29,25-29,Construction,2026-03,2700.0,,3.4!R36C8
3.4,median_wage_rm,Age group,25-29,25-29,Services,2026-03,2745.45,,3.4!R36C9
3.4,median_wage_rm,Age group,30-34,30-34,Agriculture,2026-03,2263.64,,3.4!R37C5
3.4,median_wage_rm,Age group,30-34,30-34,Mining & quarrying,2026-03,5800.0,,3.4!R37C6
3.4,median_wage_rm,Age group,30-34,30-34,Manufacturing,2026-03,2963.64,,3.4!R37C7
3.4,median_wage_rm,Age group,30-34,30-34,Construction,2026-03,3300.0,,3.4!R37C8
3.4,median_wage_rm,Age group,30-34,30-34,Services,2026-03,3381.82,,3.4!R37C9
3.4,median_wage_rm,Age group,35-39,35-39,Agriculture,2026-03,2500.0,,3.4!R38C5
3.4,median_wage_rm,Age group,35-39,35-39,Mining & quarrying,2026-03,14666.67,,3.4!R38C6
3.4,median_wage_rm,Age group,35-39,35-39,Manufacturing,2026-03,3500.0,,3.4!R38C7
3.4,median_wage_rm,Age group,35-39,35-39,Construction,2026-03,3600.0,,3.4!R38C8
3.4,median_wage_rm,Age group,35-39,35-39,Services,2026-03,3900.0,,3.4!R38C9
3.4,median_wage_rm,Age group,40-44,40-44,Agriculture,2026-03,2545.45,,3.4!R39C5
3.4,median_wage_rm,Age group,40-44,40-44,Mining & quarrying,2026-03,24500.0,,3.4!R39C6
3.4,median_wage_rm,Age group,40-44,40-44,Manufacturing,2026-03,3745.45,,3.4!R39C7
3.4,median_wage_rm,Age group,40-44,40-44,Construction,2026-03,3600.0,,3.4!R39C8
3.4,median_wage_rm,Age group,40-44,40-44,Services,2026-03,4127.27,,3.4!R39C9
3.4,median_wage_rm,Age group,45-49,45-49,Agriculture,2026-03,2581.82,,3.4!R40C5
3.4,median_wage_rm,Age group,45-49,45-49,Mining & quarrying,2026-03,20044.44,,3.4!R40C6
3.4,median_wage_rm,Age group,45-49,45-49,Manufacturing,2026-03,4000.0,,3.4!R40C7
3.4,median_wage_rm,Age group,45-49,45-49,Construction,2026-03,3700.0,,3.4!R40C8
3.4,median_wage_rm,Age group,45-49,45-49,Services,2026-03,4200.0,,3.4!R40C9
3.4,median_wage_rm,Age group,50-54,50-54,Agriculture,2026-03,2563.64,,3.4!R41C5
3.4,median_wage_rm,Age group,50-54,50-54,Mining & quarrying,2026-03,15700.0,,3.4!R41C6
3.4,median_wage_rm,Age group,50-54,50-54,Manufacturing,2026-03,4000.0,,3.4!R41C7
3.4,median_wage_rm,Age group,50-54,50-54,Construction,2026-03,3700.0,,3.4!R41C8
3.4,median_wage_rm,Age group,50-54,50-54,Services,2026-03,4027.27,,3.4!R41C9
3.4,median_wage_rm,Age group,55-59,55-59,Agriculture,2026-03,2563.64,,3.4!R42C5
3.4,median_wage_rm,Age group,55-59,55-59,Mining & quarrying,2026-03,7577.78,,3.4!R42C6
3.4,median_wage_rm,Age group,55-59,55-59,Manufacturing,2026-03,3981.82,,3.4!R42C7
3.4,median_wage_rm,Age group,55-59,55-59,Construction,2026-03,3481.82,,3.4!R42C8
3.4,median_wage_rm,Age group,55-59,55-59,Services,2026-03,3627.27,,3.4!R42C9
3.4,median_wage_rm,Age group,60-64,60-64,Agriculture,2026-03,2825.0,,3.4!R43C5
3.4,median_wage_rm,Age group,60-64,60-64,Mining & quarrying,2026-03,4100.0,,3.4!R43C6
3.4,median_wage_rm,Age group,60-64,60-64,Manufacturing,2026-03,3450.0,,3.4!R43C7
3.4,median_wage_rm,Age group,60-64,60-64,Construction,2026-03,3500.0,,3.4!R43C8
3.4,median_wage_rm,Age group,60-64,60-64,Services,2026-03,3000.0,,3.4!R43C9
3.4,median_wage_rm,Age group,65 dan ke atas,65 and above,Agriculture,2026-03,3000.0,,3.4!R44C5
3.4,median_wage_rm,Age group,65 dan ke atas,65 and above,Mining & quarrying,2026-03,3550.0,,3.4!R44C6
3.4,median_wage_rm,Age group,65 dan ke atas,65 and above,Manufacturing,2026-03,3000.0,,3.4!R44C7
3.4,median_wage_rm,Age group,65 dan ke atas,65 and above,Construction,2026-03,3600.0,,3.4!R44C8
3.4,median_wage_rm,Age group,65 dan ke atas,65 and above,Services,2026-03,3000.0,,3.4!R44C9
