table,dimension,group,measure,year,male_rm,female_rm,gap_pct,female_to_male,male_src,female_src
A11,Occupation (MASCO major group),Clerical support workers,mean_rm,2010,1720,1531,11.0,0.89,JADUAL A11 Pekerjaan Lelaki!row30,JADUAL A11 Pekerjaan Perempuan!row30
A11,Occupation (MASCO major group),Clerical support workers,mean_rm,2011,1877,1588,15.4,0.846,JADUAL A11 Pekerjaan Lelaki!row30,JADUAL A11 Pekerjaan Perempuan!row30
A11,Occupation (MASCO major group),Clerical support workers,mean_rm,2012,1894,1674,11.6,0.884,JADUAL A11 Pekerjaan Lelaki!row30,JADUAL A11 Pekerjaan Perempuan!row30
A11,Occupation (MASCO major group),Clerical support workers,mean_rm,2013,2058,1764,14.3,0.857,JADUAL A11 Pekerjaan Lelaki!row30,JADUAL A11 Pekerjaan Perempuan!row30
A11,Occupation (MASCO major group),Clerical support workers,mean_rm,2014,2178,1856,14.8,0.852,JADUAL A11 Pekerjaan Lelaki!row30,JADUAL A11 Pekerjaan Perempuan!row30
A11,Occupation (MASCO major group),Clerical support workers,mean_rm,2015,2220,1939,12.7,0.873,JADUAL A11 Pekerjaan Lelaki!row30,JADUAL A11 Pekerjaan Perempuan!row30
A11,Occupation (MASCO major group),Clerical support workers,mean_rm,2016,2413,2022,16.2,0.838,JADUAL A11 Pekerjaan Lelaki!row30,JADUAL A11 Pekerjaan Perempuan!row30
A11,Occupation (MASCO major group),Clerical support workers,mean_rm,2017,2498,2105,15.7,0.843,JADUAL A11 Pekerjaan Lelaki!row30,JADUAL A11 Pekerjaan Perempuan!row30
A11,Occupation (MASCO major group),Clerical support workers,mean_rm,2018,2536,2243,11.6,0.884,JADUAL A11 Pekerjaan Lelaki!row30,JADUAL A11 Pekerjaan Perempuan!row30
A11,Occupation (MASCO major group),Clerical support workers,mean_rm,2019,2673,2415,9.7,0.903,JADUAL A11 Pekerjaan Lelaki!row30,JADUAL A11 Pekerjaan Perempuan!row30
A11,Occupation (MASCO major group),Clerical support workers,mean_rm,2020,2661,2220,16.6,0.834,JADUAL A11 Pekerjaan Lelaki!row30,JADUAL A11 Pekerjaan Perempuan!row30
A11,Occupation (MASCO major group),Clerical support workers,mean_rm,2021,2736,2238,18.2,0.818,JADUAL A11 Pekerjaan Lelaki!row30,JADUAL A11 Pekerjaan Perempuan!row30
A11,Occupation (MASCO major group),Clerical support workers,mean_rm,2022,2983,2465,17.4,0.826,JADUAL A11 Pekerjaan Lelaki!row30,JADUAL A11 Pekerjaan Perempuan!row30
A11,Occupation (MASCO major group),Clerical support workers,mean_rm,2023,3198,2629,17.8,0.822,JADUAL A11 Pekerjaan Lelaki!row30,JADUAL A11 Pekerjaan Perempuan!row30
A11,Occupation (MASCO major group),Clerical support workers,mean_rm,2024,3405,2746,19.4,0.806,JADUAL A11 Pekerjaan Lelaki!row30,JADUAL A11 Pekerjaan Perempuan!row30
A11,Occupation (MASCO major group),Clerical support workers,mean_rm,2025,3536,2819,20.3,0.797,JADUAL A11 Pekerjaan Lelaki!row30,JADUAL A11 Pekerjaan Perempuan!row30
A11,Occupation (MASCO major group),Craft and related trades workers,mean_rm,2010,1368,759,44.5,0.555,JADUAL A11 Pekerjaan Lelaki!row33,JADUAL A11 Pekerjaan Perempuan!row33
A11,Occupation (MASCO major group),Craft and related trades workers,mean_rm,2011,1411,921,34.7,0.653,JADUAL A11 Pekerjaan Lelaki!row33,JADUAL A11 Pekerjaan Perempuan!row33
A11,Occupation (MASCO major group),Craft and related trades workers,mean_rm,2012,1454,822,43.5,0.565,JADUAL A11 Pekerjaan Lelaki!row33,JADUAL A11 Pekerjaan Perempuan!row33
A11,Occupation (MASCO major group),Craft and related trades workers,mean_rm,2013,1562,897,42.6,0.574,JADUAL A11 Pekerjaan Lelaki!row33,JADUAL A11 Pekerjaan Perempuan!row33
A11,Occupation (MASCO major group),Craft and related trades workers,mean_rm,2014,1707,973,43.0,0.57,JADUAL A11 Pekerjaan Lelaki!row33,JADUAL A11 Pekerjaan Perempuan!row33
A11,Occupation (MASCO major group),Craft and related trades workers,mean_rm,2015,1743,1139,34.7,0.653,JADUAL A11 Pekerjaan Lelaki!row33,JADUAL A11 Pekerjaan Perempuan!row33
A11,Occupation (MASCO major group),Craft and related trades workers,mean_rm,2016,1814,1295,28.6,0.714,JADUAL A11 Pekerjaan Lelaki!row33,JADUAL A11 Pekerjaan Perempuan!row33
A11,Occupation (MASCO major group),Craft and related trades workers,mean_rm,2017,1962,1433,27.0,0.73,JADUAL A11 Pekerjaan Lelaki!row33,JADUAL A11 Pekerjaan Perempuan!row33
A11,Occupation (MASCO major group),Craft and related trades workers,mean_rm,2018,2125,1332,37.3,0.627,JADUAL A11 Pekerjaan Lelaki!row33,JADUAL A11 Pekerjaan Perempuan!row33
A11,Occupation (MASCO major group),Craft and related trades workers,mean_rm,2019,2251,1459,35.2,0.648,JADUAL A11 Pekerjaan Lelaki!row33,JADUAL A11 Pekerjaan Perempuan!row33
A11,Occupation (MASCO major group),Craft and related trades workers,mean_rm,2020,1958,1532,21.8,0.782,JADUAL A11 Pekerjaan Lelaki!row33,JADUAL A11 Pekerjaan Perempuan!row33
A11,Occupation (MASCO major group),Craft and related trades workers,mean_rm,2021,2008,1913,4.7,0.953,JADUAL A11 Pekerjaan Lelaki!row33,JADUAL A11 Pekerjaan Perempuan!row33
A11,Occupation (MASCO major group),Craft and related trades workers,mean_rm,2022,2261,2309,-2.1,1.021,JADUAL A11 Pekerjaan Lelaki!row33,JADUAL A11 Pekerjaan Perempuan!row33
A11,Occupation (MASCO major group),Craft and related trades workers,mean_rm,2023,2386,2373,0.5,0.995,JADUAL A11 Pekerjaan Lelaki!row33,JADUAL A11 Pekerjaan Perempuan!row33
A11,Occupation (MASCO major group),Craft and related trades workers,mean_rm,2024,2524,2379,5.7,0.943,JADUAL A11 Pekerjaan Lelaki!row33,JADUAL A11 Pekerjaan Perempuan!row33
A11,Occupation (MASCO major group),Craft and related trades workers,mean_rm,2025,2651,2278,14.1,0.859,JADUAL A11 Pekerjaan Lelaki!row33,JADUAL A11 Pekerjaan Perempuan!row33
A11,Occupation (MASCO major group),Elementary occupations,mean_rm,2010,1054,770,26.9,0.731,JADUAL A11 Pekerjaan Lelaki!row35,JADUAL A11 Pekerjaan Perempuan!row35
A11,Occupation (MASCO major group),Elementary occupations,mean_rm,2011,1074,746,30.5,0.695,JADUAL A11 Pekerjaan Lelaki!row35,JADUAL A11 Pekerjaan Perempuan!row35
A11,Occupation (MASCO major group),Elementary occupations,mean_rm,2012,1108,793,28.4,0.716,JADUAL A11 Pekerjaan Lelaki!row35,JADUAL A11 Pekerjaan Perempuan!row35
A11,Occupation (MASCO major group),Elementary occupations,mean_rm,2013,1218,854,29.9,0.701,JADUAL A11 Pekerjaan Lelaki!row35,JADUAL A11 Pekerjaan Perempuan!row35
A11,Occupation (MASCO major group),Elementary occupations,mean_rm,2014,1314,920,30.0,0.7,JADUAL A11 Pekerjaan Lelaki!row35,JADUAL A11 Pekerjaan Perempuan!row35
A11,Occupation (MASCO major group),Elementary occupations,mean_rm,2015,1394,1001,28.2,0.718,JADUAL A11 Pekerjaan Lelaki!row35,JADUAL A11 Pekerjaan Perempuan!row35
A11,Occupation (MASCO major group),Elementary occupations,mean_rm,2016,1433,1041,27.4,0.726,JADUAL A11 Pekerjaan Lelaki!row35,JADUAL A11 Pekerjaan Perempuan!row35
A11,Occupation (MASCO major group),Elementary occupations,mean_rm,2017,1615,1298,19.6,0.804,JADUAL A11 Pekerjaan Lelaki!row35,JADUAL A11 Pekerjaan Perempuan!row35
A11,Occupation (MASCO major group),Elementary occupations,mean_rm,2018,1758,1321,24.9,0.751,JADUAL A11 Pekerjaan Lelaki!row35,JADUAL A11 Pekerjaan Perempuan!row35
A11,Occupation (MASCO major group),Elementary occupations,mean_rm,2019,1861,1444,22.4,0.776,JADUAL A11 Pekerjaan Lelaki!row35,JADUAL A11 Pekerjaan Perempuan!row35
A11,Occupation (MASCO major group),Elementary occupations,mean_rm,2020,1828,1541,15.7,0.843,JADUAL A11 Pekerjaan Lelaki!row35,JADUAL A11 Pekerjaan Perempuan!row35
A11,Occupation (MASCO major group),Elementary occupations,mean_rm,2021,1801,1651,8.3,0.917,JADUAL A11 Pekerjaan Lelaki!row35,JADUAL A11 Pekerjaan Perempuan!row35
A11,Occupation (MASCO major group),Elementary occupations,mean_rm,2022,1866,1754,6.0,0.94,JADUAL A11 Pekerjaan Lelaki!row35,JADUAL A11 Pekerjaan Perempuan!row35
A11,Occupation (MASCO major group),Elementary occupations,mean_rm,2023,2030,1849,8.9,0.911,JADUAL A11 Pekerjaan Lelaki!row35,JADUAL A11 Pekerjaan Perempuan!row35
A11,Occupation (MASCO major group),Elementary occupations,mean_rm,2024,2227,1857,16.6,0.834,JADUAL A11 Pekerjaan Lelaki!row35,JADUAL A11 Pekerjaan Perempuan!row35
A11,Occupation (MASCO major group),Elementary occupations,mean_rm,2025,2299,1886,18.0,0.82,JADUAL A11 Pekerjaan Lelaki!row35,JADUAL A11 Pekerjaan Perempuan!row35
A11,Occupation (MASCO major group),Managers,mean_rm,2010,4738,3969,16.2,0.838,JADUAL A11 Pekerjaan Lelaki!row27,JADUAL A11 Pekerjaan Perempuan!row27
A11,Occupation (MASCO major group),Managers,mean_rm,2011,5253,4011,23.6,0.764,JADUAL A11 Pekerjaan Lelaki!row27,JADUAL A11 Pekerjaan Perempuan!row27
A11,Occupation (MASCO major group),Managers,mean_rm,2012,5592,4150,25.8,0.742,JADUAL A11 Pekerjaan Lelaki!row27,JADUAL A11 Pekerjaan Perempuan!row27
A11,Occupation (MASCO major group),Managers,mean_rm,2013,5688,4511,20.7,0.793,JADUAL A11 Pekerjaan Lelaki!row27,JADUAL A11 Pekerjaan Perempuan!row27
A11,Occupation (MASCO major group),Managers,mean_rm,2014,6489,5521,14.9,0.851,JADUAL A11 Pekerjaan Lelaki!row27,JADUAL A11 Pekerjaan Perempuan!row27
A11,Occupation (MASCO major group),Managers,mean_rm,2015,6367,5275,17.2,0.828,JADUAL A11 Pekerjaan Lelaki!row27,JADUAL A11 Pekerjaan Perempuan!row27
A11,Occupation (MASCO major group),Managers,mean_rm,2016,7041,6206,11.9,0.881,JADUAL A11 Pekerjaan Lelaki!row27,JADUAL A11 Pekerjaan Perempuan!row27
A11,Occupation (MASCO major group),Managers,mean_rm,2017,8345,6696,19.8,0.802,JADUAL A11 Pekerjaan Lelaki!row27,JADUAL A11 Pekerjaan Perempuan!row27
A11,Occupation (MASCO major group),Managers,mean_rm,2018,9276,7496,19.2,0.808,JADUAL A11 Pekerjaan Lelaki!row27,JADUAL A11 Pekerjaan Perempuan!row27
A11,Occupation (MASCO major group),Managers,mean_rm,2019,9242,7994,13.5,0.865,JADUAL A11 Pekerjaan Lelaki!row27,JADUAL A11 Pekerjaan Perempuan!row27
A11,Occupation (MASCO major group),Managers,mean_rm,2020,6960,5684,18.3,0.817,JADUAL A11 Pekerjaan Lelaki!row27,JADUAL A11 Pekerjaan Perempuan!row27
A11,Occupation (MASCO major group),Managers,mean_rm,2021,6889,5353,22.3,0.777,JADUAL A11 Pekerjaan Lelaki!row27,JADUAL A11 Pekerjaan Perempuan!row27
A11,Occupation (MASCO major group),Managers,mean_rm,2022,6789,5256,22.6,0.774,JADUAL A11 Pekerjaan Lelaki!row27,JADUAL A11 Pekerjaan Perempuan!row27
A11,Occupation (MASCO major group),Managers,mean_rm,2023,7080,5668,19.9,0.801,JADUAL A11 Pekerjaan Lelaki!row27,JADUAL A11 Pekerjaan Perempuan!row27
A11,Occupation (MASCO major group),Managers,mean_rm,2024,7516,6250,16.8,0.832,JADUAL A11 Pekerjaan Lelaki!row27,JADUAL A11 Pekerjaan Perempuan!row27
A11,Occupation (MASCO major group),Managers,mean_rm,2025,7693,6562,14.7,0.853,JADUAL A11 Pekerjaan Lelaki!row27,JADUAL A11 Pekerjaan Perempuan!row27
A11,Occupation (MASCO major group),"Plant and machine-operators, and assemblers",mean_rm,2010,1393,960,31.1,0.689,JADUAL A11 Pekerjaan Lelaki!row34,JADUAL A11 Pekerjaan Perempuan!row34
A11,Occupation (MASCO major group),"Plant and machine-operators, and assemblers",mean_rm,2011,1402,996,29.0,0.71,JADUAL A11 Pekerjaan Lelaki!row34,JADUAL A11 Pekerjaan Perempuan!row34
A11,Occupation (MASCO major group),"Plant and machine-operators, and assemblers",mean_rm,2012,1496,1017,32.0,0.68,JADUAL A11 Pekerjaan Lelaki!row34,JADUAL A11 Pekerjaan Perempuan!row34
A11,Occupation (MASCO major group),"Plant and machine-operators, and assemblers",mean_rm,2013,1609,1185,26.4,0.736,JADUAL A11 Pekerjaan Lelaki!row34,JADUAL A11 Pekerjaan Perempuan!row34
A11,Occupation (MASCO major group),"Plant and machine-operators, and assemblers",mean_rm,2014,1696,1300,23.3,0.767,JADUAL A11 Pekerjaan Lelaki!row34,JADUAL A11 Pekerjaan Perempuan!row34
A11,Occupation (MASCO major group),"Plant and machine-operators, and assemblers",mean_rm,2015,1746,1282,26.6,0.734,JADUAL A11 Pekerjaan Lelaki!row34,JADUAL A11 Pekerjaan Perempuan!row34
A11,Occupation (MASCO major group),"Plant and machine-operators, and assemblers",mean_rm,2016,1881,1350,28.2,0.718,JADUAL A11 Pekerjaan Lelaki!row34,JADUAL A11 Pekerjaan Perempuan!row34
A11,Occupation (MASCO major group),"Plant and machine-operators, and assemblers",mean_rm,2017,1974,1477,25.2,0.748,JADUAL A11 Pekerjaan Lelaki!row34,JADUAL A11 Pekerjaan Perempuan!row34
A11,Occupation (MASCO major group),"Plant and machine-operators, and assemblers",mean_rm,2018,2140,1591,25.7,0.743,JADUAL A11 Pekerjaan Lelaki!row34,JADUAL A11 Pekerjaan Perempuan!row34
A11,Occupation (MASCO major group),"Plant and machine-operators, and assemblers",mean_rm,2019,2296,1613,29.7,0.703,JADUAL A11 Pekerjaan Lelaki!row34,JADUAL A11 Pekerjaan Perempuan!row34
A11,Occupation (MASCO major group),"Plant and machine-operators, and assemblers",mean_rm,2020,2025,1680,17.0,0.83,JADUAL A11 Pekerjaan Lelaki!row34,JADUAL A11 Pekerjaan Perempuan!row34
A11,Occupation (MASCO major group),"Plant and machine-operators, and assemblers",mean_rm,2021,2094,1762,15.9,0.841,JADUAL A11 Pekerjaan Lelaki!row34,JADUAL A11 Pekerjaan Perempuan!row34
A11,Occupation (MASCO major group),"Plant and machine-operators, and assemblers",mean_rm,2022,2351,1824,22.4,0.776,JADUAL A11 Pekerjaan Lelaki!row34,JADUAL A11 Pekerjaan Perempuan!row34
A11,Occupation (MASCO major group),"Plant and machine-operators, and assemblers",mean_rm,2023,2404,2030,15.6,0.844,JADUAL A11 Pekerjaan Lelaki!row34,JADUAL A11 Pekerjaan Perempuan!row34
A11,Occupation (MASCO major group),"Plant and machine-operators, and assemblers",mean_rm,2024,2481,2148,13.4,0.866,JADUAL A11 Pekerjaan Lelaki!row34,JADUAL A11 Pekerjaan Perempuan!row34
A11,Occupation (MASCO major group),"Plant and machine-operators, and assemblers",mean_rm,2025,2613,2071,20.7,0.793,JADUAL A11 Pekerjaan Lelaki!row34,JADUAL A11 Pekerjaan Perempuan!row34
A11,Occupation (MASCO major group),Professionals,mean_rm,2010,4012,3402,15.2,0.848,JADUAL A11 Pekerjaan Lelaki!row28,JADUAL A11 Pekerjaan Perempuan!row28
A11,Occupation (MASCO major group),Professionals,mean_rm,2011,3934,3080,21.7,0.783,JADUAL A11 Pekerjaan Lelaki!row28,JADUAL A11 Pekerjaan Perempuan!row28
A11,Occupation (MASCO major group),Professionals,mean_rm,2012,4219,3363,20.3,0.797,JADUAL A11 Pekerjaan Lelaki!row28,JADUAL A11 Pekerjaan Perempuan!row28
A11,Occupation (MASCO major group),Professionals,mean_rm,2013,4460,3633,18.5,0.815,JADUAL A11 Pekerjaan Lelaki!row28,JADUAL A11 Pekerjaan Perempuan!row28
A11,Occupation (MASCO major group),Professionals,mean_rm,2014,4797,3951,17.6,0.824,JADUAL A11 Pekerjaan Lelaki!row28,JADUAL A11 Pekerjaan Perempuan!row28
A11,Occupation (MASCO major group),Professionals,mean_rm,2015,5252,4136,21.2,0.788,JADUAL A11 Pekerjaan Lelaki!row28,JADUAL A11 Pekerjaan Perempuan!row28
A11,Occupation (MASCO major group),Professionals,mean_rm,2016,5303,4220,20.4,0.796,JADUAL A11 Pekerjaan Lelaki!row28,JADUAL A11 Pekerjaan Perempuan!row28
A11,Occupation (MASCO major group),Professionals,mean_rm,2017,5759,4573,20.6,0.794,JADUAL A11 Pekerjaan Lelaki!row28,JADUAL A11 Pekerjaan Perempuan!row28
A11,Occupation (MASCO major group),Professionals,mean_rm,2018,6123,4883,20.3,0.797,JADUAL A11 Pekerjaan Lelaki!row28,JADUAL A11 Pekerjaan Perempuan!row28
A11,Occupation (MASCO major group),Professionals,mean_rm,2019,6182,5144,16.8,0.832,JADUAL A11 Pekerjaan Lelaki!row28,JADUAL A11 Pekerjaan Perempuan!row28
A11,Occupation (MASCO major group),Professionals,mean_rm,2020,6030,4797,20.4,0.796,JADUAL A11 Pekerjaan Lelaki!row28,JADUAL A11 Pekerjaan Perempuan!row28
A11,Occupation (MASCO major group),Professionals,mean_rm,2021,6267,5182,17.3,0.827,JADUAL A11 Pekerjaan Lelaki!row28,JADUAL A11 Pekerjaan Perempuan!row28
A11,Occupation (MASCO major group),Professionals,mean_rm,2022,6094,5212,14.5,0.855,JADUAL A11 Pekerjaan Lelaki!row28,JADUAL A11 Pekerjaan Perempuan!row28
A11,Occupation (MASCO major group),Professionals,mean_rm,2023,6760,5608,17.0,0.83,JADUAL A11 Pekerjaan Lelaki!row28,JADUAL A11 Pekerjaan Perempuan!row28
A11,Occupation (MASCO major group),Professionals,mean_rm,2024,7189,5950,17.2,0.828,JADUAL A11 Pekerjaan Lelaki!row28,JADUAL A11 Pekerjaan Perempuan!row28
A11,Occupation (MASCO major group),Professionals,mean_rm,2025,7336,6239,15.0,0.85,JADUAL A11 Pekerjaan Lelaki!row28,JADUAL A11 Pekerjaan Perempuan!row28
A11,Occupation (MASCO major group),Service and sales workers,mean_rm,2010,1594,1001,37.2,0.628,JADUAL A11 Pekerjaan Lelaki!row31,JADUAL A11 Pekerjaan Perempuan!row31
A11,Occupation (MASCO major group),Service and sales workers,mean_rm,2011,1539,1064,30.9,0.691,JADUAL A11 Pekerjaan Lelaki!row31,JADUAL A11 Pekerjaan Perempuan!row31
A11,Occupation (MASCO major group),Service and sales workers,mean_rm,2012,1623,1057,34.9,0.651,JADUAL A11 Pekerjaan Lelaki!row31,JADUAL A11 Pekerjaan Perempuan!row31
A11,Occupation (MASCO major group),Service and sales workers,mean_rm,2013,1823,1170,35.8,0.642,JADUAL A11 Pekerjaan Lelaki!row31,JADUAL A11 Pekerjaan Perempuan!row31
A11,Occupation (MASCO major group),Service and sales workers,mean_rm,2014,1894,1249,34.1,0.659,JADUAL A11 Pekerjaan Lelaki!row31,JADUAL A11 Pekerjaan Perempuan!row31
A11,Occupation (MASCO major group),Service and sales workers,mean_rm,2015,1936,1314,32.1,0.679,JADUAL A11 Pekerjaan Lelaki!row31,JADUAL A11 Pekerjaan Perempuan!row31
A11,Occupation (MASCO major group),Service and sales workers,mean_rm,2016,1934,1328,31.3,0.687,JADUAL A11 Pekerjaan Lelaki!row31,JADUAL A11 Pekerjaan Perempuan!row31
A11,Occupation (MASCO major group),Service and sales workers,mean_rm,2017,2020,1566,22.5,0.775,JADUAL A11 Pekerjaan Lelaki!row31,JADUAL A11 Pekerjaan Perempuan!row31
A11,Occupation (MASCO major group),Service and sales workers,mean_rm,2018,2252,1660,26.3,0.737,JADUAL A11 Pekerjaan Lelaki!row31,JADUAL A11 Pekerjaan Perempuan!row31
A11,Occupation (MASCO major group),Service and sales workers,mean_rm,2019,2309,1766,23.5,0.765,JADUAL A11 Pekerjaan Lelaki!row31,JADUAL A11 Pekerjaan Perempuan!row31
A11,Occupation (MASCO major group),Service and sales workers,mean_rm,2020,2177,1635,24.9,0.751,JADUAL A11 Pekerjaan Lelaki!row31,JADUAL A11 Pekerjaan Perempuan!row31
A11,Occupation (MASCO major group),Service and sales workers,mean_rm,2021,2137,1725,19.3,0.807,JADUAL A11 Pekerjaan Lelaki!row31,JADUAL A11 Pekerjaan Perempuan!row31
A11,Occupation (MASCO major group),Service and sales workers,mean_rm,2022,2473,2053,17.0,0.83,JADUAL A11 Pekerjaan Lelaki!row31,JADUAL A11 Pekerjaan Perempuan!row31
A11,Occupation (MASCO major group),Service and sales workers,mean_rm,2023,2665,2158,19.0,0.81,JADUAL A11 Pekerjaan Lelaki!row31,JADUAL A11 Pekerjaan Perempuan!row31
A11,Occupation (MASCO major group),Service and sales workers,mean_rm,2024,2853,2248,21.2,0.788,JADUAL A11 Pekerjaan Lelaki!row31,JADUAL A11 Pekerjaan Perempuan!row31
A11,Occupation (MASCO major group),Service and sales workers,mean_rm,2025,2999,2375,20.8,0.792,JADUAL A11 Pekerjaan Lelaki!row31,JADUAL A11 Pekerjaan Perempuan!row31
A11,Occupation (MASCO major group),"Skilled agricultural, forestry, livestock and fishery workers",mean_rm,2010,806,487,39.6,0.604,JADUAL A11 Pekerjaan Lelaki!row32,JADUAL A11 Pekerjaan Perempuan!row32
A11,Occupation (MASCO major group),"Skilled agricultural, forestry, livestock and fishery workers",mean_rm,2011,1251,921,26.4,0.736,JADUAL A11 Pekerjaan Lelaki!row32,JADUAL A11 Pekerjaan Perempuan!row32
A11,Occupation (MASCO major group),"Skilled agricultural, forestry, livestock and fishery workers",mean_rm,2012,1365,921,32.5,0.675,JADUAL A11 Pekerjaan Lelaki!row32,JADUAL A11 Pekerjaan Perempuan!row32
A11,Occupation (MASCO major group),"Skilled agricultural, forestry, livestock and fishery workers",mean_rm,2013,1398,978,30.0,0.7,JADUAL A11 Pekerjaan Lelaki!row32,JADUAL A11 Pekerjaan Perempuan!row32
A11,Occupation (MASCO major group),"Skilled agricultural, forestry, livestock and fishery workers",mean_rm,2014,1537,893,41.9,0.581,JADUAL A11 Pekerjaan Lelaki!row32,JADUAL A11 Pekerjaan Perempuan!row32
A11,Occupation (MASCO major group),"Skilled agricultural, forestry, livestock and fishery workers",mean_rm,2015,1782,1109,37.8,0.622,JADUAL A11 Pekerjaan Lelaki!row32,JADUAL A11 Pekerjaan Perempuan!row32
A11,Occupation (MASCO major group),"Skilled agricultural, forestry, livestock and fishery workers",mean_rm,2016,1782,1218,31.6,0.684,JADUAL A11 Pekerjaan Lelaki!row32,JADUAL A11 Pekerjaan Perempuan!row32
A11,Occupation (MASCO major group),"Skilled agricultural, forestry, livestock and fishery workers",mean_rm,2017,2211,1319,40.3,0.597,JADUAL A11 Pekerjaan Lelaki!row32,JADUAL A11 Pekerjaan Perempuan!row32
A11,Occupation (MASCO major group),"Skilled agricultural, forestry, livestock and fishery workers",mean_rm,2018,2264,1589,29.8,0.702,JADUAL A11 Pekerjaan Lelaki!row32,JADUAL A11 Pekerjaan Perempuan!row32
A11,Occupation (MASCO major group),"Skilled agricultural, forestry, livestock and fishery workers",mean_rm,2019,2309,1608,30.4,0.696,JADUAL A11 Pekerjaan Lelaki!row32,JADUAL A11 Pekerjaan Perempuan!row32
A11,Occupation (MASCO major group),"Skilled agricultural, forestry, livestock and fishery workers",mean_rm,2020,1631,1609,1.3,0.987,JADUAL A11 Pekerjaan Lelaki!row32,JADUAL A11 Pekerjaan Perempuan!row32
A11,Occupation (MASCO major group),"Skilled agricultural, forestry, livestock and fishery workers",mean_rm,2021,1755,1746,0.5,0.995,JADUAL A11 Pekerjaan Lelaki!row32,JADUAL A11 Pekerjaan Perempuan!row32
A11,Occupation (MASCO major group),"Skilled agricultural, forestry, livestock and fishery workers",mean_rm,2022,2076,1880,9.4,0.906,JADUAL A11 Pekerjaan Lelaki!row32,JADUAL A11 Pekerjaan Perempuan!row32
A11,Occupation (MASCO major group),"Skilled agricultural, forestry, livestock and fishery workers",mean_rm,2023,2309,1927,16.5,0.835,JADUAL A11 Pekerjaan Lelaki!row32,JADUAL A11 Pekerjaan Perempuan!row32
A11,Occupation (MASCO major group),"Skilled agricultural, forestry, livestock and fishery workers",mean_rm,2024,2523,2017,20.1,0.799,JADUAL A11 Pekerjaan Lelaki!row32,JADUAL A11 Pekerjaan Perempuan!row32
A11,Occupation (MASCO major group),"Skilled agricultural, forestry, livestock and fishery workers",mean_rm,2025,2721,2186,19.7,0.803,JADUAL A11 Pekerjaan Lelaki!row32,JADUAL A11 Pekerjaan Perempuan!row32
A11,Occupation (MASCO major group),Technicians and associate professionals,mean_rm,2010,2532,2298,9.2,0.908,JADUAL A11 Pekerjaan Lelaki!row29,JADUAL A11 Pekerjaan Perempuan!row29
A11,Occupation (MASCO major group),Technicians and associate professionals,mean_rm,2011,2486,2308,7.2,0.928,JADUAL A11 Pekerjaan Lelaki!row29,JADUAL A11 Pekerjaan Perempuan!row29
A11,Occupation (MASCO major group),Technicians and associate professionals,mean_rm,2012,2576,2396,7.0,0.93,JADUAL A11 Pekerjaan Lelaki!row29,JADUAL A11 Pekerjaan Perempuan!row29
A11,Occupation (MASCO major group),Technicians and associate professionals,mean_rm,2013,2716,2546,6.3,0.937,JADUAL A11 Pekerjaan Lelaki!row29,JADUAL A11 Pekerjaan Perempuan!row29
A11,Occupation (MASCO major group),Technicians and associate professionals,mean_rm,2014,2996,2810,6.2,0.938,JADUAL A11 Pekerjaan Lelaki!row29,JADUAL A11 Pekerjaan Perempuan!row29
A11,Occupation (MASCO major group),Technicians and associate professionals,mean_rm,2015,3108,2896,6.8,0.932,JADUAL A11 Pekerjaan Lelaki!row29,JADUAL A11 Pekerjaan Perempuan!row29
A11,Occupation (MASCO major group),Technicians and associate professionals,mean_rm,2016,3176,2835,10.7,0.893,JADUAL A11 Pekerjaan Lelaki!row29,JADUAL A11 Pekerjaan Perempuan!row29
A11,Occupation (MASCO major group),Technicians and associate professionals,mean_rm,2017,3349,3166,5.5,0.945,JADUAL A11 Pekerjaan Lelaki!row29,JADUAL A11 Pekerjaan Perempuan!row29
A11,Occupation (MASCO major group),Technicians and associate professionals,mean_rm,2018,3651,3255,10.8,0.892,JADUAL A11 Pekerjaan Lelaki!row29,JADUAL A11 Pekerjaan Perempuan!row29
A11,Occupation (MASCO major group),Technicians and associate professionals,mean_rm,2019,3745,3440,8.1,0.919,JADUAL A11 Pekerjaan Lelaki!row29,JADUAL A11 Pekerjaan Perempuan!row29
A11,Occupation (MASCO major group),Technicians and associate professionals,mean_rm,2020,3410,3192,6.4,0.936,JADUAL A11 Pekerjaan Lelaki!row29,JADUAL A11 Pekerjaan Perempuan!row29
A11,Occupation (MASCO major group),Technicians and associate professionals,mean_rm,2021,3528,3391,3.9,0.961,JADUAL A11 Pekerjaan Lelaki!row29,JADUAL A11 Pekerjaan Perempuan!row29
A11,Occupation (MASCO major group),Technicians and associate professionals,mean_rm,2022,3682,3547,3.7,0.963,JADUAL A11 Pekerjaan Lelaki!row29,JADUAL A11 Pekerjaan Perempuan!row29
A11,Occupation (MASCO major group),Technicians and associate professionals,mean_rm,2023,3916,3699,5.5,0.945,JADUAL A11 Pekerjaan Lelaki!row29,JADUAL A11 Pekerjaan Perempuan!row29
A11,Occupation (MASCO major group),Technicians and associate professionals,mean_rm,2024,4162,3873,6.9,0.931,JADUAL A11 Pekerjaan Lelaki!row29,JADUAL A11 Pekerjaan Perempuan!row29
A11,Occupation (MASCO major group),Technicians and associate professionals,mean_rm,2025,4340,4050,6.7,0.933,JADUAL A11 Pekerjaan Lelaki!row29,JADUAL A11 Pekerjaan Perempuan!row29
A11,Occupation (MASCO major group),Total,mean_rm,2010,2003,1825,8.9,0.911,JADUAL A11 Pekerjaan Lelaki!row26,JADUAL A11 Pekerjaan Perempuan!row26
A11,Occupation (MASCO major group),Total,mean_rm,2011,2035,1838,9.7,0.903,JADUAL A11 Pekerjaan Lelaki!row26,JADUAL A11 Pekerjaan Perempuan!row26
A11,Occupation (MASCO major group),Total,mean_rm,2012,2126,1935,9.0,0.91,JADUAL A11 Pekerjaan Lelaki!row26,JADUAL A11 Pekerjaan Perempuan!row26
A11,Occupation (MASCO major group),Total,mean_rm,2013,2259,2072,8.3,0.917,JADUAL A11 Pekerjaan Lelaki!row26,JADUAL A11 Pekerjaan Perempuan!row26
A11,Occupation (MASCO major group),Total,mean_rm,2014,2455,2259,8.0,0.92,JADUAL A11 Pekerjaan Lelaki!row26,JADUAL A11 Pekerjaan Perempuan!row26
A11,Occupation (MASCO major group),Total,mean_rm,2015,2558,2380,7.0,0.93,JADUAL A11 Pekerjaan Lelaki!row26,JADUAL A11 Pekerjaan Perempuan!row26
A11,Occupation (MASCO major group),Total,mean_rm,2016,2741,2532,7.6,0.924,JADUAL A11 Pekerjaan Lelaki!row26,JADUAL A11 Pekerjaan Perempuan!row26
A11,Occupation (MASCO major group),Total,mean_rm,2017,2953,2772,6.1,0.939,JADUAL A11 Pekerjaan Lelaki!row26,JADUAL A11 Pekerjaan Perempuan!row26
A11,Occupation (MASCO major group),Total,mean_rm,2018,3174,2959,6.8,0.932,JADUAL A11 Pekerjaan Lelaki!row26,JADUAL A11 Pekerjaan Perempuan!row26
A11,Occupation (MASCO major group),Total,mean_rm,2019,3304,3108,5.9,0.941,JADUAL A11 Pekerjaan Lelaki!row26,JADUAL A11 Pekerjaan Perempuan!row26
A11,Occupation (MASCO major group),Total,mean_rm,2020,3011,2872,4.6,0.954,JADUAL A11 Pekerjaan Lelaki!row26,JADUAL A11 Pekerjaan Perempuan!row26
A11,Occupation (MASCO major group),Total,mean_rm,2021,3114,2955,5.1,0.949,JADUAL A11 Pekerjaan Lelaki!row26,JADUAL A11 Pekerjaan Perempuan!row26
A11,Occupation (MASCO major group),Total,mean_rm,2022,3288,3119,5.1,0.949,JADUAL A11 Pekerjaan Lelaki!row26,JADUAL A11 Pekerjaan Perempuan!row26
A11,Occupation (MASCO major group),Total,mean_rm,2023,3532,3311,6.3,0.937,JADUAL A11 Pekerjaan Lelaki!row26,JADUAL A11 Pekerjaan Perempuan!row26
A11,Occupation (MASCO major group),Total,mean_rm,2024,3759,3499,6.9,0.931,JADUAL A11 Pekerjaan Lelaki!row26,JADUAL A11 Pekerjaan Perempuan!row26
A11,Occupation (MASCO major group),Total,mean_rm,2025,3921,3635,7.3,0.927,JADUAL A11 Pekerjaan Lelaki!row26,JADUAL A11 Pekerjaan Perempuan!row26
A11,Occupation (MASCO major group),Clerical support workers,median_rm,2010,1500,1415,5.7,0.943,JADUAL A11 Pekerjaan Lelaki!row20,JADUAL A11 Pekerjaan Perempuan!row20
A11,Occupation (MASCO major group),Clerical support workers,median_rm,2011,1600,1500,6.2,0.938,JADUAL A11 Pekerjaan Lelaki!row20,JADUAL A11 Pekerjaan Perempuan!row20
A11,Occupation (MASCO major group),Clerical support workers,median_rm,2012,1715,1500,12.5,0.875,JADUAL A11 Pekerjaan Lelaki!row20,JADUAL A11 Pekerjaan Perempuan!row20
A11,Occupation (MASCO major group),Clerical support workers,median_rm,2013,1800,1595,11.4,0.886,JADUAL A11 Pekerjaan Lelaki!row20,JADUAL A11 Pekerjaan Perempuan!row20
A11,Occupation (MASCO major group),Clerical support workers,median_rm,2014,2000,1700,15.0,0.85,JADUAL A11 Pekerjaan Lelaki!row20,JADUAL A11 Pekerjaan Perempuan!row20
A11,Occupation (MASCO major group),Clerical support workers,median_rm,2015,2000,1780,11.0,0.89,JADUAL A11 Pekerjaan Lelaki!row20,JADUAL A11 Pekerjaan Perempuan!row20
A11,Occupation (MASCO major group),Clerical support workers,median_rm,2016,2331,1950,16.3,0.837,JADUAL A11 Pekerjaan Lelaki!row20,JADUAL A11 Pekerjaan Perempuan!row20
A11,Occupation (MASCO major group),Clerical support workers,median_rm,2017,2350,2000,14.9,0.851,JADUAL A11 Pekerjaan Lelaki!row20,JADUAL A11 Pekerjaan Perempuan!row20
A11,Occupation (MASCO major group),Clerical support workers,median_rm,2018,2212,2054,7.1,0.929,JADUAL A11 Pekerjaan Lelaki!row20,JADUAL A11 Pekerjaan Perempuan!row20
A11,Occupation (MASCO major group),Clerical support workers,median_rm,2019,2525,2261,10.5,0.895,JADUAL A11 Pekerjaan Lelaki!row20,JADUAL A11 Pekerjaan Perempuan!row20
A11,Occupation (MASCO major group),Clerical support workers,median_rm,2020,2383,1989,16.5,0.835,JADUAL A11 Pekerjaan Lelaki!row20,JADUAL A11 Pekerjaan Perempuan!row20
A11,Occupation (MASCO major group),Clerical support workers,median_rm,2021,2484,1927,22.4,0.776,JADUAL A11 Pekerjaan Lelaki!row20,JADUAL A11 Pekerjaan Perempuan!row20
A11,Occupation (MASCO major group),Clerical support workers,median_rm,2022,2552,2106,17.5,0.825,JADUAL A11 Pekerjaan Lelaki!row20,JADUAL A11 Pekerjaan Perempuan!row20
A11,Occupation (MASCO major group),Clerical support workers,median_rm,2023,2701,2320,14.1,0.859,JADUAL A11 Pekerjaan Lelaki!row20,JADUAL A11 Pekerjaan Perempuan!row20
A11,Occupation (MASCO major group),Clerical support workers,median_rm,2024,2947,2476,16.0,0.84,JADUAL A11 Pekerjaan Lelaki!row20,JADUAL A11 Pekerjaan Perempuan!row20
A11,Occupation (MASCO major group),Clerical support workers,median_rm,2025,3341,2606,22.0,0.78,JADUAL A11 Pekerjaan Lelaki!row20,JADUAL A11 Pekerjaan Perempuan!row20
A11,Occupation (MASCO major group),Craft and related trades workers,median_rm,2010,1200,650,45.8,0.542,JADUAL A11 Pekerjaan Lelaki!row23,JADUAL A11 Pekerjaan Perempuan!row23
A11,Occupation (MASCO major group),Craft and related trades workers,median_rm,2011,1200,830,30.8,0.692,JADUAL A11 Pekerjaan Lelaki!row23,JADUAL A11 Pekerjaan Perempuan!row23
A11,Occupation (MASCO major group),Craft and related trades workers,median_rm,2012,1200,700,41.7,0.583,JADUAL A11 Pekerjaan Lelaki!row23,JADUAL A11 Pekerjaan Perempuan!row23
A11,Occupation (MASCO major group),Craft and related trades workers,median_rm,2013,1300,810,37.7,0.623,JADUAL A11 Pekerjaan Lelaki!row23,JADUAL A11 Pekerjaan Perempuan!row23
A11,Occupation (MASCO major group),Craft and related trades workers,median_rm,2014,1500,900,40.0,0.6,JADUAL A11 Pekerjaan Lelaki!row23,JADUAL A11 Pekerjaan Perempuan!row23
A11,Occupation (MASCO major group),Craft and related trades workers,median_rm,2015,1500,960,36.0,0.64,JADUAL A11 Pekerjaan Lelaki!row23,JADUAL A11 Pekerjaan Perempuan!row23
A11,Occupation (MASCO major group),Craft and related trades workers,median_rm,2016,1630,960,41.1,0.589,JADUAL A11 Pekerjaan Lelaki!row23,JADUAL A11 Pekerjaan Perempuan!row23
A11,Occupation (MASCO major group),Craft and related trades workers,median_rm,2017,1680,1200,28.6,0.714,JADUAL A11 Pekerjaan Lelaki!row23,JADUAL A11 Pekerjaan Perempuan!row23
A11,Occupation (MASCO major group),Craft and related trades workers,median_rm,2018,1818,1182,35.0,0.65,JADUAL A11 Pekerjaan Lelaki!row23,JADUAL A11 Pekerjaan Perempuan!row23
A11,Occupation (MASCO major group),Craft and related trades workers,median_rm,2019,1911,1283,32.9,0.671,JADUAL A11 Pekerjaan Lelaki!row23,JADUAL A11 Pekerjaan Perempuan!row23
A11,Occupation (MASCO major group),Craft and related trades workers,median_rm,2020,1635,1266,22.6,0.774,JADUAL A11 Pekerjaan Lelaki!row23,JADUAL A11 Pekerjaan Perempuan!row23
A11,Occupation (MASCO major group),Craft and related trades workers,median_rm,2021,1745,1656,5.1,0.949,JADUAL A11 Pekerjaan Lelaki!row23,JADUAL A11 Pekerjaan Perempuan!row23
A11,Occupation (MASCO major group),Craft and related trades workers,median_rm,2022,1760,1865,-6.0,1.06,JADUAL A11 Pekerjaan Lelaki!row23,JADUAL A11 Pekerjaan Perempuan!row23
A11,Occupation (MASCO major group),Craft and related trades workers,median_rm,2023,1974,1529,22.5,0.775,JADUAL A11 Pekerjaan Lelaki!row23,JADUAL A11 Pekerjaan Perempuan!row23
A11,Occupation (MASCO major group),Craft and related trades workers,median_rm,2024,1985,1600,19.4,0.806,JADUAL A11 Pekerjaan Lelaki!row23,JADUAL A11 Pekerjaan Perempuan!row23
A11,Occupation (MASCO major group),Craft and related trades workers,median_rm,2025,2200,1682,23.5,0.765,JADUAL A11 Pekerjaan Lelaki!row23,JADUAL A11 Pekerjaan Perempuan!row23
A11,Occupation (MASCO major group),Elementary occupations,median_rm,2010,900,600,33.3,0.667,JADUAL A11 Pekerjaan Lelaki!row25,JADUAL A11 Pekerjaan Perempuan!row25
A11,Occupation (MASCO major group),Elementary occupations,median_rm,2011,935,600,35.8,0.642,JADUAL A11 Pekerjaan Lelaki!row25,JADUAL A11 Pekerjaan Perempuan!row25
A11,Occupation (MASCO major group),Elementary occupations,median_rm,2012,950,600,36.8,0.632,JADUAL A11 Pekerjaan Lelaki!row25,JADUAL A11 Pekerjaan Perempuan!row25
A11,Occupation (MASCO major group),Elementary occupations,median_rm,2013,1008,700,30.6,0.694,JADUAL A11 Pekerjaan Lelaki!row25,JADUAL A11 Pekerjaan Perempuan!row25
A11,Occupation (MASCO major group),Elementary occupations,median_rm,2014,1100,800,27.3,0.727,JADUAL A11 Pekerjaan Lelaki!row25,JADUAL A11 Pekerjaan Perempuan!row25
A11,Occupation (MASCO major group),Elementary occupations,median_rm,2015,1180,900,23.7,0.763,JADUAL A11 Pekerjaan Lelaki!row25,JADUAL A11 Pekerjaan Perempuan!row25
A11,Occupation (MASCO major group),Elementary occupations,median_rm,2016,1200,900,25.0,0.75,JADUAL A11 Pekerjaan Lelaki!row25,JADUAL A11 Pekerjaan Perempuan!row25
A11,Occupation (MASCO major group),Elementary occupations,median_rm,2017,1330,1000,24.8,0.752,JADUAL A11 Pekerjaan Lelaki!row25,JADUAL A11 Pekerjaan Perempuan!row25
A11,Occupation (MASCO major group),Elementary occupations,median_rm,2018,1544,1123,27.3,0.727,JADUAL A11 Pekerjaan Lelaki!row25,JADUAL A11 Pekerjaan Perempuan!row25
A11,Occupation (MASCO major group),Elementary occupations,median_rm,2019,1560,1208,22.6,0.774,JADUAL A11 Pekerjaan Lelaki!row25,JADUAL A11 Pekerjaan Perempuan!row25
A11,Occupation (MASCO major group),Elementary occupations,median_rm,2020,1432,1230,14.1,0.859,JADUAL A11 Pekerjaan Lelaki!row25,JADUAL A11 Pekerjaan Perempuan!row25
A11,Occupation (MASCO major group),Elementary occupations,median_rm,2021,1531,1541,-0.7,1.007,JADUAL A11 Pekerjaan Lelaki!row25,JADUAL A11 Pekerjaan Perempuan!row25
A11,Occupation (MASCO major group),Elementary occupations,median_rm,2022,1556,1578,-1.4,1.014,JADUAL A11 Pekerjaan Lelaki!row25,JADUAL A11 Pekerjaan Perempuan!row25
A11,Occupation (MASCO major group),Elementary occupations,median_rm,2023,1609,1529,5.0,0.95,JADUAL A11 Pekerjaan Lelaki!row25,JADUAL A11 Pekerjaan Perempuan!row25
A11,Occupation (MASCO major group),Elementary occupations,median_rm,2024,1669,1620,2.9,0.971,JADUAL A11 Pekerjaan Lelaki!row25,JADUAL A11 Pekerjaan Perempuan!row25
A11,Occupation (MASCO major group),Elementary occupations,median_rm,2025,1778,1753,1.4,0.986,JADUAL A11 Pekerjaan Lelaki!row25,JADUAL A11 Pekerjaan Perempuan!row25
A11,Occupation (MASCO major group),Managers,median_rm,2010,4000,3000,25.0,0.75,JADUAL A11 Pekerjaan Lelaki!row17,JADUAL A11 Pekerjaan Perempuan!row17
A11,Occupation (MASCO major group),Managers,median_rm,2011,4449,3500,21.3,0.787,JADUAL A11 Pekerjaan Lelaki!row17,JADUAL A11 Pekerjaan Perempuan!row17
A11,Occupation (MASCO major group),Managers,median_rm,2012,4500,3400,24.4,0.756,JADUAL A11 Pekerjaan Lelaki!row17,JADUAL A11 Pekerjaan Perempuan!row17
A11,Occupation (MASCO major group),Managers,median_rm,2013,5000,3790,24.2,0.758,JADUAL A11 Pekerjaan Lelaki!row17,JADUAL A11 Pekerjaan Perempuan!row17
A11,Occupation (MASCO major group),Managers,median_rm,2014,5000,4500,10.0,0.9,JADUAL A11 Pekerjaan Lelaki!row17,JADUAL A11 Pekerjaan Perempuan!row17
A11,Occupation (MASCO major group),Managers,median_rm,2015,5500,4100,25.5,0.745,JADUAL A11 Pekerjaan Lelaki!row17,JADUAL A11 Pekerjaan Perempuan!row17
A11,Occupation (MASCO major group),Managers,median_rm,2016,5700,5000,12.3,0.877,JADUAL A11 Pekerjaan Lelaki!row17,JADUAL A11 Pekerjaan Perempuan!row17
A11,Occupation (MASCO major group),Managers,median_rm,2017,6000,5000,16.7,0.833,JADUAL A11 Pekerjaan Lelaki!row17,JADUAL A11 Pekerjaan Perempuan!row17
A11,Occupation (MASCO major group),Managers,median_rm,2018,7139,5687,20.3,0.797,JADUAL A11 Pekerjaan Lelaki!row17,JADUAL A11 Pekerjaan Perempuan!row17
A11,Occupation (MASCO major group),Managers,median_rm,2019,7159,6832,4.6,0.954,JADUAL A11 Pekerjaan Lelaki!row17,JADUAL A11 Pekerjaan Perempuan!row17
A11,Occupation (MASCO major group),Managers,median_rm,2020,5788,5069,12.4,0.876,JADUAL A11 Pekerjaan Lelaki!row17,JADUAL A11 Pekerjaan Perempuan!row17
A11,Occupation (MASCO major group),Managers,median_rm,2021,5982,4948,17.3,0.827,JADUAL A11 Pekerjaan Lelaki!row17,JADUAL A11 Pekerjaan Perempuan!row17
A11,Occupation (MASCO major group),Managers,median_rm,2022,5871,4695,20.0,0.8,JADUAL A11 Pekerjaan Lelaki!row17,JADUAL A11 Pekerjaan Perempuan!row17
A11,Occupation (MASCO major group),Managers,median_rm,2023,6096,5044,17.3,0.827,JADUAL A11 Pekerjaan Lelaki!row17,JADUAL A11 Pekerjaan Perempuan!row17
A11,Occupation (MASCO major group),Managers,median_rm,2024,6100,5132,15.9,0.841,JADUAL A11 Pekerjaan Lelaki!row17,JADUAL A11 Pekerjaan Perempuan!row17
A11,Occupation (MASCO major group),Managers,median_rm,2025,6383,5307,16.9,0.831,JADUAL A11 Pekerjaan Lelaki!row17,JADUAL A11 Pekerjaan Perempuan!row17
A11,Occupation (MASCO major group),"Plant and machine-operators, and assemblers",median_rm,2010,1200,850,29.2,0.708,JADUAL A11 Pekerjaan Lelaki!row24,JADUAL A11 Pekerjaan Perempuan!row24
A11,Occupation (MASCO major group),"Plant and machine-operators, and assemblers",median_rm,2011,1200,900,25.0,0.75,JADUAL A11 Pekerjaan Lelaki!row24,JADUAL A11 Pekerjaan Perempuan!row24
A11,Occupation (MASCO major group),"Plant and machine-operators, and assemblers",median_rm,2012,1400,950,32.1,0.679,JADUAL A11 Pekerjaan Lelaki!row24,JADUAL A11 Pekerjaan Perempuan!row24
A11,Occupation (MASCO major group),"Plant and machine-operators, and assemblers",median_rm,2013,1500,1040,30.7,0.693,JADUAL A11 Pekerjaan Lelaki!row24,JADUAL A11 Pekerjaan Perempuan!row24
A11,Occupation (MASCO major group),"Plant and machine-operators, and assemblers",median_rm,2014,1500,1200,20.0,0.8,JADUAL A11 Pekerjaan Lelaki!row24,JADUAL A11 Pekerjaan Perempuan!row24
A11,Occupation (MASCO major group),"Plant and machine-operators, and assemblers",median_rm,2015,1600,1196,25.2,0.748,JADUAL A11 Pekerjaan Lelaki!row24,JADUAL A11 Pekerjaan Perempuan!row24
A11,Occupation (MASCO major group),"Plant and machine-operators, and assemblers",median_rm,2016,1703,1200,29.5,0.705,JADUAL A11 Pekerjaan Lelaki!row24,JADUAL A11 Pekerjaan Perempuan!row24
A11,Occupation (MASCO major group),"Plant and machine-operators, and assemblers",median_rm,2017,1800,1300,27.8,0.722,JADUAL A11 Pekerjaan Lelaki!row24,JADUAL A11 Pekerjaan Perempuan!row24
A11,Occupation (MASCO major group),"Plant and machine-operators, and assemblers",median_rm,2018,1891,1410,25.4,0.746,JADUAL A11 Pekerjaan Lelaki!row24,JADUAL A11 Pekerjaan Perempuan!row24
A11,Occupation (MASCO major group),"Plant and machine-operators, and assemblers",median_rm,2019,2070,1463,29.3,0.707,JADUAL A11 Pekerjaan Lelaki!row24,JADUAL A11 Pekerjaan Perempuan!row24
A11,Occupation (MASCO major group),"Plant and machine-operators, and assemblers",median_rm,2020,1727,1423,17.6,0.824,JADUAL A11 Pekerjaan Lelaki!row24,JADUAL A11 Pekerjaan Perempuan!row24
A11,Occupation (MASCO major group),"Plant and machine-operators, and assemblers",median_rm,2021,1823,1629,10.6,0.894,JADUAL A11 Pekerjaan Lelaki!row24,JADUAL A11 Pekerjaan Perempuan!row24
A11,Occupation (MASCO major group),"Plant and machine-operators, and assemblers",median_rm,2022,1968,1614,18.0,0.82,JADUAL A11 Pekerjaan Lelaki!row24,JADUAL A11 Pekerjaan Perempuan!row24
A11,Occupation (MASCO major group),"Plant and machine-operators, and assemblers",median_rm,2023,1954,1795,8.1,0.919,JADUAL A11 Pekerjaan Lelaki!row24,JADUAL A11 Pekerjaan Perempuan!row24
A11,Occupation (MASCO major group),"Plant and machine-operators, and assemblers",median_rm,2024,2043,1945,4.8,0.952,JADUAL A11 Pekerjaan Lelaki!row24,JADUAL A11 Pekerjaan Perempuan!row24
A11,Occupation (MASCO major group),"Plant and machine-operators, and assemblers",median_rm,2025,2163,1813,16.2,0.838,JADUAL A11 Pekerjaan Lelaki!row24,JADUAL A11 Pekerjaan Perempuan!row24
A11,Occupation (MASCO major group),Professionals,median_rm,2010,3500,3081,12.0,0.88,JADUAL A11 Pekerjaan Lelaki!row18,JADUAL A11 Pekerjaan Perempuan!row18
A11,Occupation (MASCO major group),Professionals,median_rm,2011,3500,3000,14.3,0.857,JADUAL A11 Pekerjaan Lelaki!row18,JADUAL A11 Pekerjaan Perempuan!row18
A11,Occupation (MASCO major group),Professionals,median_rm,2012,3680,3171,13.8,0.862,JADUAL A11 Pekerjaan Lelaki!row18,JADUAL A11 Pekerjaan Perempuan!row18
A11,Occupation (MASCO major group),Professionals,median_rm,2013,4000,3500,12.5,0.875,JADUAL A11 Pekerjaan Lelaki!row18,JADUAL A11 Pekerjaan Perempuan!row18
A11,Occupation (MASCO major group),Professionals,median_rm,2014,4275,3839,10.2,0.898,JADUAL A11 Pekerjaan Lelaki!row18,JADUAL A11 Pekerjaan Perempuan!row18
A11,Occupation (MASCO major group),Professionals,median_rm,2015,4516,4000,11.4,0.886,JADUAL A11 Pekerjaan Lelaki!row18,JADUAL A11 Pekerjaan Perempuan!row18
A11,Occupation (MASCO major group),Professionals,median_rm,2016,4800,4125,14.1,0.859,JADUAL A11 Pekerjaan Lelaki!row18,JADUAL A11 Pekerjaan Perempuan!row18
A11,Occupation (MASCO major group),Professionals,median_rm,2017,4910,4200,14.5,0.855,JADUAL A11 Pekerjaan Lelaki!row18,JADUAL A11 Pekerjaan Perempuan!row18
A11,Occupation (MASCO major group),Professionals,median_rm,2018,5328,4527,15.0,0.85,JADUAL A11 Pekerjaan Lelaki!row18,JADUAL A11 Pekerjaan Perempuan!row18
A11,Occupation (MASCO major group),Professionals,median_rm,2019,5578,4798,14.0,0.86,JADUAL A11 Pekerjaan Lelaki!row18,JADUAL A11 Pekerjaan Perempuan!row18
A11,Occupation (MASCO major group),Professionals,median_rm,2020,5319,4540,14.6,0.854,JADUAL A11 Pekerjaan Lelaki!row18,JADUAL A11 Pekerjaan Perempuan!row18
A11,Occupation (MASCO major group),Professionals,median_rm,2021,5855,4954,15.4,0.846,JADUAL A11 Pekerjaan Lelaki!row18,JADUAL A11 Pekerjaan Perempuan!row18
A11,Occupation (MASCO major group),Professionals,median_rm,2022,5909,4868,17.6,0.824,JADUAL A11 Pekerjaan Lelaki!row18,JADUAL A11 Pekerjaan Perempuan!row18
A11,Occupation (MASCO major group),Professionals,median_rm,2023,6201,5046,18.6,0.814,JADUAL A11 Pekerjaan Lelaki!row18,JADUAL A11 Pekerjaan Perempuan!row18
A11,Occupation (MASCO major group),Professionals,median_rm,2024,6205,5297,14.6,0.854,JADUAL A11 Pekerjaan Lelaki!row18,JADUAL A11 Pekerjaan Perempuan!row18
A11,Occupation (MASCO major group),Professionals,median_rm,2025,6702,5276,21.3,0.787,JADUAL A11 Pekerjaan Lelaki!row18,JADUAL A11 Pekerjaan Perempuan!row18
A11,Occupation (MASCO major group),Service and sales workers,median_rm,2010,1314,800,39.1,0.609,JADUAL A11 Pekerjaan Lelaki!row21,JADUAL A11 Pekerjaan Perempuan!row21
A11,Occupation (MASCO major group),Service and sales workers,median_rm,2011,1200,900,25.0,0.75,JADUAL A11 Pekerjaan Lelaki!row21,JADUAL A11 Pekerjaan Perempuan!row21
A11,Occupation (MASCO major group),Service and sales workers,median_rm,2012,1300,888,31.7,0.683,JADUAL A11 Pekerjaan Lelaki!row21,JADUAL A11 Pekerjaan Perempuan!row21
A11,Occupation (MASCO major group),Service and sales workers,median_rm,2013,1500,972,35.2,0.648,JADUAL A11 Pekerjaan Lelaki!row21,JADUAL A11 Pekerjaan Perempuan!row21
A11,Occupation (MASCO major group),Service and sales workers,median_rm,2014,1500,1000,33.3,0.667,JADUAL A11 Pekerjaan Lelaki!row21,JADUAL A11 Pekerjaan Perempuan!row21
A11,Occupation (MASCO major group),Service and sales workers,median_rm,2015,1545,1020,34.0,0.66,JADUAL A11 Pekerjaan Lelaki!row21,JADUAL A11 Pekerjaan Perempuan!row21
A11,Occupation (MASCO major group),Service and sales workers,median_rm,2016,1600,1050,34.4,0.656,JADUAL A11 Pekerjaan Lelaki!row21,JADUAL A11 Pekerjaan Perempuan!row21
A11,Occupation (MASCO major group),Service and sales workers,median_rm,2017,1675,1300,22.4,0.776,JADUAL A11 Pekerjaan Lelaki!row21,JADUAL A11 Pekerjaan Perempuan!row21
A11,Occupation (MASCO major group),Service and sales workers,median_rm,2018,1892,1353,28.5,0.715,JADUAL A11 Pekerjaan Lelaki!row21,JADUAL A11 Pekerjaan Perempuan!row21
A11,Occupation (MASCO major group),Service and sales workers,median_rm,2019,1896,1422,25.0,0.75,JADUAL A11 Pekerjaan Lelaki!row21,JADUAL A11 Pekerjaan Perempuan!row21
A11,Occupation (MASCO major group),Service and sales workers,median_rm,2020,1595,1259,21.1,0.789,JADUAL A11 Pekerjaan Lelaki!row21,JADUAL A11 Pekerjaan Perempuan!row21
A11,Occupation (MASCO major group),Service and sales workers,median_rm,2021,1696,1491,12.1,0.879,JADUAL A11 Pekerjaan Lelaki!row21,JADUAL A11 Pekerjaan Perempuan!row21
A11,Occupation (MASCO major group),Service and sales workers,median_rm,2022,1895,1699,10.3,0.897,JADUAL A11 Pekerjaan Lelaki!row21,JADUAL A11 Pekerjaan Perempuan!row21
A11,Occupation (MASCO major group),Service and sales workers,median_rm,2023,2045,1621,20.7,0.793,JADUAL A11 Pekerjaan Lelaki!row21,JADUAL A11 Pekerjaan Perempuan!row21
A11,Occupation (MASCO major group),Service and sales workers,median_rm,2024,2142,1700,20.6,0.794,JADUAL A11 Pekerjaan Lelaki!row21,JADUAL A11 Pekerjaan Perempuan!row21
A11,Occupation (MASCO major group),Service and sales workers,median_rm,2025,2255,1776,21.2,0.788,JADUAL A11 Pekerjaan Lelaki!row21,JADUAL A11 Pekerjaan Perempuan!row21
A11,Occupation (MASCO major group),"Skilled agricultural, forestry, livestock and fishery workers",median_rm,2010,600,432,28.0,0.72,JADUAL A11 Pekerjaan Lelaki!row22,JADUAL A11 Pekerjaan Perempuan!row22
A11,Occupation (MASCO major group),"Skilled agricultural, forestry, livestock and fishery workers",median_rm,2011,960,650,32.3,0.677,JADUAL A11 Pekerjaan Lelaki!row22,JADUAL A11 Pekerjaan Perempuan!row22
A11,Occupation (MASCO major group),"Skilled agricultural, forestry, livestock and fishery workers",median_rm,2012,1100,600,45.5,0.545,JADUAL A11 Pekerjaan Lelaki!row22,JADUAL A11 Pekerjaan Perempuan!row22
A11,Occupation (MASCO major group),"Skilled agricultural, forestry, livestock and fishery workers",median_rm,2013,1100,748,32.0,0.68,JADUAL A11 Pekerjaan Lelaki!row22,JADUAL A11 Pekerjaan Perempuan!row22
A11,Occupation (MASCO major group),"Skilled agricultural, forestry, livestock and fishery workers",median_rm,2014,1305,830,36.4,0.636,JADUAL A11 Pekerjaan Lelaki!row22,JADUAL A11 Pekerjaan Perempuan!row22
A11,Occupation (MASCO major group),"Skilled agricultural, forestry, livestock and fishery workers",median_rm,2015,1500,910,39.3,0.607,JADUAL A11 Pekerjaan Lelaki!row22,JADUAL A11 Pekerjaan Perempuan!row22
A11,Occupation (MASCO major group),"Skilled agricultural, forestry, livestock and fishery workers",median_rm,2016,1350,1450,-7.4,1.074,JADUAL A11 Pekerjaan Lelaki!row22,JADUAL A11 Pekerjaan Perempuan!row22
A11,Occupation (MASCO major group),"Skilled agricultural, forestry, livestock and fishery workers",median_rm,2017,1480,1450,2.0,0.98,JADUAL A11 Pekerjaan Lelaki!row22,JADUAL A11 Pekerjaan Perempuan!row22
A11,Occupation (MASCO major group),"Skilled agricultural, forestry, livestock and fishery workers",median_rm,2018,1576,1396,11.4,0.886,JADUAL A11 Pekerjaan Lelaki!row22,JADUAL A11 Pekerjaan Perempuan!row22
A11,Occupation (MASCO major group),"Skilled agricultural, forestry, livestock and fishery workers",median_rm,2019,1852,1436,22.5,0.775,JADUAL A11 Pekerjaan Lelaki!row22,JADUAL A11 Pekerjaan Perempuan!row22
A11,Occupation (MASCO major group),"Skilled agricultural, forestry, livestock and fishery workers",median_rm,2020,1302,1217,6.5,0.935,JADUAL A11 Pekerjaan Lelaki!row22,JADUAL A11 Pekerjaan Perempuan!row22
A11,Occupation (MASCO major group),"Skilled agricultural, forestry, livestock and fishery workers",median_rm,2021,1485,1606,-8.1,1.081,JADUAL A11 Pekerjaan Lelaki!row22,JADUAL A11 Pekerjaan Perempuan!row22
A11,Occupation (MASCO major group),"Skilled agricultural, forestry, livestock and fishery workers",median_rm,2022,1821,1553,14.7,0.853,JADUAL A11 Pekerjaan Lelaki!row22,JADUAL A11 Pekerjaan Perempuan!row22
A11,Occupation (MASCO major group),"Skilled agricultural, forestry, livestock and fishery workers",median_rm,2023,1750,1542,11.9,0.881,JADUAL A11 Pekerjaan Lelaki!row22,JADUAL A11 Pekerjaan Perempuan!row22
A11,Occupation (MASCO major group),"Skilled agricultural, forestry, livestock and fishery workers",median_rm,2024,1883,1586,15.8,0.842,JADUAL A11 Pekerjaan Lelaki!row22,JADUAL A11 Pekerjaan Perempuan!row22
A11,Occupation (MASCO major group),"Skilled agricultural, forestry, livestock and fishery workers",median_rm,2025,1992,1663,16.5,0.835,JADUAL A11 Pekerjaan Lelaki!row22,JADUAL A11 Pekerjaan Perempuan!row22
A11,Occupation (MASCO major group),Technicians and associate professionals,median_rm,2010,2190,2200,-0.5,1.005,JADUAL A11 Pekerjaan Lelaki!row19,JADUAL A11 Pekerjaan Perempuan!row19
A11,Occupation (MASCO major group),Technicians and associate professionals,median_rm,2011,2200,2142,2.6,0.974,JADUAL A11 Pekerjaan Lelaki!row19,JADUAL A11 Pekerjaan Perempuan!row19
A11,Occupation (MASCO major group),Technicians and associate professionals,median_rm,2012,2340,2240,4.3,0.957,JADUAL A11 Pekerjaan Lelaki!row19,JADUAL A11 Pekerjaan Perempuan!row19
A11,Occupation (MASCO major group),Technicians and associate professionals,median_rm,2013,2500,2415,3.4,0.966,JADUAL A11 Pekerjaan Lelaki!row19,JADUAL A11 Pekerjaan Perempuan!row19
A11,Occupation (MASCO major group),Technicians and associate professionals,median_rm,2014,2675,2600,2.8,0.972,JADUAL A11 Pekerjaan Lelaki!row19,JADUAL A11 Pekerjaan Perempuan!row19
A11,Occupation (MASCO major group),Technicians and associate professionals,median_rm,2015,2740,2700,1.5,0.985,JADUAL A11 Pekerjaan Lelaki!row19,JADUAL A11 Pekerjaan Perempuan!row19
A11,Occupation (MASCO major group),Technicians and associate professionals,median_rm,2016,2856,2750,3.7,0.963,JADUAL A11 Pekerjaan Lelaki!row19,JADUAL A11 Pekerjaan Perempuan!row19
A11,Occupation (MASCO major group),Technicians and associate professionals,median_rm,2017,2950,2800,5.1,0.949,JADUAL A11 Pekerjaan Lelaki!row19,JADUAL A11 Pekerjaan Perempuan!row19
A11,Occupation (MASCO major group),Technicians and associate professionals,median_rm,2018,3119,2851,8.6,0.914,JADUAL A11 Pekerjaan Lelaki!row19,JADUAL A11 Pekerjaan Perempuan!row19
A11,Occupation (MASCO major group),Technicians and associate professionals,median_rm,2019,3308,3143,5.0,0.95,JADUAL A11 Pekerjaan Lelaki!row19,JADUAL A11 Pekerjaan Perempuan!row19
A11,Occupation (MASCO major group),Technicians and associate professionals,median_rm,2020,3082,2943,4.5,0.955,JADUAL A11 Pekerjaan Lelaki!row19,JADUAL A11 Pekerjaan Perempuan!row19
A11,Occupation (MASCO major group),Technicians and associate professionals,median_rm,2021,3300,3161,4.2,0.958,JADUAL A11 Pekerjaan Lelaki!row19,JADUAL A11 Pekerjaan Perempuan!row19
A11,Occupation (MASCO major group),Technicians and associate professionals,median_rm,2022,3330,3384,-1.6,1.016,JADUAL A11 Pekerjaan Lelaki!row19,JADUAL A11 Pekerjaan Perempuan!row19
A11,Occupation (MASCO major group),Technicians and associate professionals,median_rm,2023,3484,3314,4.9,0.951,JADUAL A11 Pekerjaan Lelaki!row19,JADUAL A11 Pekerjaan Perempuan!row19
A11,Occupation (MASCO major group),Technicians and associate professionals,median_rm,2024,3564,3393,4.8,0.952,JADUAL A11 Pekerjaan Lelaki!row19,JADUAL A11 Pekerjaan Perempuan!row19
A11,Occupation (MASCO major group),Technicians and associate professionals,median_rm,2025,3923,3688,6.0,0.94,JADUAL A11 Pekerjaan Lelaki!row19,JADUAL A11 Pekerjaan Perempuan!row19
A11,Occupation (MASCO major group),Total,median_rm,2010,1500,1498,0.1,0.999,JADUAL A11 Pekerjaan Lelaki!row16,JADUAL A11 Pekerjaan Perempuan!row16
A11,Occupation (MASCO major group),Total,median_rm,2011,1500,1467,2.2,0.978,JADUAL A11 Pekerjaan Lelaki!row16,JADUAL A11 Pekerjaan Perempuan!row16
A11,Occupation (MASCO major group),Total,median_rm,2012,1600,1500,6.2,0.938,JADUAL A11 Pekerjaan Lelaki!row16,JADUAL A11 Pekerjaan Perempuan!row16
A11,Occupation (MASCO major group),Total,median_rm,2013,1800,1600,11.1,0.889,JADUAL A11 Pekerjaan Lelaki!row16,JADUAL A11 Pekerjaan Perempuan!row16
A11,Occupation (MASCO major group),Total,median_rm,2014,1888,1700,10.0,0.9,JADUAL A11 Pekerjaan Lelaki!row16,JADUAL A11 Pekerjaan Perempuan!row16
A11,Occupation (MASCO major group),Total,median_rm,2015,2000,1855,7.2,0.927,JADUAL A11 Pekerjaan Lelaki!row16,JADUAL A11 Pekerjaan Perempuan!row16
A11,Occupation (MASCO major group),Total,median_rm,2016,2000,2000,0.0,1.0,JADUAL A11 Pekerjaan Lelaki!row16,JADUAL A11 Pekerjaan Perempuan!row16
A11,Occupation (MASCO major group),Total,median_rm,2017,2170,2145,1.2,0.988,JADUAL A11 Pekerjaan Lelaki!row16,JADUAL A11 Pekerjaan Perempuan!row16
A11,Occupation (MASCO major group),Total,median_rm,2018,2342,2227,4.9,0.951,JADUAL A11 Pekerjaan Lelaki!row16,JADUAL A11 Pekerjaan Perempuan!row16
A11,Occupation (MASCO major group),Total,median_rm,2019,2477,2370,4.3,0.957,JADUAL A11 Pekerjaan Lelaki!row16,JADUAL A11 Pekerjaan Perempuan!row16
A11,Occupation (MASCO major group),Total,median_rm,2020,2107,2026,3.8,0.962,JADUAL A11 Pekerjaan Lelaki!row16,JADUAL A11 Pekerjaan Perempuan!row16
A11,Occupation (MASCO major group),Total,median_rm,2021,2323,2150,7.4,0.926,JADUAL A11 Pekerjaan Lelaki!row16,JADUAL A11 Pekerjaan Perempuan!row16
A11,Occupation (MASCO major group),Total,median_rm,2022,2498,2305,7.7,0.923,JADUAL A11 Pekerjaan Lelaki!row16,JADUAL A11 Pekerjaan Perempuan!row16
A11,Occupation (MASCO major group),Total,median_rm,2023,2675,2464,7.9,0.921,JADUAL A11 Pekerjaan Lelaki!row16,JADUAL A11 Pekerjaan Perempuan!row16
A11,Occupation (MASCO major group),Total,median_rm,2024,2850,2641,7.3,0.927,JADUAL A11 Pekerjaan Lelaki!row16,JADUAL A11 Pekerjaan Perempuan!row16
A11,Occupation (MASCO major group),Total,median_rm,2025,3014,2788,7.5,0.925,JADUAL A11 Pekerjaan Lelaki!row16,JADUAL A11 Pekerjaan Perempuan!row16
A12,Skill category,Low-skilled,mean_rm,2010,1054,770,26.9,0.731,JADUAL A12 Kategori mahir!row30,JADUAL A12 Kategori mahir!row43
A12,Skill category,Low-skilled,mean_rm,2011,1074,746,30.5,0.695,JADUAL A12 Kategori mahir!row30,JADUAL A12 Kategori mahir!row43
A12,Skill category,Low-skilled,mean_rm,2012,1108,793,28.4,0.716,JADUAL A12 Kategori mahir!row30,JADUAL A12 Kategori mahir!row43
A12,Skill category,Low-skilled,mean_rm,2013,1218,854,29.9,0.701,JADUAL A12 Kategori mahir!row30,JADUAL A12 Kategori mahir!row43
A12,Skill category,Low-skilled,mean_rm,2014,1314,920,30.0,0.7,JADUAL A12 Kategori mahir!row30,JADUAL A12 Kategori mahir!row43
A12,Skill category,Low-skilled,mean_rm,2015,1394,1001,28.2,0.718,JADUAL A12 Kategori mahir!row30,JADUAL A12 Kategori mahir!row43
A12,Skill category,Low-skilled,mean_rm,2016,1433,1041,27.4,0.726,JADUAL A12 Kategori mahir!row30,JADUAL A12 Kategori mahir!row43
A12,Skill category,Low-skilled,mean_rm,2017,1615,1298,19.6,0.804,JADUAL A12 Kategori mahir!row30,JADUAL A12 Kategori mahir!row43
A12,Skill category,Low-skilled,mean_rm,2018,1758,1321,24.9,0.751,JADUAL A12 Kategori mahir!row30,JADUAL A12 Kategori mahir!row43
A12,Skill category,Low-skilled,mean_rm,2019,1861,1444,22.4,0.776,JADUAL A12 Kategori mahir!row30,JADUAL A12 Kategori mahir!row43
A12,Skill category,Low-skilled,mean_rm,2020,1828,1541,15.7,0.843,JADUAL A12 Kategori mahir!row30,JADUAL A12 Kategori mahir!row43
A12,Skill category,Low-skilled,mean_rm,2021,1801,1651,8.3,0.917,JADUAL A12 Kategori mahir!row30,JADUAL A12 Kategori mahir!row43
A12,Skill category,Low-skilled,mean_rm,2022,1866,1754,6.0,0.94,JADUAL A12 Kategori mahir!row30,JADUAL A12 Kategori mahir!row43
A12,Skill category,Low-skilled,mean_rm,2023,2030,1849,8.9,0.911,JADUAL A12 Kategori mahir!row30,JADUAL A12 Kategori mahir!row43
A12,Skill category,Low-skilled,mean_rm,2024,2227,1857,16.6,0.834,JADUAL A12 Kategori mahir!row30,JADUAL A12 Kategori mahir!row43
A12,Skill category,Low-skilled,mean_rm,2025,2299,1886,18.0,0.82,JADUAL A12 Kategori mahir!row30,JADUAL A12 Kategori mahir!row43
A12,Skill category,Semi-skilled,mean_rm,2010,1471,1242,15.6,0.844,JADUAL A12 Kategori mahir!row29,JADUAL A12 Kategori mahir!row42
A12,Skill category,Semi-skilled,mean_rm,2011,1500,1285,14.3,0.857,JADUAL A12 Kategori mahir!row29,JADUAL A12 Kategori mahir!row42
A12,Skill category,Semi-skilled,mean_rm,2012,1568,1328,15.3,0.847,JADUAL A12 Kategori mahir!row29,JADUAL A12 Kategori mahir!row42
A12,Skill category,Semi-skilled,mean_rm,2013,1715,1430,16.6,0.834,JADUAL A12 Kategori mahir!row29,JADUAL A12 Kategori mahir!row42
A12,Skill category,Semi-skilled,mean_rm,2014,1809,1517,16.1,0.839,JADUAL A12 Kategori mahir!row29,JADUAL A12 Kategori mahir!row42
A12,Skill category,Semi-skilled,mean_rm,2015,1864,1584,15.0,0.85,JADUAL A12 Kategori mahir!row29,JADUAL A12 Kategori mahir!row42
A12,Skill category,Semi-skilled,mean_rm,2016,1934,1634,15.5,0.845,JADUAL A12 Kategori mahir!row29,JADUAL A12 Kategori mahir!row42
A12,Skill category,Semi-skilled,mean_rm,2017,2049,1793,12.5,0.875,JADUAL A12 Kategori mahir!row29,JADUAL A12 Kategori mahir!row42
A12,Skill category,Semi-skilled,mean_rm,2018,2220,1904,14.2,0.858,JADUAL A12 Kategori mahir!row29,JADUAL A12 Kategori mahir!row42
A12,Skill category,Semi-skilled,mean_rm,2019,2331,2023,13.2,0.868,JADUAL A12 Kategori mahir!row29,JADUAL A12 Kategori mahir!row42
A12,Skill category,Semi-skilled,mean_rm,2020,2125,1868,12.1,0.879,JADUAL A12 Kategori mahir!row29,JADUAL A12 Kategori mahir!row42
A12,Skill category,Semi-skilled,mean_rm,2021,2159,1929,10.7,0.893,JADUAL A12 Kategori mahir!row29,JADUAL A12 Kategori mahir!row42
A12,Skill category,Semi-skilled,mean_rm,2022,2443,2188,10.4,0.896,JADUAL A12 Kategori mahir!row29,JADUAL A12 Kategori mahir!row42
A12,Skill category,Semi-skilled,mean_rm,2023,2583,2332,9.7,0.903,JADUAL A12 Kategori mahir!row29,JADUAL A12 Kategori mahir!row42
A12,Skill category,Semi-skilled,mean_rm,2024,2729,2437,10.7,0.893,JADUAL A12 Kategori mahir!row29,JADUAL A12 Kategori mahir!row42
A12,Skill category,Semi-skilled,mean_rm,2025,2871,2507,12.7,0.873,JADUAL A12 Kategori mahir!row29,JADUAL A12 Kategori mahir!row42
A12,Skill category,Skilled,mean_rm,2010,3248,2853,12.2,0.878,JADUAL A12 Kategori mahir!row28,JADUAL A12 Kategori mahir!row41
A12,Skill category,Skilled,mean_rm,2011,3352,2914,13.1,0.869,JADUAL A12 Kategori mahir!row28,JADUAL A12 Kategori mahir!row41
A12,Skill category,Skilled,mean_rm,2012,3531,3094,12.4,0.876,JADUAL A12 Kategori mahir!row28,JADUAL A12 Kategori mahir!row41
A12,Skill category,Skilled,mean_rm,2013,3710,3326,10.4,0.896,JADUAL A12 Kategori mahir!row28,JADUAL A12 Kategori mahir!row41
A12,Skill category,Skilled,mean_rm,2014,4083,3682,9.8,0.902,JADUAL A12 Kategori mahir!row28,JADUAL A12 Kategori mahir!row41
A12,Skill category,Skilled,mean_rm,2015,4313,3821,11.4,0.886,JADUAL A12 Kategori mahir!row28,JADUAL A12 Kategori mahir!row41
A12,Skill category,Skilled,mean_rm,2016,4458,3923,12.0,0.88,JADUAL A12 Kategori mahir!row28,JADUAL A12 Kategori mahir!row41
A12,Skill category,Skilled,mean_rm,2017,4828,4262,11.7,0.883,JADUAL A12 Kategori mahir!row28,JADUAL A12 Kategori mahir!row41
A12,Skill category,Skilled,mean_rm,2018,5155,4566,11.4,0.886,JADUAL A12 Kategori mahir!row28,JADUAL A12 Kategori mahir!row41
A12,Skill category,Skilled,mean_rm,2019,5269,4824,8.4,0.916,JADUAL A12 Kategori mahir!row28,JADUAL A12 Kategori mahir!row41
A12,Skill category,Skilled,mean_rm,2020,4824,4408,8.6,0.914,JADUAL A12 Kategori mahir!row28,JADUAL A12 Kategori mahir!row41
A12,Skill category,Skilled,mean_rm,2021,4948,4689,5.2,0.948,JADUAL A12 Kategori mahir!row28,JADUAL A12 Kategori mahir!row41
A12,Skill category,Skilled,mean_rm,2022,4961,4762,4.0,0.96,JADUAL A12 Kategori mahir!row28,JADUAL A12 Kategori mahir!row41
A12,Skill category,Skilled,mean_rm,2023,5362,5074,5.4,0.946,JADUAL A12 Kategori mahir!row28,JADUAL A12 Kategori mahir!row41
A12,Skill category,Skilled,mean_rm,2024,5733,5374,6.3,0.937,JADUAL A12 Kategori mahir!row28,JADUAL A12 Kategori mahir!row41
A12,Skill category,Skilled,mean_rm,2025,5904,5652,4.3,0.957,JADUAL A12 Kategori mahir!row28,JADUAL A12 Kategori mahir!row41
A12,Skill category,Total,mean_rm,2010,2003,1825,8.9,0.911,JADUAL A12 Kategori mahir!row27,JADUAL A12 Kategori mahir!row40
A12,Skill category,Total,mean_rm,2011,2035,1838,9.7,0.903,JADUAL A12 Kategori mahir!row27,JADUAL A12 Kategori mahir!row40
A12,Skill category,Total,mean_rm,2012,2126,1935,9.0,0.91,JADUAL A12 Kategori mahir!row27,JADUAL A12 Kategori mahir!row40
A12,Skill category,Total,mean_rm,2013,2259,2072,8.3,0.917,JADUAL A12 Kategori mahir!row27,JADUAL A12 Kategori mahir!row40
A12,Skill category,Total,mean_rm,2014,2455,2259,8.0,0.92,JADUAL A12 Kategori mahir!row27,JADUAL A12 Kategori mahir!row40
A12,Skill category,Total,mean_rm,2015,2558,2380,7.0,0.93,JADUAL A12 Kategori mahir!row27,JADUAL A12 Kategori mahir!row40
A12,Skill category,Total,mean_rm,2016,2741,2532,7.6,0.924,JADUAL A12 Kategori mahir!row27,JADUAL A12 Kategori mahir!row40
A12,Skill category,Total,mean_rm,2017,2953,2772,6.1,0.939,JADUAL A12 Kategori mahir!row27,JADUAL A12 Kategori mahir!row40
A12,Skill category,Total,mean_rm,2018,3174,2959,6.8,0.932,JADUAL A12 Kategori mahir!row27,JADUAL A12 Kategori mahir!row40
A12,Skill category,Total,mean_rm,2019,3304,3108,5.9,0.941,JADUAL A12 Kategori mahir!row27,JADUAL A12 Kategori mahir!row40
A12,Skill category,Total,mean_rm,2020,3011,2872,4.6,0.954,JADUAL A12 Kategori mahir!row27,JADUAL A12 Kategori mahir!row40
A12,Skill category,Total,mean_rm,2021,3114,2955,5.1,0.949,JADUAL A12 Kategori mahir!row27,JADUAL A12 Kategori mahir!row40
A12,Skill category,Total,mean_rm,2022,3288,3119,5.1,0.949,JADUAL A12 Kategori mahir!row27,JADUAL A12 Kategori mahir!row40
A12,Skill category,Total,mean_rm,2023,3532,3311,6.3,0.937,JADUAL A12 Kategori mahir!row27,JADUAL A12 Kategori mahir!row40
A12,Skill category,Total,mean_rm,2024,3759,3499,6.9,0.931,JADUAL A12 Kategori mahir!row27,JADUAL A12 Kategori mahir!row40
A12,Skill category,Total,mean_rm,2025,3921,3635,7.3,0.927,JADUAL A12 Kategori mahir!row27,JADUAL A12 Kategori mahir!row40
A12,Skill category,Low-skilled,median_rm,2010,900,600,33.3,0.667,JADUAL A12 Kategori mahir!row26,JADUAL A12 Kategori mahir!row39
A12,Skill category,Low-skilled,median_rm,2011,935,600,35.8,0.642,JADUAL A12 Kategori mahir!row26,JADUAL A12 Kategori mahir!row39
A12,Skill category,Low-skilled,median_rm,2012,950,600,36.8,0.632,JADUAL A12 Kategori mahir!row26,JADUAL A12 Kategori mahir!row39
A12,Skill category,Low-skilled,median_rm,2013,1008,700,30.6,0.694,JADUAL A12 Kategori mahir!row26,JADUAL A12 Kategori mahir!row39
A12,Skill category,Low-skilled,median_rm,2014,1100,800,27.3,0.727,JADUAL A12 Kategori mahir!row26,JADUAL A12 Kategori mahir!row39
A12,Skill category,Low-skilled,median_rm,2015,1180,900,23.7,0.763,JADUAL A12 Kategori mahir!row26,JADUAL A12 Kategori mahir!row39
A12,Skill category,Low-skilled,median_rm,2016,1200,900,25.0,0.75,JADUAL A12 Kategori mahir!row26,JADUAL A12 Kategori mahir!row39
A12,Skill category,Low-skilled,median_rm,2017,1330,1000,24.8,0.752,JADUAL A12 Kategori mahir!row26,JADUAL A12 Kategori mahir!row39
A12,Skill category,Low-skilled,median_rm,2018,1544,1123,27.3,0.727,JADUAL A12 Kategori mahir!row26,JADUAL A12 Kategori mahir!row39
A12,Skill category,Low-skilled,median_rm,2019,1560,1208,22.6,0.774,JADUAL A12 Kategori mahir!row26,JADUAL A12 Kategori mahir!row39
A12,Skill category,Low-skilled,median_rm,2020,1432,1230,14.1,0.859,JADUAL A12 Kategori mahir!row26,JADUAL A12 Kategori mahir!row39
A12,Skill category,Low-skilled,median_rm,2021,1531,1541,-0.7,1.007,JADUAL A12 Kategori mahir!row26,JADUAL A12 Kategori mahir!row39
A12,Skill category,Low-skilled,median_rm,2022,1556,1578,-1.4,1.014,JADUAL A12 Kategori mahir!row26,JADUAL A12 Kategori mahir!row39
A12,Skill category,Low-skilled,median_rm,2023,1609,1529,5.0,0.95,JADUAL A12 Kategori mahir!row26,JADUAL A12 Kategori mahir!row39
A12,Skill category,Low-skilled,median_rm,2024,1669,1620,2.9,0.971,JADUAL A12 Kategori mahir!row26,JADUAL A12 Kategori mahir!row39
A12,Skill category,Low-skilled,median_rm,2025,1778,1753,1.4,0.986,JADUAL A12 Kategori mahir!row26,JADUAL A12 Kategori mahir!row39
A12,Skill category,Semi-skilled,median_rm,2010,1250,1050,16.0,0.84,JADUAL A12 Kategori mahir!row25,JADUAL A12 Kategori mahir!row38
A12,Skill category,Semi-skilled,median_rm,2011,1300,1100,15.4,0.846,JADUAL A12 Kategori mahir!row25,JADUAL A12 Kategori mahir!row38
A12,Skill category,Semi-skilled,median_rm,2012,1395,1200,14.0,0.86,JADUAL A12 Kategori mahir!row25,JADUAL A12 Kategori mahir!row38
A12,Skill category,Semi-skilled,median_rm,2013,1500,1200,20.0,0.8,JADUAL A12 Kategori mahir!row25,JADUAL A12 Kategori mahir!row38
A12,Skill category,Semi-skilled,median_rm,2014,1500,1300,13.3,0.867,JADUAL A12 Kategori mahir!row25,JADUAL A12 Kategori mahir!row38
A12,Skill category,Semi-skilled,median_rm,2015,1600,1350,15.6,0.844,JADUAL A12 Kategori mahir!row25,JADUAL A12 Kategori mahir!row38
A12,Skill category,Semi-skilled,median_rm,2016,1650,1460,11.5,0.885,JADUAL A12 Kategori mahir!row25,JADUAL A12 Kategori mahir!row38
A12,Skill category,Semi-skilled,median_rm,2017,1789,1600,10.6,0.894,JADUAL A12 Kategori mahir!row25,JADUAL A12 Kategori mahir!row38
A12,Skill category,Semi-skilled,median_rm,2018,1917,1679,12.4,0.876,JADUAL A12 Kategori mahir!row25,JADUAL A12 Kategori mahir!row38
A12,Skill category,Semi-skilled,median_rm,2019,2004,1725,13.9,0.861,JADUAL A12 Kategori mahir!row25,JADUAL A12 Kategori mahir!row38
A12,Skill category,Semi-skilled,median_rm,2020,1703,1595,6.3,0.937,JADUAL A12 Kategori mahir!row25,JADUAL A12 Kategori mahir!row38
A12,Skill category,Semi-skilled,median_rm,2021,1773,1595,10.0,0.9,JADUAL A12 Kategori mahir!row25,JADUAL A12 Kategori mahir!row38
A12,Skill category,Semi-skilled,median_rm,2022,1928,1764,8.5,0.915,JADUAL A12 Kategori mahir!row25,JADUAL A12 Kategori mahir!row38
A12,Skill category,Semi-skilled,median_rm,2023,2045,1878,8.2,0.918,JADUAL A12 Kategori mahir!row25,JADUAL A12 Kategori mahir!row38
A12,Skill category,Semi-skilled,median_rm,2024,2139,1947,9.0,0.91,JADUAL A12 Kategori mahir!row25,JADUAL A12 Kategori mahir!row38
A12,Skill category,Semi-skilled,median_rm,2025,2439,2063,15.4,0.846,JADUAL A12 Kategori mahir!row25,JADUAL A12 Kategori mahir!row38
A12,Skill category,Skilled,median_rm,2010,2631,2548,3.2,0.968,JADUAL A12 Kategori mahir!row24,JADUAL A12 Kategori mahir!row37
A12,Skill category,Skilled,median_rm,2011,2800,2700,3.6,0.964,JADUAL A12 Kategori mahir!row24,JADUAL A12 Kategori mahir!row37
A12,Skill category,Skilled,median_rm,2012,3000,2905,3.2,0.968,JADUAL A12 Kategori mahir!row24,JADUAL A12 Kategori mahir!row37
A12,Skill category,Skilled,median_rm,2013,3000,3000,0.0,1.0,JADUAL A12 Kategori mahir!row24,JADUAL A12 Kategori mahir!row37
A12,Skill category,Skilled,median_rm,2014,3430,3450,-0.6,1.006,JADUAL A12 Kategori mahir!row24,JADUAL A12 Kategori mahir!row37
A12,Skill category,Skilled,median_rm,2015,3500,3500,0.0,1.0,JADUAL A12 Kategori mahir!row24,JADUAL A12 Kategori mahir!row37
A12,Skill category,Skilled,median_rm,2016,3553,3500,1.5,0.985,JADUAL A12 Kategori mahir!row24,JADUAL A12 Kategori mahir!row37
A12,Skill category,Skilled,median_rm,2017,3600,3551,1.4,0.986,JADUAL A12 Kategori mahir!row24,JADUAL A12 Kategori mahir!row37
A12,Skill category,Skilled,median_rm,2018,3997,3947,1.3,0.987,JADUAL A12 Kategori mahir!row24,JADUAL A12 Kategori mahir!row37
A12,Skill category,Skilled,median_rm,2019,4497,4428,1.5,0.985,JADUAL A12 Kategori mahir!row24,JADUAL A12 Kategori mahir!row37
A12,Skill category,Skilled,median_rm,2020,3965,3995,-0.8,1.008,JADUAL A12 Kategori mahir!row24,JADUAL A12 Kategori mahir!row37
A12,Skill category,Skilled,median_rm,2021,4572,4605,-0.7,1.007,JADUAL A12 Kategori mahir!row24,JADUAL A12 Kategori mahir!row37
A12,Skill category,Skilled,median_rm,2022,4361,4539,-4.1,1.041,JADUAL A12 Kategori mahir!row24,JADUAL A12 Kategori mahir!row37
A12,Skill category,Skilled,median_rm,2023,4565,4784,-4.8,1.048,JADUAL A12 Kategori mahir!row24,JADUAL A12 Kategori mahir!row37
A12,Skill category,Skilled,median_rm,2024,4614,4921,-6.7,1.067,JADUAL A12 Kategori mahir!row24,JADUAL A12 Kategori mahir!row37
A12,Skill category,Skilled,median_rm,2025,5083,5035,0.9,0.991,JADUAL A12 Kategori mahir!row24,JADUAL A12 Kategori mahir!row37
A12,Skill category,Total,median_rm,2010,1500,1498,0.1,0.999,JADUAL A12 Kategori mahir!row23,JADUAL A12 Kategori mahir!row36
A12,Skill category,Total,median_rm,2011,1500,1467,2.2,0.978,JADUAL A12 Kategori mahir!row23,JADUAL A12 Kategori mahir!row36
A12,Skill category,Total,median_rm,2012,1600,1500,6.2,0.938,JADUAL A12 Kategori mahir!row23,JADUAL A12 Kategori mahir!row36
A12,Skill category,Total,median_rm,2013,1800,1600,11.1,0.889,JADUAL A12 Kategori mahir!row23,JADUAL A12 Kategori mahir!row36
A12,Skill category,Total,median_rm,2014,1888,1700,10.0,0.9,JADUAL A12 Kategori mahir!row23,JADUAL A12 Kategori mahir!row36
A12,Skill category,Total,median_rm,2015,2000,1855,7.2,0.927,JADUAL A12 Kategori mahir!row23,JADUAL A12 Kategori mahir!row36
A12,Skill category,Total,median_rm,2016,2000,2000,0.0,1.0,JADUAL A12 Kategori mahir!row23,JADUAL A12 Kategori mahir!row36
A12,Skill category,Total,median_rm,2017,2170,2145,1.2,0.988,JADUAL A12 Kategori mahir!row23,JADUAL A12 Kategori mahir!row36
A12,Skill category,Total,median_rm,2018,2342,2227,4.9,0.951,JADUAL A12 Kategori mahir!row23,JADUAL A12 Kategori mahir!row36
A12,Skill category,Total,median_rm,2019,2477,2370,4.3,0.957,JADUAL A12 Kategori mahir!row23,JADUAL A12 Kategori mahir!row36
A12,Skill category,Total,median_rm,2020,2107,2026,3.8,0.962,JADUAL A12 Kategori mahir!row23,JADUAL A12 Kategori mahir!row36
A12,Skill category,Total,median_rm,2021,2323,2150,7.4,0.926,JADUAL A12 Kategori mahir!row23,JADUAL A12 Kategori mahir!row36
A12,Skill category,Total,median_rm,2022,2498,2305,7.7,0.923,JADUAL A12 Kategori mahir!row23,JADUAL A12 Kategori mahir!row36
A12,Skill category,Total,median_rm,2023,2675,2464,7.9,0.921,JADUAL A12 Kategori mahir!row23,JADUAL A12 Kategori mahir!row36
A12,Skill category,Total,median_rm,2024,2850,2641,7.3,0.927,JADUAL A12 Kategori mahir!row23,JADUAL A12 Kategori mahir!row36
A12,Skill category,Total,median_rm,2025,3014,2788,7.5,0.925,JADUAL A12 Kategori mahir!row23,JADUAL A12 Kategori mahir!row36
A14,Industry (MSIC section),Accommodation and food and beverage service activities,mean_rm,2010,1247,962,22.9,0.771,JADUAL A14 Ind Lelaki Purata!row16,JADUAL A14 Ind Perem Purata!row16
A14,Industry (MSIC section),Accommodation and food and beverage service activities,mean_rm,2011,1267,977,22.9,0.771,JADUAL A14 Ind Lelaki Purata!row16,JADUAL A14 Ind Perem Purata!row16
A14,Industry (MSIC section),Accommodation and food and beverage service activities,mean_rm,2012,1441,987,31.5,0.685,JADUAL A14 Ind Lelaki Purata!row16,JADUAL A14 Ind Perem Purata!row16
A14,Industry (MSIC section),Accommodation and food and beverage service activities,mean_rm,2013,1581,1094,30.8,0.692,JADUAL A14 Ind Lelaki Purata!row16,JADUAL A14 Ind Perem Purata!row16
A14,Industry (MSIC section),Accommodation and food and beverage service activities,mean_rm,2014,1614,1157,28.3,0.717,JADUAL A14 Ind Lelaki Purata!row16,JADUAL A14 Ind Perem Purata!row16
A14,Industry (MSIC section),Accommodation and food and beverage service activities,mean_rm,2015,1706,1207,29.2,0.708,JADUAL A14 Ind Lelaki Purata!row16,JADUAL A14 Ind Perem Purata!row16
A14,Industry (MSIC section),Accommodation and food and beverage service activities,mean_rm,2016,1711,1366,20.2,0.798,JADUAL A14 Ind Lelaki Purata!row16,JADUAL A14 Ind Perem Purata!row16
A14,Industry (MSIC section),Accommodation and food and beverage service activities,mean_rm,2017,1948,1544,20.7,0.793,JADUAL A14 Ind Lelaki Purata!row16,JADUAL A14 Ind Perem Purata!row16
A14,Industry (MSIC section),Accommodation and food and beverage service activities,mean_rm,2018,2191,1605,26.7,0.733,JADUAL A14 Ind Lelaki Purata!row16,JADUAL A14 Ind Perem Purata!row16
A14,Industry (MSIC section),Accommodation and food and beverage service activities,mean_rm,2019,2353,1799,23.5,0.765,JADUAL A14 Ind Lelaki Purata!row16,JADUAL A14 Ind Perem Purata!row16
A14,Industry (MSIC section),Accommodation and food and beverage service activities,mean_rm,2020,2073,1510,27.2,0.728,JADUAL A14 Ind Lelaki Purata!row16,JADUAL A14 Ind Perem Purata!row16
A14,Industry (MSIC section),Accommodation and food and beverage service activities,mean_rm,2021,2132,1747,18.1,0.819,JADUAL A14 Ind Lelaki Purata!row16,JADUAL A14 Ind Perem Purata!row16
A14,Industry (MSIC section),Accommodation and food and beverage service activities,mean_rm,2022,2224,1912,14.0,0.86,JADUAL A14 Ind Lelaki Purata!row16,JADUAL A14 Ind Perem Purata!row16
A14,Industry (MSIC section),Accommodation and food and beverage service activities,mean_rm,2023,2529,2092,17.3,0.827,JADUAL A14 Ind Lelaki Purata!row16,JADUAL A14 Ind Perem Purata!row16
A14,Industry (MSIC section),Accommodation and food and beverage service activities,mean_rm,2024,2849,2241,21.3,0.787,JADUAL A14 Ind Lelaki Purata!row16,JADUAL A14 Ind Perem Purata!row16
A14,Industry (MSIC section),Accommodation and food and beverage service activities,mean_rm,2025,2929,2135,27.1,0.729,JADUAL A14 Ind Lelaki Purata!row16,JADUAL A14 Ind Perem Purata!row16
A14,Industry (MSIC section),Administrative and support service activities,mean_rm,2010,1471,1186,19.4,0.806,JADUAL A14 Ind Lelaki Purata!row21,JADUAL A14 Ind Perem Purata!row21
A14,Industry (MSIC section),Administrative and support service activities,mean_rm,2011,1398,1001,28.4,0.716,JADUAL A14 Ind Lelaki Purata!row21,JADUAL A14 Ind Perem Purata!row21
A14,Industry (MSIC section),Administrative and support service activities,mean_rm,2012,1286,962,25.2,0.748,JADUAL A14 Ind Lelaki Purata!row21,JADUAL A14 Ind Perem Purata!row21
A14,Industry (MSIC section),Administrative and support service activities,mean_rm,2013,1491,1202,19.4,0.806,JADUAL A14 Ind Lelaki Purata!row21,JADUAL A14 Ind Perem Purata!row21
A14,Industry (MSIC section),Administrative and support service activities,mean_rm,2014,1602,1338,16.5,0.835,JADUAL A14 Ind Lelaki Purata!row21,JADUAL A14 Ind Perem Purata!row21
A14,Industry (MSIC section),Administrative and support service activities,mean_rm,2015,1599,1388,13.2,0.868,JADUAL A14 Ind Lelaki Purata!row21,JADUAL A14 Ind Perem Purata!row21
A14,Industry (MSIC section),Administrative and support service activities,mean_rm,2016,1771,1472,16.9,0.831,JADUAL A14 Ind Lelaki Purata!row21,JADUAL A14 Ind Perem Purata!row21
A14,Industry (MSIC section),Administrative and support service activities,mean_rm,2017,1955,1675,14.3,0.857,JADUAL A14 Ind Lelaki Purata!row21,JADUAL A14 Ind Perem Purata!row21
A14,Industry (MSIC section),Administrative and support service activities,mean_rm,2018,2221,1854,16.5,0.835,JADUAL A14 Ind Lelaki Purata!row21,JADUAL A14 Ind Perem Purata!row21
A14,Industry (MSIC section),Administrative and support service activities,mean_rm,2019,2294,1995,13.0,0.87,JADUAL A14 Ind Lelaki Purata!row21,JADUAL A14 Ind Perem Purata!row21
A14,Industry (MSIC section),Administrative and support service activities,mean_rm,2020,2055,1960,4.6,0.954,JADUAL A14 Ind Lelaki Purata!row21,JADUAL A14 Ind Perem Purata!row21
A14,Industry (MSIC section),Administrative and support service activities,mean_rm,2021,2033,2162,-6.3,1.063,JADUAL A14 Ind Lelaki Purata!row21,JADUAL A14 Ind Perem Purata!row21
A14,Industry (MSIC section),Administrative and support service activities,mean_rm,2022,2193,2350,-7.2,1.072,JADUAL A14 Ind Lelaki Purata!row21,JADUAL A14 Ind Perem Purata!row21
A14,Industry (MSIC section),Administrative and support service activities,mean_rm,2023,2399,2523,-5.2,1.052,JADUAL A14 Ind Lelaki Purata!row21,JADUAL A14 Ind Perem Purata!row21
A14,Industry (MSIC section),Administrative and support service activities,mean_rm,2024,2636,2666,-1.1,1.011,JADUAL A14 Ind Lelaki Purata!row21,JADUAL A14 Ind Perem Purata!row21
A14,Industry (MSIC section),Administrative and support service activities,mean_rm,2025,2650,2682,-1.2,1.012,JADUAL A14 Ind Lelaki Purata!row21,JADUAL A14 Ind Perem Purata!row21
A14,Industry (MSIC section),Agriculture,mean_rm,2010,1219,927,24.0,0.76,JADUAL A14 Ind Lelaki Purata!row8,JADUAL A14 Ind Perem Purata!row8
A14,Industry (MSIC section),Agriculture,mean_rm,2011,1235,963,22.0,0.78,JADUAL A14 Ind Lelaki Purata!row8,JADUAL A14 Ind Perem Purata!row8
A14,Industry (MSIC section),Agriculture,mean_rm,2012,1267,1068,15.7,0.843,JADUAL A14 Ind Lelaki Purata!row8,JADUAL A14 Ind Perem Purata!row8
A14,Industry (MSIC section),Agriculture,mean_rm,2013,1205,1268,-5.2,1.052,JADUAL A14 Ind Lelaki Purata!row8,JADUAL A14 Ind Perem Purata!row8
A14,Industry (MSIC section),Agriculture,mean_rm,2014,1463,984,32.7,0.673,JADUAL A14 Ind Lelaki Purata!row8,JADUAL A14 Ind Perem Purata!row8
A14,Industry (MSIC section),Agriculture,mean_rm,2015,1646,1125,31.7,0.683,JADUAL A14 Ind Lelaki Purata!row8,JADUAL A14 Ind Perem Purata!row8
A14,Industry (MSIC section),Agriculture,mean_rm,2016,1800,1401,22.2,0.778,JADUAL A14 Ind Lelaki Purata!row8,JADUAL A14 Ind Perem Purata!row8
A14,Industry (MSIC section),Agriculture,mean_rm,2017,1917,1475,23.1,0.769,JADUAL A14 Ind Lelaki Purata!row8,JADUAL A14 Ind Perem Purata!row8
A14,Industry (MSIC section),Agriculture,mean_rm,2018,1958,1486,24.1,0.759,JADUAL A14 Ind Lelaki Purata!row8,JADUAL A14 Ind Perem Purata!row8
A14,Industry (MSIC section),Agriculture,mean_rm,2019,2088,1638,21.6,0.784,JADUAL A14 Ind Lelaki Purata!row8,JADUAL A14 Ind Perem Purata!row8
A14,Industry (MSIC section),Agriculture,mean_rm,2020,1638,1561,4.7,0.953,JADUAL A14 Ind Lelaki Purata!row8,JADUAL A14 Ind Perem Purata!row8
A14,Industry (MSIC section),Agriculture,mean_rm,2021,1773,1834,-3.4,1.034,JADUAL A14 Ind Lelaki Purata!row8,JADUAL A14 Ind Perem Purata!row8
A14,Industry (MSIC section),Agriculture,mean_rm,2022,1954,1926,1.4,0.986,JADUAL A14 Ind Lelaki Purata!row8,JADUAL A14 Ind Perem Purata!row8
A14,Industry (MSIC section),Agriculture,mean_rm,2023,2248,2048,8.9,0.911,JADUAL A14 Ind Lelaki Purata!row8,JADUAL A14 Ind Perem Purata!row8
A14,Industry (MSIC section),Agriculture,mean_rm,2024,2482,2151,13.3,0.867,JADUAL A14 Ind Lelaki Purata!row8,JADUAL A14 Ind Perem Purata!row8
A14,Industry (MSIC section),Agriculture,mean_rm,2025,2662,2268,14.8,0.852,JADUAL A14 Ind Lelaki Purata!row8,JADUAL A14 Ind Perem Purata!row8
A14,Industry (MSIC section),"Arts, entertainment and recreation",mean_rm,2010,1562,1396,10.6,0.894,JADUAL A14 Ind Lelaki Purata!row25,JADUAL A14 Ind Perem Purata!row25
A14,Industry (MSIC section),"Arts, entertainment and recreation",mean_rm,2011,1635,1332,18.5,0.815,JADUAL A14 Ind Lelaki Purata!row25,JADUAL A14 Ind Perem Purata!row25
A14,Industry (MSIC section),"Arts, entertainment and recreation",mean_rm,2012,1678,1448,13.7,0.863,JADUAL A14 Ind Lelaki Purata!row25,JADUAL A14 Ind Perem Purata!row25
A14,Industry (MSIC section),"Arts, entertainment and recreation",mean_rm,2013,1661,1581,4.8,0.952,JADUAL A14 Ind Lelaki Purata!row25,JADUAL A14 Ind Perem Purata!row25
A14,Industry (MSIC section),"Arts, entertainment and recreation",mean_rm,2014,1911,1653,13.5,0.865,JADUAL A14 Ind Lelaki Purata!row25,JADUAL A14 Ind Perem Purata!row25
A14,Industry (MSIC section),"Arts, entertainment and recreation",mean_rm,2015,2013,1979,1.7,0.983,JADUAL A14 Ind Lelaki Purata!row25,JADUAL A14 Ind Perem Purata!row25
A14,Industry (MSIC section),"Arts, entertainment and recreation",mean_rm,2016,2212,1941,12.3,0.877,JADUAL A14 Ind Lelaki Purata!row25,JADUAL A14 Ind Perem Purata!row25
A14,Industry (MSIC section),"Arts, entertainment and recreation",mean_rm,2017,2500,2549,-2.0,1.02,JADUAL A14 Ind Lelaki Purata!row25,JADUAL A14 Ind Perem Purata!row25
A14,Industry (MSIC section),"Arts, entertainment and recreation",mean_rm,2018,2946,2262,23.2,0.768,JADUAL A14 Ind Lelaki Purata!row25,JADUAL A14 Ind Perem Purata!row25
A14,Industry (MSIC section),"Arts, entertainment and recreation",mean_rm,2019,3067,2335,23.9,0.761,JADUAL A14 Ind Lelaki Purata!row25,JADUAL A14 Ind Perem Purata!row25
A14,Industry (MSIC section),"Arts, entertainment and recreation",mean_rm,2020,2947,2421,17.8,0.822,JADUAL A14 Ind Lelaki Purata!row25,JADUAL A14 Ind Perem Purata!row25
A14,Industry (MSIC section),"Arts, entertainment and recreation",mean_rm,2021,3183,2702,15.1,0.849,JADUAL A14 Ind Lelaki Purata!row25,JADUAL A14 Ind Perem Purata!row25
A14,Industry (MSIC section),"Arts, entertainment and recreation",mean_rm,2022,3158,2905,8.0,0.92,JADUAL A14 Ind Lelaki Purata!row25,JADUAL A14 Ind Perem Purata!row25
A14,Industry (MSIC section),"Arts, entertainment and recreation",mean_rm,2023,3179,3206,-0.8,1.008,JADUAL A14 Ind Lelaki Purata!row25,JADUAL A14 Ind Perem Purata!row25
A14,Industry (MSIC section),"Arts, entertainment and recreation",mean_rm,2024,3221,3440,-6.8,1.068,JADUAL A14 Ind Lelaki Purata!row25,JADUAL A14 Ind Perem Purata!row25
A14,Industry (MSIC section),"Arts, entertainment and recreation",mean_rm,2025,3264,3545,-8.6,1.086,JADUAL A14 Ind Lelaki Purata!row25,JADUAL A14 Ind Perem Purata!row25
A14,Industry (MSIC section),Construction,mean_rm,2010,1587,2025,-27.6,1.276,JADUAL A14 Ind Lelaki Purata!row13,JADUAL A14 Ind Perem Purata!row13
A14,Industry (MSIC section),Construction,mean_rm,2011,1729,2005,-16.0,1.16,JADUAL A14 Ind Lelaki Purata!row13,JADUAL A14 Ind Perem Purata!row13
A14,Industry (MSIC section),Construction,mean_rm,2012,1787,1971,-10.3,1.103,JADUAL A14 Ind Lelaki Purata!row13,JADUAL A14 Ind Perem Purata!row13
A14,Industry (MSIC section),Construction,mean_rm,2013,1886,2050,-8.7,1.087,JADUAL A14 Ind Lelaki Purata!row13,JADUAL A14 Ind Perem Purata!row13
A14,Industry (MSIC section),Construction,mean_rm,2014,1999,2182,-9.2,1.092,JADUAL A14 Ind Lelaki Purata!row13,JADUAL A14 Ind Perem Purata!row13
A14,Industry (MSIC section),Construction,mean_rm,2015,2079,2438,-17.3,1.173,JADUAL A14 Ind Lelaki Purata!row13,JADUAL A14 Ind Perem Purata!row13
A14,Industry (MSIC section),Construction,mean_rm,2016,2236,2122,5.1,0.949,JADUAL A14 Ind Lelaki Purata!row13,JADUAL A14 Ind Perem Purata!row13
A14,Industry (MSIC section),Construction,mean_rm,2017,2558,2752,-7.6,1.076,JADUAL A14 Ind Lelaki Purata!row13,JADUAL A14 Ind Perem Purata!row13
A14,Industry (MSIC section),Construction,mean_rm,2018,2756,3158,-14.6,1.146,JADUAL A14 Ind Lelaki Purata!row13,JADUAL A14 Ind Perem Purata!row13
A14,Industry (MSIC section),Construction,mean_rm,2019,2807,3115,-11.0,1.11,JADUAL A14 Ind Lelaki Purata!row13,JADUAL A14 Ind Perem Purata!row13
A14,Industry (MSIC section),Construction,mean_rm,2020,2538,2821,-11.2,1.112,JADUAL A14 Ind Lelaki Purata!row13,JADUAL A14 Ind Perem Purata!row13
A14,Industry (MSIC section),Construction,mean_rm,2021,2381,2647,-11.2,1.112,JADUAL A14 Ind Lelaki Purata!row13,JADUAL A14 Ind Perem Purata!row13
A14,Industry (MSIC section),Construction,mean_rm,2022,2581,2776,-7.6,1.076,JADUAL A14 Ind Lelaki Purata!row13,JADUAL A14 Ind Perem Purata!row13
A14,Industry (MSIC section),Construction,mean_rm,2023,2864,3084,-7.7,1.077,JADUAL A14 Ind Lelaki Purata!row13,JADUAL A14 Ind Perem Purata!row13
A14,Industry (MSIC section),Construction,mean_rm,2024,2963,3359,-13.4,1.134,JADUAL A14 Ind Lelaki Purata!row13,JADUAL A14 Ind Perem Purata!row13
A14,Industry (MSIC section),Construction,mean_rm,2025,3103,3578,-15.3,1.153,JADUAL A14 Ind Lelaki Purata!row13,JADUAL A14 Ind Perem Purata!row13
A14,Industry (MSIC section),Education,mean_rm,2010,3244,2687,17.2,0.828,JADUAL A14 Ind Lelaki Purata!row23,JADUAL A14 Ind Perem Purata!row23
A14,Industry (MSIC section),Education,mean_rm,2011,3269,2695,17.6,0.824,JADUAL A14 Ind Lelaki Purata!row23,JADUAL A14 Ind Perem Purata!row23
A14,Industry (MSIC section),Education,mean_rm,2012,3496,2926,16.3,0.837,JADUAL A14 Ind Lelaki Purata!row23,JADUAL A14 Ind Perem Purata!row23
A14,Industry (MSIC section),Education,mean_rm,2013,3773,3205,15.1,0.849,JADUAL A14 Ind Lelaki Purata!row23,JADUAL A14 Ind Perem Purata!row23
A14,Industry (MSIC section),Education,mean_rm,2014,4200,3470,17.4,0.826,JADUAL A14 Ind Lelaki Purata!row23,JADUAL A14 Ind Perem Purata!row23
A14,Industry (MSIC section),Education,mean_rm,2015,4452,3751,15.7,0.843,JADUAL A14 Ind Lelaki Purata!row23,JADUAL A14 Ind Perem Purata!row23
A14,Industry (MSIC section),Education,mean_rm,2016,4720,3842,18.6,0.814,JADUAL A14 Ind Lelaki Purata!row23,JADUAL A14 Ind Perem Purata!row23
A14,Industry (MSIC section),Education,mean_rm,2017,5008,4262,14.9,0.851,JADUAL A14 Ind Lelaki Purata!row23,JADUAL A14 Ind Perem Purata!row23
A14,Industry (MSIC section),Education,mean_rm,2018,5317,4409,17.1,0.829,JADUAL A14 Ind Lelaki Purata!row23,JADUAL A14 Ind Perem Purata!row23
A14,Industry (MSIC section),Education,mean_rm,2019,5753,4798,16.6,0.834,JADUAL A14 Ind Lelaki Purata!row23,JADUAL A14 Ind Perem Purata!row23
A14,Industry (MSIC section),Education,mean_rm,2020,6033,4681,22.4,0.776,JADUAL A14 Ind Lelaki Purata!row23,JADUAL A14 Ind Perem Purata!row23
A14,Industry (MSIC section),Education,mean_rm,2021,6576,4941,24.9,0.751,JADUAL A14 Ind Lelaki Purata!row23,JADUAL A14 Ind Perem Purata!row23
A14,Industry (MSIC section),Education,mean_rm,2022,6114,5038,17.6,0.824,JADUAL A14 Ind Lelaki Purata!row23,JADUAL A14 Ind Perem Purata!row23
A14,Industry (MSIC section),Education,mean_rm,2023,6352,5153,18.9,0.811,JADUAL A14 Ind Lelaki Purata!row23,JADUAL A14 Ind Perem Purata!row23
A14,Industry (MSIC section),Education,mean_rm,2024,6543,5337,18.4,0.816,JADUAL A14 Ind Lelaki Purata!row23,JADUAL A14 Ind Perem Purata!row23
A14,Industry (MSIC section),Education,mean_rm,2025,7161,5863,18.1,0.819,JADUAL A14 Ind Lelaki Purata!row23,JADUAL A14 Ind Perem Purata!row23
A14,Industry (MSIC section),"Electricity, gas, steam and air conditioning supply",mean_rm,2010,2658,4015,-51.1,1.511,JADUAL A14 Ind Lelaki Purata!row11,JADUAL A14 Ind Perem Purata!row11
A14,Industry (MSIC section),"Electricity, gas, steam and air conditioning supply",mean_rm,2011,2692,2776,-3.1,1.031,JADUAL A14 Ind Lelaki Purata!row11,JADUAL A14 Ind Perem Purata!row11
A14,Industry (MSIC section),"Electricity, gas, steam and air conditioning supply",mean_rm,2012,2694,2640,2.0,0.98,JADUAL A14 Ind Lelaki Purata!row11,JADUAL A14 Ind Perem Purata!row11
A14,Industry (MSIC section),"Electricity, gas, steam and air conditioning supply",mean_rm,2013,2951,2894,1.9,0.981,JADUAL A14 Ind Lelaki Purata!row11,JADUAL A14 Ind Perem Purata!row11
A14,Industry (MSIC section),"Electricity, gas, steam and air conditioning supply",mean_rm,2014,2868,2864,0.1,0.999,JADUAL A14 Ind Lelaki Purata!row11,JADUAL A14 Ind Perem Purata!row11
A14,Industry (MSIC section),"Electricity, gas, steam and air conditioning supply",mean_rm,2015,2787,3641,-30.6,1.306,JADUAL A14 Ind Lelaki Purata!row11,JADUAL A14 Ind Perem Purata!row11
A14,Industry (MSIC section),"Electricity, gas, steam and air conditioning supply",mean_rm,2016,3421,2927,14.4,0.856,JADUAL A14 Ind Lelaki Purata!row11,JADUAL A14 Ind Perem Purata!row11
A14,Industry (MSIC section),"Electricity, gas, steam and air conditioning supply",mean_rm,2017,4169,3321,20.3,0.797,JADUAL A14 Ind Lelaki Purata!row11,JADUAL A14 Ind Perem Purata!row11
A14,Industry (MSIC section),"Electricity, gas, steam and air conditioning supply",mean_rm,2018,4276,5425,-26.9,1.269,JADUAL A14 Ind Lelaki Purata!row11,JADUAL A14 Ind Perem Purata!row11
A14,Industry (MSIC section),"Electricity, gas, steam and air conditioning supply",mean_rm,2019,4347,6010,-38.3,1.383,JADUAL A14 Ind Lelaki Purata!row11,JADUAL A14 Ind Perem Purata!row11
A14,Industry (MSIC section),"Electricity, gas, steam and air conditioning supply",mean_rm,2020,3678,3087,16.1,0.839,JADUAL A14 Ind Lelaki Purata!row11,JADUAL A14 Ind Perem Purata!row11
A14,Industry (MSIC section),"Electricity, gas, steam and air conditioning supply",mean_rm,2021,3457,3271,5.4,0.946,JADUAL A14 Ind Lelaki Purata!row11,JADUAL A14 Ind Perem Purata!row11
A14,Industry (MSIC section),"Electricity, gas, steam and air conditioning supply",mean_rm,2022,3627,3310,8.7,0.913,JADUAL A14 Ind Lelaki Purata!row11,JADUAL A14 Ind Perem Purata!row11
A14,Industry (MSIC section),"Electricity, gas, steam and air conditioning supply",mean_rm,2023,4043,3455,14.5,0.855,JADUAL A14 Ind Lelaki Purata!row11,JADUAL A14 Ind Perem Purata!row11
A14,Industry (MSIC section),"Electricity, gas, steam and air conditioning supply",mean_rm,2024,4049,3632,10.3,0.897,JADUAL A14 Ind Lelaki Purata!row11,JADUAL A14 Ind Perem Purata!row11
A14,Industry (MSIC section),"Electricity, gas, steam and air conditioning supply",mean_rm,2025,4322,3770,12.8,0.872,JADUAL A14 Ind Lelaki Purata!row11,JADUAL A14 Ind Perem Purata!row11
A14,Industry (MSIC section),Financial and insurance/takaful activities,mean_rm,2010,3452,2577,25.3,0.747,JADUAL A14 Ind Lelaki Purata!row18,JADUAL A14 Ind Perem Purata!row18
A14,Industry (MSIC section),Financial and insurance/takaful activities,mean_rm,2011,3359,2612,22.2,0.778,JADUAL A14 Ind Lelaki Purata!row18,JADUAL A14 Ind Perem Purata!row18
A14,Industry (MSIC section),Financial and insurance/takaful activities,mean_rm,2012,3367,2828,16.0,0.84,JADUAL A14 Ind Lelaki Purata!row18,JADUAL A14 Ind Perem Purata!row18
A14,Industry (MSIC section),Financial and insurance/takaful activities,mean_rm,2013,3548,2841,19.9,0.801,JADUAL A14 Ind Lelaki Purata!row18,JADUAL A14 Ind Perem Purata!row18
A14,Industry (MSIC section),Financial and insurance/takaful activities,mean_rm,2014,4073,3270,19.7,0.803,JADUAL A14 Ind Lelaki Purata!row18,JADUAL A14 Ind Perem Purata!row18
A14,Industry (MSIC section),Financial and insurance/takaful activities,mean_rm,2015,4012,3117,22.3,0.777,JADUAL A14 Ind Lelaki Purata!row18,JADUAL A14 Ind Perem Purata!row18
A14,Industry (MSIC section),Financial and insurance/takaful activities,mean_rm,2016,4731,3622,23.4,0.766,JADUAL A14 Ind Lelaki Purata!row18,JADUAL A14 Ind Perem Purata!row18
A14,Industry (MSIC section),Financial and insurance/takaful activities,mean_rm,2017,4913,4108,16.4,0.836,JADUAL A14 Ind Lelaki Purata!row18,JADUAL A14 Ind Perem Purata!row18
A14,Industry (MSIC section),Financial and insurance/takaful activities,mean_rm,2018,5372,4170,22.4,0.776,JADUAL A14 Ind Lelaki Purata!row18,JADUAL A14 Ind Perem Purata!row18
A14,Industry (MSIC section),Financial and insurance/takaful activities,mean_rm,2019,5515,4176,24.3,0.757,JADUAL A14 Ind Lelaki Purata!row18,JADUAL A14 Ind Perem Purata!row18
A14,Industry (MSIC section),Financial and insurance/takaful activities,mean_rm,2020,4765,3779,20.7,0.793,JADUAL A14 Ind Lelaki Purata!row18,JADUAL A14 Ind Perem Purata!row18
A14,Industry (MSIC section),Financial and insurance/takaful activities,mean_rm,2021,4460,3523,21.0,0.79,JADUAL A14 Ind Lelaki Purata!row18,JADUAL A14 Ind Perem Purata!row18
A14,Industry (MSIC section),Financial and insurance/takaful activities,mean_rm,2022,4832,3777,21.8,0.782,JADUAL A14 Ind Lelaki Purata!row18,JADUAL A14 Ind Perem Purata!row18
A14,Industry (MSIC section),Financial and insurance/takaful activities,mean_rm,2023,5034,4084,18.9,0.811,JADUAL A14 Ind Lelaki Purata!row18,JADUAL A14 Ind Perem Purata!row18
A14,Industry (MSIC section),Financial and insurance/takaful activities,mean_rm,2024,5102,4433,13.1,0.869,JADUAL A14 Ind Lelaki Purata!row18,JADUAL A14 Ind Perem Purata!row18
A14,Industry (MSIC section),Financial and insurance/takaful activities,mean_rm,2025,5212,4827,7.4,0.926,JADUAL A14 Ind Lelaki Purata!row18,JADUAL A14 Ind Perem Purata!row18
A14,Industry (MSIC section),Human health and social work activities,mean_rm,2010,2735,2178,20.4,0.796,JADUAL A14 Ind Lelaki Purata!row24,JADUAL A14 Ind Perem Purata!row24
A14,Industry (MSIC section),Human health and social work activities,mean_rm,2011,2667,2187,18.0,0.82,JADUAL A14 Ind Lelaki Purata!row24,JADUAL A14 Ind Perem Purata!row24
A14,Industry (MSIC section),Human health and social work activities,mean_rm,2012,2838,2326,18.0,0.82,JADUAL A14 Ind Lelaki Purata!row24,JADUAL A14 Ind Perem Purata!row24
A14,Industry (MSIC section),Human health and social work activities,mean_rm,2013,2908,2533,12.9,0.871,JADUAL A14 Ind Lelaki Purata!row24,JADUAL A14 Ind Perem Purata!row24
A14,Industry (MSIC section),Human health and social work activities,mean_rm,2014,3421,2818,17.6,0.824,JADUAL A14 Ind Lelaki Purata!row24,JADUAL A14 Ind Perem Purata!row24
A14,Industry (MSIC section),Human health and social work activities,mean_rm,2015,3652,2809,23.1,0.769,JADUAL A14 Ind Lelaki Purata!row24,JADUAL A14 Ind Perem Purata!row24
A14,Industry (MSIC section),Human health and social work activities,mean_rm,2016,3476,3070,11.7,0.883,JADUAL A14 Ind Lelaki Purata!row24,JADUAL A14 Ind Perem Purata!row24
A14,Industry (MSIC section),Human health and social work activities,mean_rm,2017,4273,3498,18.1,0.819,JADUAL A14 Ind Lelaki Purata!row24,JADUAL A14 Ind Perem Purata!row24
A14,Industry (MSIC section),Human health and social work activities,mean_rm,2018,4657,3771,19.0,0.81,JADUAL A14 Ind Lelaki Purata!row24,JADUAL A14 Ind Perem Purata!row24
A14,Industry (MSIC section),Human health and social work activities,mean_rm,2019,4620,3881,16.0,0.84,JADUAL A14 Ind Lelaki Purata!row24,JADUAL A14 Ind Perem Purata!row24
A14,Industry (MSIC section),Human health and social work activities,mean_rm,2020,4798,3753,21.8,0.782,JADUAL A14 Ind Lelaki Purata!row24,JADUAL A14 Ind Perem Purata!row24
A14,Industry (MSIC section),Human health and social work activities,mean_rm,2021,5261,4185,20.5,0.795,JADUAL A14 Ind Lelaki Purata!row24,JADUAL A14 Ind Perem Purata!row24
A14,Industry (MSIC section),Human health and social work activities,mean_rm,2022,5287,4305,18.6,0.814,JADUAL A14 Ind Lelaki Purata!row24,JADUAL A14 Ind Perem Purata!row24
A14,Industry (MSIC section),Human health and social work activities,mean_rm,2023,5406,4443,17.8,0.822,JADUAL A14 Ind Lelaki Purata!row24,JADUAL A14 Ind Perem Purata!row24
A14,Industry (MSIC section),Human health and social work activities,mean_rm,2024,5674,4637,18.3,0.817,JADUAL A14 Ind Lelaki Purata!row24,JADUAL A14 Ind Perem Purata!row24
A14,Industry (MSIC section),Human health and social work activities,mean_rm,2025,6148,4781,22.2,0.778,JADUAL A14 Ind Lelaki Purata!row24,JADUAL A14 Ind Perem Purata!row24
A14,Industry (MSIC section),Information and communication,mean_rm,2010,3349,2889,13.7,0.863,JADUAL A14 Ind Lelaki Purata!row17,JADUAL A14 Ind Perem Purata!row17
A14,Industry (MSIC section),Information and communication,mean_rm,2011,3355,2521,24.9,0.751,JADUAL A14 Ind Lelaki Purata!row17,JADUAL A14 Ind Perem Purata!row17
A14,Industry (MSIC section),Information and communication,mean_rm,2012,3195,3097,3.1,0.969,JADUAL A14 Ind Lelaki Purata!row17,JADUAL A14 Ind Perem Purata!row17
A14,Industry (MSIC section),Information and communication,mean_rm,2013,3526,3447,2.2,0.978,JADUAL A14 Ind Lelaki Purata!row17,JADUAL A14 Ind Perem Purata!row17
A14,Industry (MSIC section),Information and communication,mean_rm,2014,3758,3040,19.1,0.809,JADUAL A14 Ind Lelaki Purata!row17,JADUAL A14 Ind Perem Purata!row17
A14,Industry (MSIC section),Information and communication,mean_rm,2015,3856,3422,11.3,0.887,JADUAL A14 Ind Lelaki Purata!row17,JADUAL A14 Ind Perem Purata!row17
A14,Industry (MSIC section),Information and communication,mean_rm,2016,4251,3569,16.0,0.84,JADUAL A14 Ind Lelaki Purata!row17,JADUAL A14 Ind Perem Purata!row17
A14,Industry (MSIC section),Information and communication,mean_rm,2017,4829,3747,22.4,0.776,JADUAL A14 Ind Lelaki Purata!row17,JADUAL A14 Ind Perem Purata!row17
A14,Industry (MSIC section),Information and communication,mean_rm,2018,5115,4334,15.3,0.847,JADUAL A14 Ind Lelaki Purata!row17,JADUAL A14 Ind Perem Purata!row17
A14,Industry (MSIC section),Information and communication,mean_rm,2019,5177,4444,14.2,0.858,JADUAL A14 Ind Lelaki Purata!row17,JADUAL A14 Ind Perem Purata!row17
A14,Industry (MSIC section),Information and communication,mean_rm,2020,4709,3802,19.3,0.807,JADUAL A14 Ind Lelaki Purata!row17,JADUAL A14 Ind Perem Purata!row17
A14,Industry (MSIC section),Information and communication,mean_rm,2021,4651,4018,13.6,0.864,JADUAL A14 Ind Lelaki Purata!row17,JADUAL A14 Ind Perem Purata!row17
A14,Industry (MSIC section),Information and communication,mean_rm,2022,5037,4115,18.3,0.817,JADUAL A14 Ind Lelaki Purata!row17,JADUAL A14 Ind Perem Purata!row17
A14,Industry (MSIC section),Information and communication,mean_rm,2023,5284,4368,17.3,0.827,JADUAL A14 Ind Lelaki Purata!row17,JADUAL A14 Ind Perem Purata!row17
A14,Industry (MSIC section),Information and communication,mean_rm,2024,5532,4866,12.0,0.88,JADUAL A14 Ind Lelaki Purata!row17,JADUAL A14 Ind Perem Purata!row17
A14,Industry (MSIC section),Information and communication,mean_rm,2025,5800,5017,13.5,0.865,JADUAL A14 Ind Lelaki Purata!row17,JADUAL A14 Ind Perem Purata!row17
A14,Industry (MSIC section),Manufacturing,mean_rm,2010,1900,1322,30.4,0.696,JADUAL A14 Ind Lelaki Purata!row10,JADUAL A14 Ind Perem Purata!row10
A14,Industry (MSIC section),Manufacturing,mean_rm,2011,1921,1346,29.9,0.701,JADUAL A14 Ind Lelaki Purata!row10,JADUAL A14 Ind Perem Purata!row10
A14,Industry (MSIC section),Manufacturing,mean_rm,2012,2125,1445,32.0,0.68,JADUAL A14 Ind Lelaki Purata!row10,JADUAL A14 Ind Perem Purata!row10
A14,Industry (MSIC section),Manufacturing,mean_rm,2013,2217,1537,30.7,0.693,JADUAL A14 Ind Lelaki Purata!row10,JADUAL A14 Ind Perem Purata!row10
A14,Industry (MSIC section),Manufacturing,mean_rm,2014,2396,1720,28.2,0.718,JADUAL A14 Ind Lelaki Purata!row10,JADUAL A14 Ind Perem Purata!row10
A14,Industry (MSIC section),Manufacturing,mean_rm,2015,2414,1769,26.7,0.733,JADUAL A14 Ind Lelaki Purata!row10,JADUAL A14 Ind Perem Purata!row10
A14,Industry (MSIC section),Manufacturing,mean_rm,2016,2623,1876,28.5,0.715,JADUAL A14 Ind Lelaki Purata!row10,JADUAL A14 Ind Perem Purata!row10
A14,Industry (MSIC section),Manufacturing,mean_rm,2017,2676,2036,23.9,0.761,JADUAL A14 Ind Lelaki Purata!row10,JADUAL A14 Ind Perem Purata!row10
A14,Industry (MSIC section),Manufacturing,mean_rm,2018,2839,2091,26.3,0.737,JADUAL A14 Ind Lelaki Purata!row10,JADUAL A14 Ind Perem Purata!row10
A14,Industry (MSIC section),Manufacturing,mean_rm,2019,2904,2136,26.4,0.736,JADUAL A14 Ind Lelaki Purata!row10,JADUAL A14 Ind Perem Purata!row10
A14,Industry (MSIC section),Manufacturing,mean_rm,2020,2775,2223,19.9,0.801,JADUAL A14 Ind Lelaki Purata!row10,JADUAL A14 Ind Perem Purata!row10
A14,Industry (MSIC section),Manufacturing,mean_rm,2021,2781,2400,13.7,0.863,JADUAL A14 Ind Lelaki Purata!row10,JADUAL A14 Ind Perem Purata!row10
A14,Industry (MSIC section),Manufacturing,mean_rm,2022,3033,2551,15.9,0.841,JADUAL A14 Ind Lelaki Purata!row10,JADUAL A14 Ind Perem Purata!row10
A14,Industry (MSIC section),Manufacturing,mean_rm,2023,3267,2709,17.1,0.829,JADUAL A14 Ind Lelaki Purata!row10,JADUAL A14 Ind Perem Purata!row10
A14,Industry (MSIC section),Manufacturing,mean_rm,2024,3596,2771,22.9,0.771,JADUAL A14 Ind Lelaki Purata!row10,JADUAL A14 Ind Perem Purata!row10
A14,Industry (MSIC section),Manufacturing,mean_rm,2025,3706,2804,24.3,0.757,JADUAL A14 Ind Lelaki Purata!row10,JADUAL A14 Ind Perem Purata!row10
A14,Industry (MSIC section),Mining and quarrying,mean_rm,2010,3592,3345,6.9,0.931,JADUAL A14 Ind Lelaki Purata!row9,JADUAL A14 Ind Perem Purata!row9
A14,Industry (MSIC section),Mining and quarrying,mean_rm,2011,3361,4280,-27.3,1.273,JADUAL A14 Ind Lelaki Purata!row9,JADUAL A14 Ind Perem Purata!row9
A14,Industry (MSIC section),Mining and quarrying,mean_rm,2012,3524,3159,10.4,0.896,JADUAL A14 Ind Lelaki Purata!row9,JADUAL A14 Ind Perem Purata!row9
A14,Industry (MSIC section),Mining and quarrying,mean_rm,2013,3562,3546,0.4,0.996,JADUAL A14 Ind Lelaki Purata!row9,JADUAL A14 Ind Perem Purata!row9
A14,Industry (MSIC section),Mining and quarrying,mean_rm,2014,5228,4357,16.7,0.833,JADUAL A14 Ind Lelaki Purata!row9,JADUAL A14 Ind Perem Purata!row9
A14,Industry (MSIC section),Mining and quarrying,mean_rm,2015,4376,3773,13.8,0.862,JADUAL A14 Ind Lelaki Purata!row9,JADUAL A14 Ind Perem Purata!row9
A14,Industry (MSIC section),Mining and quarrying,mean_rm,2016,5075,4506,11.2,0.888,JADUAL A14 Ind Lelaki Purata!row9,JADUAL A14 Ind Perem Purata!row9
A14,Industry (MSIC section),Mining and quarrying,mean_rm,2017,5892,4969,15.7,0.843,JADUAL A14 Ind Lelaki Purata!row9,JADUAL A14 Ind Perem Purata!row9
A14,Industry (MSIC section),Mining and quarrying,mean_rm,2018,6076,5795,4.6,0.954,JADUAL A14 Ind Lelaki Purata!row9,JADUAL A14 Ind Perem Purata!row9
A14,Industry (MSIC section),Mining and quarrying,mean_rm,2019,6127,6260,-2.2,1.022,JADUAL A14 Ind Lelaki Purata!row9,JADUAL A14 Ind Perem Purata!row9
A14,Industry (MSIC section),Mining and quarrying,mean_rm,2020,5231,4220,19.3,0.807,JADUAL A14 Ind Lelaki Purata!row9,JADUAL A14 Ind Perem Purata!row9
A14,Industry (MSIC section),Mining and quarrying,mean_rm,2021,5210,4350,16.5,0.835,JADUAL A14 Ind Lelaki Purata!row9,JADUAL A14 Ind Perem Purata!row9
A14,Industry (MSIC section),Mining and quarrying,mean_rm,2022,5644,4543,19.5,0.805,JADUAL A14 Ind Lelaki Purata!row9,JADUAL A14 Ind Perem Purata!row9
A14,Industry (MSIC section),Mining and quarrying,mean_rm,2023,5871,4973,15.3,0.847,JADUAL A14 Ind Lelaki Purata!row9,JADUAL A14 Ind Perem Purata!row9
A14,Industry (MSIC section),Mining and quarrying,mean_rm,2024,6134,5285,13.8,0.862,JADUAL A14 Ind Lelaki Purata!row9,JADUAL A14 Ind Perem Purata!row9
A14,Industry (MSIC section),Mining and quarrying,mean_rm,2025,6318,5788,8.4,0.916,JADUAL A14 Ind Lelaki Purata!row9,JADUAL A14 Ind Perem Purata!row9
A14,Industry (MSIC section),Other service activities,mean_rm,2010,1491,1301,12.7,0.873,JADUAL A14 Ind Lelaki Purata!row26,JADUAL A14 Ind Perem Purata!row26
A14,Industry (MSIC section),Other service activities,mean_rm,2011,1537,1249,18.7,0.813,JADUAL A14 Ind Lelaki Purata!row26,JADUAL A14 Ind Perem Purata!row26
A14,Industry (MSIC section),Other service activities,mean_rm,2012,1513,1334,11.8,0.882,JADUAL A14 Ind Lelaki Purata!row26,JADUAL A14 Ind Perem Purata!row26
A14,Industry (MSIC section),Other service activities,mean_rm,2013,1678,1454,13.3,0.867,JADUAL A14 Ind Lelaki Purata!row26,JADUAL A14 Ind Perem Purata!row26
A14,Industry (MSIC section),Other service activities,mean_rm,2014,1821,1682,7.6,0.924,JADUAL A14 Ind Lelaki Purata!row26,JADUAL A14 Ind Perem Purata!row26
A14,Industry (MSIC section),Other service activities,mean_rm,2015,2000,1551,22.4,0.775,JADUAL A14 Ind Lelaki Purata!row26,JADUAL A14 Ind Perem Purata!row26
A14,Industry (MSIC section),Other service activities,mean_rm,2016,1960,1736,11.4,0.886,JADUAL A14 Ind Lelaki Purata!row26,JADUAL A14 Ind Perem Purata!row26
A14,Industry (MSIC section),Other service activities,mean_rm,2017,2345,1761,24.9,0.751,JADUAL A14 Ind Lelaki Purata!row26,JADUAL A14 Ind Perem Purata!row26
A14,Industry (MSIC section),Other service activities,mean_rm,2018,2420,2001,17.3,0.827,JADUAL A14 Ind Lelaki Purata!row26,JADUAL A14 Ind Perem Purata!row26
A14,Industry (MSIC section),Other service activities,mean_rm,2019,2498,2200,11.9,0.881,JADUAL A14 Ind Lelaki Purata!row26,JADUAL A14 Ind Perem Purata!row26
A14,Industry (MSIC section),Other service activities,mean_rm,2020,2264,2054,9.3,0.907,JADUAL A14 Ind Lelaki Purata!row26,JADUAL A14 Ind Perem Purata!row26
A14,Industry (MSIC section),Other service activities,mean_rm,2021,2110,2044,3.1,0.969,JADUAL A14 Ind Lelaki Purata!row26,JADUAL A14 Ind Perem Purata!row26
A14,Industry (MSIC section),Other service activities,mean_rm,2022,2282,2216,2.9,0.971,JADUAL A14 Ind Lelaki Purata!row26,JADUAL A14 Ind Perem Purata!row26
A14,Industry (MSIC section),Other service activities,mean_rm,2023,2444,2306,5.6,0.944,JADUAL A14 Ind Lelaki Purata!row26,JADUAL A14 Ind Perem Purata!row26
A14,Industry (MSIC section),Other service activities,mean_rm,2024,2477,2364,4.6,0.954,JADUAL A14 Ind Lelaki Purata!row26,JADUAL A14 Ind Perem Purata!row26
A14,Industry (MSIC section),Other service activities,mean_rm,2025,2687,2327,13.4,0.866,JADUAL A14 Ind Lelaki Purata!row26,JADUAL A14 Ind Perem Purata!row26
A14,Industry (MSIC section),"Professional, scientific and technical activities",mean_rm,2010,2598,2072,20.2,0.798,JADUAL A14 Ind Lelaki Purata!row20,JADUAL A14 Ind Perem Purata!row20
A14,Industry (MSIC section),"Professional, scientific and technical activities",mean_rm,2011,2922,2347,19.7,0.803,JADUAL A14 Ind Lelaki Purata!row20,JADUAL A14 Ind Perem Purata!row20
A14,Industry (MSIC section),"Professional, scientific and technical activities",mean_rm,2012,3262,2432,25.4,0.746,JADUAL A14 Ind Lelaki Purata!row20,JADUAL A14 Ind Perem Purata!row20
A14,Industry (MSIC section),"Professional, scientific and technical activities",mean_rm,2013,3151,2510,20.3,0.797,JADUAL A14 Ind Lelaki Purata!row20,JADUAL A14 Ind Perem Purata!row20
A14,Industry (MSIC section),"Professional, scientific and technical activities",mean_rm,2014,3474,2931,15.6,0.844,JADUAL A14 Ind Lelaki Purata!row20,JADUAL A14 Ind Perem Purata!row20
A14,Industry (MSIC section),"Professional, scientific and technical activities",mean_rm,2015,3873,2883,25.6,0.744,JADUAL A14 Ind Lelaki Purata!row20,JADUAL A14 Ind Perem Purata!row20
A14,Industry (MSIC section),"Professional, scientific and technical activities",mean_rm,2016,4103,3374,17.8,0.822,JADUAL A14 Ind Lelaki Purata!row20,JADUAL A14 Ind Perem Purata!row20
A14,Industry (MSIC section),"Professional, scientific and technical activities",mean_rm,2017,4740,3623,23.6,0.764,JADUAL A14 Ind Lelaki Purata!row20,JADUAL A14 Ind Perem Purata!row20
A14,Industry (MSIC section),"Professional, scientific and technical activities",mean_rm,2018,5475,4149,24.2,0.758,JADUAL A14 Ind Lelaki Purata!row20,JADUAL A14 Ind Perem Purata!row20
A14,Industry (MSIC section),"Professional, scientific and technical activities",mean_rm,2019,5563,4202,24.5,0.755,JADUAL A14 Ind Lelaki Purata!row20,JADUAL A14 Ind Perem Purata!row20
A14,Industry (MSIC section),"Professional, scientific and technical activities",mean_rm,2020,4602,3344,27.3,0.727,JADUAL A14 Ind Lelaki Purata!row20,JADUAL A14 Ind Perem Purata!row20
A14,Industry (MSIC section),"Professional, scientific and technical activities",mean_rm,2021,4732,3204,32.3,0.677,JADUAL A14 Ind Lelaki Purata!row20,JADUAL A14 Ind Perem Purata!row20
A14,Industry (MSIC section),"Professional, scientific and technical activities",mean_rm,2022,4899,3416,30.3,0.697,JADUAL A14 Ind Lelaki Purata!row20,JADUAL A14 Ind Perem Purata!row20
A14,Industry (MSIC section),"Professional, scientific and technical activities",mean_rm,2023,5344,3695,30.9,0.691,JADUAL A14 Ind Lelaki Purata!row20,JADUAL A14 Ind Perem Purata!row20
A14,Industry (MSIC section),"Professional, scientific and technical activities",mean_rm,2024,5546,3912,29.5,0.705,JADUAL A14 Ind Lelaki Purata!row20,JADUAL A14 Ind Perem Purata!row20
A14,Industry (MSIC section),"Professional, scientific and technical activities",mean_rm,2025,5831,4343,25.5,0.745,JADUAL A14 Ind Lelaki Purata!row20,JADUAL A14 Ind Perem Purata!row20
A14,Industry (MSIC section),Public administration and defence; compulsory social security,mean_rm,2010,2385,2264,5.1,0.949,JADUAL A14 Ind Lelaki Purata!row22,JADUAL A14 Ind Perem Purata!row22
A14,Industry (MSIC section),Public administration and defence; compulsory social security,mean_rm,2011,2512,2384,5.1,0.949,JADUAL A14 Ind Lelaki Purata!row22,JADUAL A14 Ind Perem Purata!row22
A14,Industry (MSIC section),Public administration and defence; compulsory social security,mean_rm,2012,2629,2406,8.5,0.915,JADUAL A14 Ind Lelaki Purata!row22,JADUAL A14 Ind Perem Purata!row22
A14,Industry (MSIC section),Public administration and defence; compulsory social security,mean_rm,2013,2972,2647,10.9,0.891,JADUAL A14 Ind Lelaki Purata!row22,JADUAL A14 Ind Perem Purata!row22
A14,Industry (MSIC section),Public administration and defence; compulsory social security,mean_rm,2014,3231,2975,7.9,0.921,JADUAL A14 Ind Lelaki Purata!row22,JADUAL A14 Ind Perem Purata!row22
A14,Industry (MSIC section),Public administration and defence; compulsory social security,mean_rm,2015,3279,3007,8.3,0.917,JADUAL A14 Ind Lelaki Purata!row22,JADUAL A14 Ind Perem Purata!row22
A14,Industry (MSIC section),Public administration and defence; compulsory social security,mean_rm,2016,3516,3447,2.0,0.98,JADUAL A14 Ind Lelaki Purata!row22,JADUAL A14 Ind Perem Purata!row22
A14,Industry (MSIC section),Public administration and defence; compulsory social security,mean_rm,2017,3750,3531,5.8,0.942,JADUAL A14 Ind Lelaki Purata!row22,JADUAL A14 Ind Perem Purata!row22
A14,Industry (MSIC section),Public administration and defence; compulsory social security,mean_rm,2018,3890,3743,3.8,0.962,JADUAL A14 Ind Lelaki Purata!row22,JADUAL A14 Ind Perem Purata!row22
A14,Industry (MSIC section),Public administration and defence; compulsory social security,mean_rm,2019,4175,4062,2.7,0.973,JADUAL A14 Ind Lelaki Purata!row22,JADUAL A14 Ind Perem Purata!row22
A14,Industry (MSIC section),Public administration and defence; compulsory social security,mean_rm,2020,4225,4000,5.3,0.947,JADUAL A14 Ind Lelaki Purata!row22,JADUAL A14 Ind Perem Purata!row22
A14,Industry (MSIC section),Public administration and defence; compulsory social security,mean_rm,2021,4324,4264,1.4,0.986,JADUAL A14 Ind Lelaki Purata!row22,JADUAL A14 Ind Perem Purata!row22
A14,Industry (MSIC section),Public administration and defence; compulsory social security,mean_rm,2022,4491,4320,3.8,0.962,JADUAL A14 Ind Lelaki Purata!row22,JADUAL A14 Ind Perem Purata!row22
A14,Industry (MSIC section),Public administration and defence; compulsory social security,mean_rm,2023,4477,4483,-0.1,1.001,JADUAL A14 Ind Lelaki Purata!row22,JADUAL A14 Ind Perem Purata!row22
A14,Industry (MSIC section),Public administration and defence; compulsory social security,mean_rm,2024,4574,4749,-3.8,1.038,JADUAL A14 Ind Lelaki Purata!row22,JADUAL A14 Ind Perem Purata!row22
A14,Industry (MSIC section),Public administration and defence; compulsory social security,mean_rm,2025,4830,4861,-0.6,1.006,JADUAL A14 Ind Lelaki Purata!row22,JADUAL A14 Ind Perem Purata!row22
A14,Industry (MSIC section),Real estate activities,mean_rm,2010,3247,2350,27.6,0.724,JADUAL A14 Ind Lelaki Purata!row19,JADUAL A14 Ind Perem Purata!row19
A14,Industry (MSIC section),Real estate activities,mean_rm,2011,3380,2577,23.8,0.762,JADUAL A14 Ind Lelaki Purata!row19,JADUAL A14 Ind Perem Purata!row19
A14,Industry (MSIC section),Real estate activities,mean_rm,2012,3664,2113,42.3,0.577,JADUAL A14 Ind Lelaki Purata!row19,JADUAL A14 Ind Perem Purata!row19
A14,Industry (MSIC section),Real estate activities,mean_rm,2013,3841,2488,35.2,0.648,JADUAL A14 Ind Lelaki Purata!row19,JADUAL A14 Ind Perem Purata!row19
A14,Industry (MSIC section),Real estate activities,mean_rm,2014,4528,2950,34.8,0.652,JADUAL A14 Ind Lelaki Purata!row19,JADUAL A14 Ind Perem Purata!row19
A14,Industry (MSIC section),Real estate activities,mean_rm,2015,4425,3271,26.1,0.739,JADUAL A14 Ind Lelaki Purata!row19,JADUAL A14 Ind Perem Purata!row19
A14,Industry (MSIC section),Real estate activities,mean_rm,2016,4635,3945,14.9,0.851,JADUAL A14 Ind Lelaki Purata!row19,JADUAL A14 Ind Perem Purata!row19
A14,Industry (MSIC section),Real estate activities,mean_rm,2017,5440,4278,21.4,0.786,JADUAL A14 Ind Lelaki Purata!row19,JADUAL A14 Ind Perem Purata!row19
A14,Industry (MSIC section),Real estate activities,mean_rm,2018,6835,4541,33.6,0.664,JADUAL A14 Ind Lelaki Purata!row19,JADUAL A14 Ind Perem Purata!row19
A14,Industry (MSIC section),Real estate activities,mean_rm,2019,6785,4728,30.3,0.697,JADUAL A14 Ind Lelaki Purata!row19,JADUAL A14 Ind Perem Purata!row19
A14,Industry (MSIC section),Real estate activities,mean_rm,2020,4010,3185,20.6,0.794,JADUAL A14 Ind Lelaki Purata!row19,JADUAL A14 Ind Perem Purata!row19
A14,Industry (MSIC section),Real estate activities,mean_rm,2021,4014,3173,21.0,0.79,JADUAL A14 Ind Lelaki Purata!row19,JADUAL A14 Ind Perem Purata!row19
A14,Industry (MSIC section),Real estate activities,mean_rm,2022,4175,3423,18.0,0.82,JADUAL A14 Ind Lelaki Purata!row19,JADUAL A14 Ind Perem Purata!row19
A14,Industry (MSIC section),Real estate activities,mean_rm,2023,4490,3783,15.7,0.843,JADUAL A14 Ind Lelaki Purata!row19,JADUAL A14 Ind Perem Purata!row19
A14,Industry (MSIC section),Real estate activities,mean_rm,2024,4811,4121,14.3,0.857,JADUAL A14 Ind Lelaki Purata!row19,JADUAL A14 Ind Perem Purata!row19
A14,Industry (MSIC section),Real estate activities,mean_rm,2025,4825,4573,5.2,0.948,JADUAL A14 Ind Lelaki Purata!row19,JADUAL A14 Ind Perem Purata!row19
A14,Industry (MSIC section),Total2,mean_rm,2010,2003,1825,8.9,0.911,JADUAL A14 Ind Lelaki Purata!row7,JADUAL A14 Ind Perem Purata!row7
A14,Industry (MSIC section),Total2,mean_rm,2011,2035,1838,9.7,0.903,JADUAL A14 Ind Lelaki Purata!row7,JADUAL A14 Ind Perem Purata!row7
A14,Industry (MSIC section),Total2,mean_rm,2012,2126,1935,9.0,0.91,JADUAL A14 Ind Lelaki Purata!row7,JADUAL A14 Ind Perem Purata!row7
A14,Industry (MSIC section),Total2,mean_rm,2013,2259,2072,8.3,0.917,JADUAL A14 Ind Lelaki Purata!row7,JADUAL A14 Ind Perem Purata!row7
A14,Industry (MSIC section),Total2,mean_rm,2014,2455,2259,8.0,0.92,JADUAL A14 Ind Lelaki Purata!row7,JADUAL A14 Ind Perem Purata!row7
A14,Industry (MSIC section),Total2,mean_rm,2015,2558,2380,7.0,0.93,JADUAL A14 Ind Lelaki Purata!row7,JADUAL A14 Ind Perem Purata!row7
A14,Industry (MSIC section),Total2,mean_rm,2016,2741,2532,7.6,0.924,JADUAL A14 Ind Lelaki Purata!row7,JADUAL A14 Ind Perem Purata!row7
A14,Industry (MSIC section),Total2,mean_rm,2017,2953,2772,6.1,0.939,JADUAL A14 Ind Lelaki Purata!row7,JADUAL A14 Ind Perem Purata!row7
A14,Industry (MSIC section),Total2,mean_rm,2018,3174,2959,6.8,0.932,JADUAL A14 Ind Lelaki Purata!row7,JADUAL A14 Ind Perem Purata!row7
A14,Industry (MSIC section),Total2,mean_rm,2019,3304,3108,5.9,0.941,JADUAL A14 Ind Lelaki Purata!row7,JADUAL A14 Ind Perem Purata!row7
A14,Industry (MSIC section),Total2,mean_rm,2020,3011,2872,4.6,0.954,JADUAL A14 Ind Lelaki Purata!row7,JADUAL A14 Ind Perem Purata!row7
A14,Industry (MSIC section),Total2,mean_rm,2021,3114,2955,5.1,0.949,JADUAL A14 Ind Lelaki Purata!row7,JADUAL A14 Ind Perem Purata!row7
A14,Industry (MSIC section),Total2,mean_rm,2022,3288,3119,5.1,0.949,JADUAL A14 Ind Lelaki Purata!row7,JADUAL A14 Ind Perem Purata!row7
A14,Industry (MSIC section),Total2,mean_rm,2023,3532,3311,6.3,0.937,JADUAL A14 Ind Lelaki Purata!row7,JADUAL A14 Ind Perem Purata!row7
A14,Industry (MSIC section),Total2,mean_rm,2024,3759,3499,6.9,0.931,JADUAL A14 Ind Lelaki Purata!row7,JADUAL A14 Ind Perem Purata!row7
A14,Industry (MSIC section),Total2,mean_rm,2025,3921,3635,7.3,0.927,JADUAL A14 Ind Lelaki Purata!row7,JADUAL A14 Ind Perem Purata!row7
A14,Industry (MSIC section),Transportation and storage,mean_rm,2010,1971,1891,4.1,0.959,JADUAL A14 Ind Lelaki Purata!row15,JADUAL A14 Ind Perem Purata!row15
A14,Industry (MSIC section),Transportation and storage,mean_rm,2011,1871,1878,-0.4,1.004,JADUAL A14 Ind Lelaki Purata!row15,JADUAL A14 Ind Perem Purata!row15
A14,Industry (MSIC section),Transportation and storage,mean_rm,2012,2013,1922,4.5,0.955,JADUAL A14 Ind Lelaki Purata!row15,JADUAL A14 Ind Perem Purata!row15
A14,Industry (MSIC section),Transportation and storage,mean_rm,2013,2073,1851,10.7,0.893,JADUAL A14 Ind Lelaki Purata!row15,JADUAL A14 Ind Perem Purata!row15
A14,Industry (MSIC section),Transportation and storage,mean_rm,2014,2207,2024,8.3,0.917,JADUAL A14 Ind Lelaki Purata!row15,JADUAL A14 Ind Perem Purata!row15
A14,Industry (MSIC section),Transportation and storage,mean_rm,2015,2434,2412,0.9,0.991,JADUAL A14 Ind Lelaki Purata!row15,JADUAL A14 Ind Perem Purata!row15
A14,Industry (MSIC section),Transportation and storage,mean_rm,2016,2605,2300,11.7,0.883,JADUAL A14 Ind Lelaki Purata!row15,JADUAL A14 Ind Perem Purata!row15
A14,Industry (MSIC section),Transportation and storage,mean_rm,2017,2751,2456,10.7,0.893,JADUAL A14 Ind Lelaki Purata!row15,JADUAL A14 Ind Perem Purata!row15
A14,Industry (MSIC section),Transportation and storage,mean_rm,2018,2870,2846,0.8,0.992,JADUAL A14 Ind Lelaki Purata!row15,JADUAL A14 Ind Perem Purata!row15
A14,Industry (MSIC section),Transportation and storage,mean_rm,2019,2993,3031,-1.3,1.013,JADUAL A14 Ind Lelaki Purata!row15,JADUAL A14 Ind Perem Purata!row15
A14,Industry (MSIC section),Transportation and storage,mean_rm,2020,2519,2436,3.3,0.967,JADUAL A14 Ind Lelaki Purata!row15,JADUAL A14 Ind Perem Purata!row15
A14,Industry (MSIC section),Transportation and storage,mean_rm,2021,2588,2570,0.7,0.993,JADUAL A14 Ind Lelaki Purata!row15,JADUAL A14 Ind Perem Purata!row15
A14,Industry (MSIC section),Transportation and storage,mean_rm,2022,2766,2742,0.9,0.991,JADUAL A14 Ind Lelaki Purata!row15,JADUAL A14 Ind Perem Purata!row15
A14,Industry (MSIC section),Transportation and storage,mean_rm,2023,2993,2970,0.8,0.992,JADUAL A14 Ind Lelaki Purata!row15,JADUAL A14 Ind Perem Purata!row15
A14,Industry (MSIC section),Transportation and storage,mean_rm,2024,3281,3148,4.1,0.959,JADUAL A14 Ind Lelaki Purata!row15,JADUAL A14 Ind Perem Purata!row15
A14,Industry (MSIC section),Transportation and storage,mean_rm,2025,3388,3328,1.8,0.982,JADUAL A14 Ind Lelaki Purata!row15,JADUAL A14 Ind Perem Purata!row15
A14,Industry (MSIC section),"Water supply; sewerage, waste management and remediation activities",mean_rm,2010,1665,1034,37.9,0.621,JADUAL A14 Ind Lelaki Purata!row12,JADUAL A14 Ind Perem Purata!row12
A14,Industry (MSIC section),"Water supply; sewerage, waste management and remediation activities",mean_rm,2011,1791,2347,-31.0,1.31,JADUAL A14 Ind Lelaki Purata!row12,JADUAL A14 Ind Perem Purata!row12
A14,Industry (MSIC section),"Water supply; sewerage, waste management and remediation activities",mean_rm,2012,1755,1369,22.0,0.78,JADUAL A14 Ind Lelaki Purata!row12,JADUAL A14 Ind Perem Purata!row12
A14,Industry (MSIC section),"Water supply; sewerage, waste management and remediation activities",mean_rm,2013,1725,1409,18.3,0.817,JADUAL A14 Ind Lelaki Purata!row12,JADUAL A14 Ind Perem Purata!row12
A14,Industry (MSIC section),"Water supply; sewerage, waste management and remediation activities",mean_rm,2014,1994,1789,10.3,0.897,JADUAL A14 Ind Lelaki Purata!row12,JADUAL A14 Ind Perem Purata!row12
A14,Industry (MSIC section),"Water supply; sewerage, waste management and remediation activities",mean_rm,2015,2161,2278,-5.4,1.054,JADUAL A14 Ind Lelaki Purata!row12,JADUAL A14 Ind Perem Purata!row12
A14,Industry (MSIC section),"Water supply; sewerage, waste management and remediation activities",mean_rm,2016,2092,1987,5.0,0.95,JADUAL A14 Ind Lelaki Purata!row12,JADUAL A14 Ind Perem Purata!row12
A14,Industry (MSIC section),"Water supply; sewerage, waste management and remediation activities",mean_rm,2017,2353,2780,-18.1,1.181,JADUAL A14 Ind Lelaki Purata!row12,JADUAL A14 Ind Perem Purata!row12
A14,Industry (MSIC section),"Water supply; sewerage, waste management and remediation activities",mean_rm,2018,2748,2586,5.9,0.941,JADUAL A14 Ind Lelaki Purata!row12,JADUAL A14 Ind Perem Purata!row12
A14,Industry (MSIC section),"Water supply; sewerage, waste management and remediation activities",mean_rm,2019,2878,2595,9.8,0.902,JADUAL A14 Ind Lelaki Purata!row12,JADUAL A14 Ind Perem Purata!row12
A14,Industry (MSIC section),"Water supply; sewerage, waste management and remediation activities",mean_rm,2020,2676,2392,10.6,0.894,JADUAL A14 Ind Lelaki Purata!row12,JADUAL A14 Ind Perem Purata!row12
A14,Industry (MSIC section),"Water supply; sewerage, waste management and remediation activities",mean_rm,2021,2707,2742,-1.3,1.013,JADUAL A14 Ind Lelaki Purata!row12,JADUAL A14 Ind Perem Purata!row12
A14,Industry (MSIC section),"Water supply; sewerage, waste management and remediation activities",mean_rm,2022,2803,2745,2.1,0.979,JADUAL A14 Ind Lelaki Purata!row12,JADUAL A14 Ind Perem Purata!row12
A14,Industry (MSIC section),"Water supply; sewerage, waste management and remediation activities",mean_rm,2023,2965,2771,6.5,0.935,JADUAL A14 Ind Lelaki Purata!row12,JADUAL A14 Ind Perem Purata!row12
A14,Industry (MSIC section),"Water supply; sewerage, waste management and remediation activities",mean_rm,2024,2998,3015,-0.6,1.006,JADUAL A14 Ind Lelaki Purata!row12,JADUAL A14 Ind Perem Purata!row12
A14,Industry (MSIC section),"Water supply; sewerage, waste management and remediation activities",mean_rm,2025,3101,3316,-6.9,1.069,JADUAL A14 Ind Lelaki Purata!row12,JADUAL A14 Ind Perem Purata!row12
A14,Industry (MSIC section),Wholesale and retail trade; repair of motor vehicles and motorcycles,mean_rm,2010,1551,1248,19.5,0.805,JADUAL A14 Ind Lelaki Purata!row14,JADUAL A14 Ind Perem Purata!row14
A14,Industry (MSIC section),Wholesale and retail trade; repair of motor vehicles and motorcycles,mean_rm,2011,1608,1285,20.1,0.799,JADUAL A14 Ind Lelaki Purata!row14,JADUAL A14 Ind Perem Purata!row14
A14,Industry (MSIC section),Wholesale and retail trade; repair of motor vehicles and motorcycles,mean_rm,2012,1650,1296,21.5,0.785,JADUAL A14 Ind Lelaki Purata!row14,JADUAL A14 Ind Perem Purata!row14
A14,Industry (MSIC section),Wholesale and retail trade; repair of motor vehicles and motorcycles,mean_rm,2013,1755,1394,20.6,0.794,JADUAL A14 Ind Lelaki Purata!row14,JADUAL A14 Ind Perem Purata!row14
A14,Industry (MSIC section),Wholesale and retail trade; repair of motor vehicles and motorcycles,mean_rm,2014,1903,1486,21.9,0.781,JADUAL A14 Ind Lelaki Purata!row14,JADUAL A14 Ind Perem Purata!row14
A14,Industry (MSIC section),Wholesale and retail trade; repair of motor vehicles and motorcycles,mean_rm,2015,1932,1602,17.1,0.829,JADUAL A14 Ind Lelaki Purata!row14,JADUAL A14 Ind Perem Purata!row14
A14,Industry (MSIC section),Wholesale and retail trade; repair of motor vehicles and motorcycles,mean_rm,2016,2045,1667,18.5,0.815,JADUAL A14 Ind Lelaki Purata!row14,JADUAL A14 Ind Perem Purata!row14
A14,Industry (MSIC section),Wholesale and retail trade; repair of motor vehicles and motorcycles,mean_rm,2017,2178,1803,17.2,0.828,JADUAL A14 Ind Lelaki Purata!row14,JADUAL A14 Ind Perem Purata!row14
A14,Industry (MSIC section),Wholesale and retail trade; repair of motor vehicles and motorcycles,mean_rm,2018,2336,1915,18.0,0.82,JADUAL A14 Ind Lelaki Purata!row14,JADUAL A14 Ind Perem Purata!row14
A14,Industry (MSIC section),Wholesale and retail trade; repair of motor vehicles and motorcycles,mean_rm,2019,2547,2123,16.6,0.834,JADUAL A14 Ind Lelaki Purata!row14,JADUAL A14 Ind Perem Purata!row14
A14,Industry (MSIC section),Wholesale and retail trade; repair of motor vehicles and motorcycles,mean_rm,2020,2199,1822,17.1,0.829,JADUAL A14 Ind Lelaki Purata!row14,JADUAL A14 Ind Perem Purata!row14
A14,Industry (MSIC section),Wholesale and retail trade; repair of motor vehicles and motorcycles,mean_rm,2021,2198,1900,13.6,0.864,JADUAL A14 Ind Lelaki Purata!row14,JADUAL A14 Ind Perem Purata!row14
A14,Industry (MSIC section),Wholesale and retail trade; repair of motor vehicles and motorcycles,mean_rm,2022,2321,2089,10.0,0.9,JADUAL A14 Ind Lelaki Purata!row14,JADUAL A14 Ind Perem Purata!row14
A14,Industry (MSIC section),Wholesale and retail trade; repair of motor vehicles and motorcycles,mean_rm,2023,2624,2325,11.4,0.886,JADUAL A14 Ind Lelaki Purata!row14,JADUAL A14 Ind Perem Purata!row14
A14,Industry (MSIC section),Wholesale and retail trade; repair of motor vehicles and motorcycles,mean_rm,2024,2875,2556,11.1,0.889,JADUAL A14 Ind Lelaki Purata!row14,JADUAL A14 Ind Perem Purata!row14
A14,Industry (MSIC section),Wholesale and retail trade; repair of motor vehicles and motorcycles,mean_rm,2025,2911,2524,13.3,0.867,JADUAL A14 Ind Lelaki Purata!row14,JADUAL A14 Ind Perem Purata!row14
A14,Industry (MSIC section),Accommodation and food and beverage service activities,median_rm,2010,1040,750,27.9,0.721,JADUAL A14 Ind Lelaki Penengah!row16,JADUAL A14 Ind Perem Penengah!row16
A14,Industry (MSIC section),Accommodation and food and beverage service activities,median_rm,2011,1000,800,20.0,0.8,JADUAL A14 Ind Lelaki Penengah!row16,JADUAL A14 Ind Perem Penengah!row16
A14,Industry (MSIC section),Accommodation and food and beverage service activities,median_rm,2012,1100,800,27.3,0.727,JADUAL A14 Ind Lelaki Penengah!row16,JADUAL A14 Ind Perem Penengah!row16
A14,Industry (MSIC section),Accommodation and food and beverage service activities,median_rm,2013,1200,840,30.0,0.7,JADUAL A14 Ind Lelaki Penengah!row16,JADUAL A14 Ind Perem Penengah!row16
A14,Industry (MSIC section),Accommodation and food and beverage service activities,median_rm,2014,1300,940,27.7,0.723,JADUAL A14 Ind Lelaki Penengah!row16,JADUAL A14 Ind Perem Penengah!row16
A14,Industry (MSIC section),Accommodation and food and beverage service activities,median_rm,2015,1325,950,28.3,0.717,JADUAL A14 Ind Lelaki Penengah!row16,JADUAL A14 Ind Perem Penengah!row16
A14,Industry (MSIC section),Accommodation and food and beverage service activities,median_rm,2016,1340,1000,25.4,0.746,JADUAL A14 Ind Lelaki Penengah!row16,JADUAL A14 Ind Perem Penengah!row16
A14,Industry (MSIC section),Accommodation and food and beverage service activities,median_rm,2017,1635,1300,20.5,0.795,JADUAL A14 Ind Lelaki Penengah!row16,JADUAL A14 Ind Perem Penengah!row16
A14,Industry (MSIC section),Accommodation and food and beverage service activities,median_rm,2018,1825,1261,30.9,0.691,JADUAL A14 Ind Lelaki Penengah!row16,JADUAL A14 Ind Perem Penengah!row16
A14,Industry (MSIC section),Accommodation and food and beverage service activities,median_rm,2019,1850,1380,25.4,0.746,JADUAL A14 Ind Lelaki Penengah!row16,JADUAL A14 Ind Perem Penengah!row16
A14,Industry (MSIC section),Accommodation and food and beverage service activities,median_rm,2020,1500,1244,17.1,0.829,JADUAL A14 Ind Lelaki Penengah!row16,JADUAL A14 Ind Perem Penengah!row16
A14,Industry (MSIC section),Accommodation and food and beverage service activities,median_rm,2021,1572,1458,7.3,0.927,JADUAL A14 Ind Lelaki Penengah!row16,JADUAL A14 Ind Perem Penengah!row16
A14,Industry (MSIC section),Accommodation and food and beverage service activities,median_rm,2022,1895,1546,18.4,0.816,JADUAL A14 Ind Lelaki Penengah!row16,JADUAL A14 Ind Perem Penengah!row16
A14,Industry (MSIC section),Accommodation and food and beverage service activities,median_rm,2023,1958,1542,21.2,0.788,JADUAL A14 Ind Lelaki Penengah!row16,JADUAL A14 Ind Perem Penengah!row16
A14,Industry (MSIC section),Accommodation and food and beverage service activities,median_rm,2024,2046,1654,19.2,0.808,JADUAL A14 Ind Lelaki Penengah!row16,JADUAL A14 Ind Perem Penengah!row16
A14,Industry (MSIC section),Accommodation and food and beverage service activities,median_rm,2025,2255,1776,21.2,0.788,JADUAL A14 Ind Lelaki Penengah!row16,JADUAL A14 Ind Perem Penengah!row16
A14,Industry (MSIC section),Administrative and support service activities,median_rm,2010,1100,800,27.3,0.727,JADUAL A14 Ind Lelaki Penengah!row21,JADUAL A14 Ind Perem Penengah!row21
A14,Industry (MSIC section),Administrative and support service activities,median_rm,2011,1000,700,30.0,0.7,JADUAL A14 Ind Lelaki Penengah!row21,JADUAL A14 Ind Perem Penengah!row21
A14,Industry (MSIC section),Administrative and support service activities,median_rm,2012,1000,650,35.0,0.65,JADUAL A14 Ind Lelaki Penengah!row21,JADUAL A14 Ind Perem Penengah!row21
A14,Industry (MSIC section),Administrative and support service activities,median_rm,2013,1200,800,33.3,0.667,JADUAL A14 Ind Lelaki Penengah!row21,JADUAL A14 Ind Perem Penengah!row21
A14,Industry (MSIC section),Administrative and support service activities,median_rm,2014,1200,900,25.0,0.75,JADUAL A14 Ind Lelaki Penengah!row21,JADUAL A14 Ind Perem Penengah!row21
A14,Industry (MSIC section),Administrative and support service activities,median_rm,2015,1200,900,25.0,0.75,JADUAL A14 Ind Lelaki Penengah!row21,JADUAL A14 Ind Perem Penengah!row21
A14,Industry (MSIC section),Administrative and support service activities,median_rm,2016,1300,900,30.8,0.692,JADUAL A14 Ind Lelaki Penengah!row21,JADUAL A14 Ind Perem Penengah!row21
A14,Industry (MSIC section),Administrative and support service activities,median_rm,2017,1470,1200,18.4,0.816,JADUAL A14 Ind Lelaki Penengah!row21,JADUAL A14 Ind Perem Penengah!row21
A14,Industry (MSIC section),Administrative and support service activities,median_rm,2018,1624,1316,19.0,0.81,JADUAL A14 Ind Lelaki Penengah!row21,JADUAL A14 Ind Perem Penengah!row21
A14,Industry (MSIC section),Administrative and support service activities,median_rm,2019,1760,1436,18.4,0.816,JADUAL A14 Ind Lelaki Penengah!row21,JADUAL A14 Ind Perem Penengah!row21
A14,Industry (MSIC section),Administrative and support service activities,median_rm,2020,1437,1274,11.3,0.887,JADUAL A14 Ind Lelaki Penengah!row21,JADUAL A14 Ind Perem Penengah!row21
A14,Industry (MSIC section),Administrative and support service activities,median_rm,2021,1549,1591,-2.7,1.027,JADUAL A14 Ind Lelaki Penengah!row21,JADUAL A14 Ind Perem Penengah!row21
A14,Industry (MSIC section),Administrative and support service activities,median_rm,2022,1684,2034,-20.8,1.208,JADUAL A14 Ind Lelaki Penengah!row21,JADUAL A14 Ind Perem Penengah!row21
A14,Industry (MSIC section),Administrative and support service activities,median_rm,2023,1800,1899,-5.5,1.055,JADUAL A14 Ind Lelaki Penengah!row21,JADUAL A14 Ind Perem Penengah!row21
A14,Industry (MSIC section),Administrative and support service activities,median_rm,2024,1880,1947,-3.6,1.036,JADUAL A14 Ind Lelaki Penengah!row21,JADUAL A14 Ind Perem Penengah!row21
A14,Industry (MSIC section),Administrative and support service activities,median_rm,2025,2255,2124,5.8,0.942,JADUAL A14 Ind Lelaki Penengah!row21,JADUAL A14 Ind Perem Penengah!row21
A14,Industry (MSIC section),Agriculture,median_rm,2010,800,598,25.2,0.748,JADUAL A14 Ind Lelaki Penengah!row8,JADUAL A14 Ind Perem Penengah!row8
A14,Industry (MSIC section),Agriculture,median_rm,2011,850,630,25.9,0.741,JADUAL A14 Ind Lelaki Penengah!row8,JADUAL A14 Ind Perem Penengah!row8
A14,Industry (MSIC section),Agriculture,median_rm,2012,910,700,23.1,0.769,JADUAL A14 Ind Lelaki Penengah!row8,JADUAL A14 Ind Perem Penengah!row8
A14,Industry (MSIC section),Agriculture,median_rm,2013,960,800,16.7,0.833,JADUAL A14 Ind Lelaki Penengah!row8,JADUAL A14 Ind Perem Penengah!row8
A14,Industry (MSIC section),Agriculture,median_rm,2014,1150,848,26.3,0.737,JADUAL A14 Ind Lelaki Penengah!row8,JADUAL A14 Ind Perem Penengah!row8
A14,Industry (MSIC section),Agriculture,median_rm,2015,1200,946,21.2,0.788,JADUAL A14 Ind Lelaki Penengah!row8,JADUAL A14 Ind Perem Penengah!row8
A14,Industry (MSIC section),Agriculture,median_rm,2016,1300,1200,7.7,0.923,JADUAL A14 Ind Lelaki Penengah!row8,JADUAL A14 Ind Perem Penengah!row8
A14,Industry (MSIC section),Agriculture,median_rm,2017,1400,1250,10.7,0.893,JADUAL A14 Ind Lelaki Penengah!row8,JADUAL A14 Ind Perem Penengah!row8
A14,Industry (MSIC section),Agriculture,median_rm,2018,1462,1113,23.9,0.761,JADUAL A14 Ind Lelaki Penengah!row8,JADUAL A14 Ind Perem Penengah!row8
A14,Industry (MSIC section),Agriculture,median_rm,2019,1560,1265,18.9,0.811,JADUAL A14 Ind Lelaki Penengah!row8,JADUAL A14 Ind Perem Penengah!row8
A14,Industry (MSIC section),Agriculture,median_rm,2020,1326,1217,8.2,0.918,JADUAL A14 Ind Lelaki Penengah!row8,JADUAL A14 Ind Perem Penengah!row8
A14,Industry (MSIC section),Agriculture,median_rm,2021,1490,1556,-4.4,1.044,JADUAL A14 Ind Lelaki Penengah!row8,JADUAL A14 Ind Perem Penengah!row8
A14,Industry (MSIC section),Agriculture,median_rm,2022,1555,1249,19.7,0.803,JADUAL A14 Ind Lelaki Penengah!row8,JADUAL A14 Ind Perem Penengah!row8
A14,Industry (MSIC section),Agriculture,median_rm,2023,1650,1270,23.0,0.77,JADUAL A14 Ind Lelaki Penengah!row8,JADUAL A14 Ind Perem Penengah!row8
A14,Industry (MSIC section),Agriculture,median_rm,2024,1698,1333,21.5,0.785,JADUAL A14 Ind Lelaki Penengah!row8,JADUAL A14 Ind Perem Penengah!row8
A14,Industry (MSIC section),Agriculture,median_rm,2025,1853,1596,13.9,0.861,JADUAL A14 Ind Lelaki Penengah!row8,JADUAL A14 Ind Perem Penengah!row8
A14,Industry (MSIC section),"Arts, entertainment and recreation",median_rm,2010,1340,1100,17.9,0.821,JADUAL A14 Ind Lelaki Penengah!row25,JADUAL A14 Ind Perem Penengah!row25
A14,Industry (MSIC section),"Arts, entertainment and recreation",median_rm,2011,1308,950,27.4,0.726,JADUAL A14 Ind Lelaki Penengah!row25,JADUAL A14 Ind Perem Penengah!row25
A14,Industry (MSIC section),"Arts, entertainment and recreation",median_rm,2012,1250,1200,4.0,0.96,JADUAL A14 Ind Lelaki Penengah!row25,JADUAL A14 Ind Perem Penengah!row25
A14,Industry (MSIC section),"Arts, entertainment and recreation",median_rm,2013,1300,1434,-10.3,1.103,JADUAL A14 Ind Lelaki Penengah!row25,JADUAL A14 Ind Perem Penengah!row25
A14,Industry (MSIC section),"Arts, entertainment and recreation",median_rm,2014,1500,1500,0.0,1.0,JADUAL A14 Ind Lelaki Penengah!row25,JADUAL A14 Ind Perem Penengah!row25
A14,Industry (MSIC section),"Arts, entertainment and recreation",median_rm,2015,1800,1500,16.7,0.833,JADUAL A14 Ind Lelaki Penengah!row25,JADUAL A14 Ind Perem Penengah!row25
A14,Industry (MSIC section),"Arts, entertainment and recreation",median_rm,2016,1700,1550,8.8,0.912,JADUAL A14 Ind Lelaki Penengah!row25,JADUAL A14 Ind Perem Penengah!row25
A14,Industry (MSIC section),"Arts, entertainment and recreation",median_rm,2017,1700,1895,-11.5,1.115,JADUAL A14 Ind Lelaki Penengah!row25,JADUAL A14 Ind Perem Penengah!row25
A14,Industry (MSIC section),"Arts, entertainment and recreation",median_rm,2018,1869,1794,4.0,0.96,JADUAL A14 Ind Lelaki Penengah!row25,JADUAL A14 Ind Perem Penengah!row25
A14,Industry (MSIC section),"Arts, entertainment and recreation",median_rm,2019,2177,1914,12.1,0.879,JADUAL A14 Ind Lelaki Penengah!row25,JADUAL A14 Ind Perem Penengah!row25
A14,Industry (MSIC section),"Arts, entertainment and recreation",median_rm,2020,2155,1774,17.7,0.823,JADUAL A14 Ind Lelaki Penengah!row25,JADUAL A14 Ind Perem Penengah!row25
A14,Industry (MSIC section),"Arts, entertainment and recreation",median_rm,2021,2573,2291,11.0,0.89,JADUAL A14 Ind Lelaki Penengah!row25,JADUAL A14 Ind Perem Penengah!row25
A14,Industry (MSIC section),"Arts, entertainment and recreation",median_rm,2022,2748,2336,15.0,0.85,JADUAL A14 Ind Lelaki Penengah!row25,JADUAL A14 Ind Perem Penengah!row25
A14,Industry (MSIC section),"Arts, entertainment and recreation",median_rm,2023,2836,2276,19.7,0.803,JADUAL A14 Ind Lelaki Penengah!row25,JADUAL A14 Ind Perem Penengah!row25
A14,Industry (MSIC section),"Arts, entertainment and recreation",median_rm,2024,2900,2379,18.0,0.82,JADUAL A14 Ind Lelaki Penengah!row25,JADUAL A14 Ind Perem Penengah!row25
A14,Industry (MSIC section),"Arts, entertainment and recreation",median_rm,2025,2688,2606,3.1,0.969,JADUAL A14 Ind Lelaki Penengah!row25,JADUAL A14 Ind Perem Penengah!row25
A14,Industry (MSIC section),Construction,median_rm,2010,1200,1600,-33.3,1.333,JADUAL A14 Ind Lelaki Penengah!row13,JADUAL A14 Ind Perem Penengah!row13
A14,Industry (MSIC section),Construction,median_rm,2011,1250,1500,-20.0,1.2,JADUAL A14 Ind Lelaki Penengah!row13,JADUAL A14 Ind Perem Penengah!row13
A14,Industry (MSIC section),Construction,median_rm,2012,1200,1600,-33.3,1.333,JADUAL A14 Ind Lelaki Penengah!row13,JADUAL A14 Ind Perem Penengah!row13
A14,Industry (MSIC section),Construction,median_rm,2013,1400,1600,-14.3,1.143,JADUAL A14 Ind Lelaki Penengah!row13,JADUAL A14 Ind Perem Penengah!row13
A14,Industry (MSIC section),Construction,median_rm,2014,1500,1800,-20.0,1.2,JADUAL A14 Ind Lelaki Penengah!row13,JADUAL A14 Ind Perem Penengah!row13
A14,Industry (MSIC section),Construction,median_rm,2015,1500,2000,-33.3,1.333,JADUAL A14 Ind Lelaki Penengah!row13,JADUAL A14 Ind Perem Penengah!row13
A14,Industry (MSIC section),Construction,median_rm,2016,1630,2000,-22.7,1.227,JADUAL A14 Ind Lelaki Penengah!row13,JADUAL A14 Ind Perem Penengah!row13
A14,Industry (MSIC section),Construction,median_rm,2017,1800,2300,-27.8,1.278,JADUAL A14 Ind Lelaki Penengah!row13,JADUAL A14 Ind Perem Penengah!row13
A14,Industry (MSIC section),Construction,median_rm,2018,2093.2991004184587,2403,-14.8,1.148,JADUAL A14 Ind Lelaki Penengah!row13,JADUAL A14 Ind Perem Penengah!row13
A14,Industry (MSIC section),Construction,median_rm,2019,2070,2488,-20.2,1.202,JADUAL A14 Ind Lelaki Penengah!row13,JADUAL A14 Ind Perem Penengah!row13
A14,Industry (MSIC section),Construction,median_rm,2020,1851,2204,-19.1,1.191,JADUAL A14 Ind Lelaki Penengah!row13,JADUAL A14 Ind Perem Penengah!row13
A14,Industry (MSIC section),Construction,median_rm,2021,1741,2150,-23.5,1.235,JADUAL A14 Ind Lelaki Penengah!row13,JADUAL A14 Ind Perem Penengah!row13
A14,Industry (MSIC section),Construction,median_rm,2022,1788,2189,-22.4,1.224,JADUAL A14 Ind Lelaki Penengah!row13,JADUAL A14 Ind Perem Penengah!row13
A14,Industry (MSIC section),Construction,median_rm,2023,1845,2320,-25.7,1.257,JADUAL A14 Ind Lelaki Penengah!row13,JADUAL A14 Ind Perem Penengah!row13
A14,Industry (MSIC section),Construction,median_rm,2024,1916,2476,-29.2,1.292,JADUAL A14 Ind Lelaki Penengah!row13,JADUAL A14 Ind Perem Penengah!row13
A14,Industry (MSIC section),Construction,median_rm,2025,2173,2707,-24.6,1.246,JADUAL A14 Ind Lelaki Penengah!row13,JADUAL A14 Ind Perem Penengah!row13
A14,Industry (MSIC section),Education,median_rm,2010,3150,2650,15.9,0.841,JADUAL A14 Ind Lelaki Penengah!row23,JADUAL A14 Ind Perem Penengah!row23
A14,Industry (MSIC section),Education,median_rm,2011,3134,2700,13.8,0.862,JADUAL A14 Ind Lelaki Penengah!row23,JADUAL A14 Ind Perem Penengah!row23
A14,Industry (MSIC section),Education,median_rm,2012,3345,3000,10.3,0.897,JADUAL A14 Ind Lelaki Penengah!row23,JADUAL A14 Ind Perem Penengah!row23
A14,Industry (MSIC section),Education,median_rm,2013,3619,3237,10.6,0.894,JADUAL A14 Ind Lelaki Penengah!row23,JADUAL A14 Ind Perem Penengah!row23
A14,Industry (MSIC section),Education,median_rm,2014,4010,3547,11.5,0.885,JADUAL A14 Ind Lelaki Penengah!row23,JADUAL A14 Ind Perem Penengah!row23
A14,Industry (MSIC section),Education,median_rm,2015,4368,3770,13.7,0.863,JADUAL A14 Ind Lelaki Penengah!row23,JADUAL A14 Ind Perem Penengah!row23
A14,Industry (MSIC section),Education,median_rm,2016,4480,3926,12.4,0.876,JADUAL A14 Ind Lelaki Penengah!row23,JADUAL A14 Ind Perem Penengah!row23
A14,Industry (MSIC section),Education,median_rm,2017,4900,4200,14.3,0.857,JADUAL A14 Ind Lelaki Penengah!row23,JADUAL A14 Ind Perem Penengah!row23
A14,Industry (MSIC section),Education,median_rm,2018,4966,4267,14.1,0.859,JADUAL A14 Ind Lelaki Penengah!row23,JADUAL A14 Ind Perem Penengah!row23
A14,Industry (MSIC section),Education,median_rm,2019,5408,4692,13.2,0.868,JADUAL A14 Ind Lelaki Penengah!row23,JADUAL A14 Ind Perem Penengah!row23
A14,Industry (MSIC section),Education,median_rm,2020,5870,4752,19.0,0.81,JADUAL A14 Ind Lelaki Penengah!row23,JADUAL A14 Ind Perem Penengah!row23
A14,Industry (MSIC section),Education,median_rm,2021,6440,4863,24.5,0.755,JADUAL A14 Ind Lelaki Penengah!row23,JADUAL A14 Ind Perem Penengah!row23
A14,Industry (MSIC section),Education,median_rm,2022,6057,4629,23.6,0.764,JADUAL A14 Ind Lelaki Penengah!row23,JADUAL A14 Ind Perem Penengah!row23
A14,Industry (MSIC section),Education,median_rm,2023,6543,5545,15.3,0.847,JADUAL A14 Ind Lelaki Penengah!row23,JADUAL A14 Ind Perem Penengah!row23
A14,Industry (MSIC section),Education,median_rm,2024,6552,5720,12.7,0.873,JADUAL A14 Ind Lelaki Penengah!row23,JADUAL A14 Ind Perem Penengah!row23
A14,Industry (MSIC section),Education,median_rm,2025,6926,5396,22.1,0.779,JADUAL A14 Ind Lelaki Penengah!row23,JADUAL A14 Ind Perem Penengah!row23
A14,Industry (MSIC section),"Electricity, gas, steam and air conditioning supply",median_rm,2010,2300,2540,-10.4,1.104,JADUAL A14 Ind Lelaki Penengah!row11,JADUAL A14 Ind Perem Penengah!row11
A14,Industry (MSIC section),"Electricity, gas, steam and air conditioning supply",median_rm,2011,2428,2300,5.3,0.947,JADUAL A14 Ind Lelaki Penengah!row11,JADUAL A14 Ind Perem Penengah!row11
A14,Industry (MSIC section),"Electricity, gas, steam and air conditioning supply",median_rm,2012,2200,2000,9.1,0.909,JADUAL A14 Ind Lelaki Penengah!row11,JADUAL A14 Ind Perem Penengah!row11
A14,Industry (MSIC section),"Electricity, gas, steam and air conditioning supply",median_rm,2013,2227,3000,-34.7,1.347,JADUAL A14 Ind Lelaki Penengah!row11,JADUAL A14 Ind Perem Penengah!row11
A14,Industry (MSIC section),"Electricity, gas, steam and air conditioning supply",median_rm,2014,2570,2500,2.7,0.973,JADUAL A14 Ind Lelaki Penengah!row11,JADUAL A14 Ind Perem Penengah!row11
A14,Industry (MSIC section),"Electricity, gas, steam and air conditioning supply",median_rm,2015,2550,3100,-21.6,1.216,JADUAL A14 Ind Lelaki Penengah!row11,JADUAL A14 Ind Perem Penengah!row11
A14,Industry (MSIC section),"Electricity, gas, steam and air conditioning supply",median_rm,2016,3100,3000,3.2,0.968,JADUAL A14 Ind Lelaki Penengah!row11,JADUAL A14 Ind Perem Penengah!row11
A14,Industry (MSIC section),"Electricity, gas, steam and air conditioning supply",median_rm,2017,3150,3100,1.6,0.984,JADUAL A14 Ind Lelaki Penengah!row11,JADUAL A14 Ind Perem Penengah!row11
A14,Industry (MSIC section),"Electricity, gas, steam and air conditioning supply",median_rm,2018,3268,3538,-8.3,1.083,JADUAL A14 Ind Lelaki Penengah!row11,JADUAL A14 Ind Perem Penengah!row11
A14,Industry (MSIC section),"Electricity, gas, steam and air conditioning supply",median_rm,2019,3593,4212,-17.2,1.172,JADUAL A14 Ind Lelaki Penengah!row11,JADUAL A14 Ind Perem Penengah!row11
A14,Industry (MSIC section),"Electricity, gas, steam and air conditioning supply",median_rm,2020,2905,2608,10.2,0.898,JADUAL A14 Ind Lelaki Penengah!row11,JADUAL A14 Ind Perem Penengah!row11
A14,Industry (MSIC section),"Electricity, gas, steam and air conditioning supply",median_rm,2021,2699,2747,-1.8,1.018,JADUAL A14 Ind Lelaki Penengah!row11,JADUAL A14 Ind Perem Penengah!row11
A14,Industry (MSIC section),"Electricity, gas, steam and air conditioning supply",median_rm,2022,3195,2789,12.7,0.873,JADUAL A14 Ind Lelaki Penengah!row11,JADUAL A14 Ind Perem Penengah!row11
A14,Industry (MSIC section),"Electricity, gas, steam and air conditioning supply",median_rm,2023,3274,3171,3.1,0.969,JADUAL A14 Ind Lelaki Penengah!row11,JADUAL A14 Ind Perem Penengah!row11
A14,Industry (MSIC section),"Electricity, gas, steam and air conditioning supply",median_rm,2024,3451,3231,6.4,0.936,JADUAL A14 Ind Lelaki Penengah!row11,JADUAL A14 Ind Perem Penengah!row11
A14,Industry (MSIC section),"Electricity, gas, steam and air conditioning supply",median_rm,2025,3814,3248,14.8,0.852,JADUAL A14 Ind Lelaki Penengah!row11,JADUAL A14 Ind Perem Penengah!row11
A14,Industry (MSIC section),Financial and insurance/takaful activities,median_rm,2010,2650,2155,18.7,0.813,JADUAL A14 Ind Lelaki Penengah!row18,JADUAL A14 Ind Perem Penengah!row18
A14,Industry (MSIC section),Financial and insurance/takaful activities,median_rm,2011,2500,2300,8.0,0.92,JADUAL A14 Ind Lelaki Penengah!row18,JADUAL A14 Ind Perem Penengah!row18
A14,Industry (MSIC section),Financial and insurance/takaful activities,median_rm,2012,2500,2500,0.0,1.0,JADUAL A14 Ind Lelaki Penengah!row18,JADUAL A14 Ind Perem Penengah!row18
A14,Industry (MSIC section),Financial and insurance/takaful activities,median_rm,2013,3000,2500,16.7,0.833,JADUAL A14 Ind Lelaki Penengah!row18,JADUAL A14 Ind Perem Penengah!row18
A14,Industry (MSIC section),Financial and insurance/takaful activities,median_rm,2014,3000,3000,0.0,1.0,JADUAL A14 Ind Lelaki Penengah!row18,JADUAL A14 Ind Perem Penengah!row18
A14,Industry (MSIC section),Financial and insurance/takaful activities,median_rm,2015,3200,3000,6.2,0.938,JADUAL A14 Ind Lelaki Penengah!row18,JADUAL A14 Ind Perem Penengah!row18
A14,Industry (MSIC section),Financial and insurance/takaful activities,median_rm,2016,3500,3000,14.3,0.857,JADUAL A14 Ind Lelaki Penengah!row18,JADUAL A14 Ind Perem Penengah!row18
A14,Industry (MSIC section),Financial and insurance/takaful activities,median_rm,2017,3550,3100,12.7,0.873,JADUAL A14 Ind Lelaki Penengah!row18,JADUAL A14 Ind Perem Penengah!row18
A14,Industry (MSIC section),Financial and insurance/takaful activities,median_rm,2018,3954,3029,23.4,0.766,JADUAL A14 Ind Lelaki Penengah!row18,JADUAL A14 Ind Perem Penengah!row18
A14,Industry (MSIC section),Financial and insurance/takaful activities,median_rm,2019,4270,3308,22.5,0.775,JADUAL A14 Ind Lelaki Penengah!row18,JADUAL A14 Ind Perem Penengah!row18
A14,Industry (MSIC section),Financial and insurance/takaful activities,median_rm,2020,3657,2999,18.0,0.82,JADUAL A14 Ind Lelaki Penengah!row18,JADUAL A14 Ind Perem Penengah!row18
A14,Industry (MSIC section),Financial and insurance/takaful activities,median_rm,2021,3879,2741,29.3,0.707,JADUAL A14 Ind Lelaki Penengah!row18,JADUAL A14 Ind Perem Penengah!row18
A14,Industry (MSIC section),Financial and insurance/takaful activities,median_rm,2022,3998,3015,24.6,0.754,JADUAL A14 Ind Lelaki Penengah!row18,JADUAL A14 Ind Perem Penengah!row18
A14,Industry (MSIC section),Financial and insurance/takaful activities,median_rm,2023,4154,3283,21.0,0.79,JADUAL A14 Ind Lelaki Penengah!row18,JADUAL A14 Ind Perem Penengah!row18
A14,Industry (MSIC section),Financial and insurance/takaful activities,median_rm,2024,4200,3590,14.5,0.855,JADUAL A14 Ind Lelaki Penengah!row18,JADUAL A14 Ind Perem Penengah!row18
A14,Industry (MSIC section),Financial and insurance/takaful activities,median_rm,2025,4347,3774,13.2,0.868,JADUAL A14 Ind Lelaki Penengah!row18,JADUAL A14 Ind Perem Penengah!row18
A14,Industry (MSIC section),Human health and social work activities,median_rm,2010,2066,1937,6.2,0.938,JADUAL A14 Ind Lelaki Penengah!row24,JADUAL A14 Ind Perem Penengah!row24
A14,Industry (MSIC section),Human health and social work activities,median_rm,2011,2030,2000,1.5,0.985,JADUAL A14 Ind Lelaki Penengah!row24,JADUAL A14 Ind Perem Penengah!row24
A14,Industry (MSIC section),Human health and social work activities,median_rm,2012,2026,2146,-5.9,1.059,JADUAL A14 Ind Lelaki Penengah!row24,JADUAL A14 Ind Perem Penengah!row24
A14,Industry (MSIC section),Human health and social work activities,median_rm,2013,2263,2300,-1.6,1.016,JADUAL A14 Ind Lelaki Penengah!row24,JADUAL A14 Ind Perem Penengah!row24
A14,Industry (MSIC section),Human health and social work activities,median_rm,2014,2500,2500,0.0,1.0,JADUAL A14 Ind Lelaki Penengah!row24,JADUAL A14 Ind Perem Penengah!row24
A14,Industry (MSIC section),Human health and social work activities,median_rm,2015,2550,2550,0.0,1.0,JADUAL A14 Ind Lelaki Penengah!row24,JADUAL A14 Ind Perem Penengah!row24
A14,Industry (MSIC section),Human health and social work activities,median_rm,2016,2765,2990,-8.1,1.081,JADUAL A14 Ind Lelaki Penengah!row24,JADUAL A14 Ind Perem Penengah!row24
A14,Industry (MSIC section),Human health and social work activities,median_rm,2017,3087,3000,2.8,0.972,JADUAL A14 Ind Lelaki Penengah!row24,JADUAL A14 Ind Perem Penengah!row24
A14,Industry (MSIC section),Human health and social work activities,median_rm,2018,3416,3143,8.0,0.92,JADUAL A14 Ind Lelaki Penengah!row24,JADUAL A14 Ind Perem Penengah!row24
A14,Industry (MSIC section),Human health and social work activities,median_rm,2019,3772,3519,6.7,0.933,JADUAL A14 Ind Lelaki Penengah!row24,JADUAL A14 Ind Perem Penengah!row24
A14,Industry (MSIC section),Human health and social work activities,median_rm,2020,3873,3403,12.1,0.879,JADUAL A14 Ind Lelaki Penengah!row24,JADUAL A14 Ind Perem Penengah!row24
A14,Industry (MSIC section),Human health and social work activities,median_rm,2021,4438,3928,11.5,0.885,JADUAL A14 Ind Lelaki Penengah!row24,JADUAL A14 Ind Perem Penengah!row24
A14,Industry (MSIC section),Human health and social work activities,median_rm,2022,4411,4017,8.9,0.911,JADUAL A14 Ind Lelaki Penengah!row24,JADUAL A14 Ind Perem Penengah!row24
A14,Industry (MSIC section),Human health and social work activities,median_rm,2023,4566,4710,-3.2,1.032,JADUAL A14 Ind Lelaki Penengah!row24,JADUAL A14 Ind Perem Penengah!row24
A14,Industry (MSIC section),Human health and social work activities,median_rm,2024,4698,4920,-4.7,1.047,JADUAL A14 Ind Lelaki Penengah!row24,JADUAL A14 Ind Perem Penengah!row24
A14,Industry (MSIC section),Human health and social work activities,median_rm,2025,5147,4832,6.1,0.939,JADUAL A14 Ind Lelaki Penengah!row24,JADUAL A14 Ind Perem Penengah!row24
A14,Industry (MSIC section),Information and communication,median_rm,2010,2615,2200,15.9,0.841,JADUAL A14 Ind Lelaki Penengah!row17,JADUAL A14 Ind Perem Penengah!row17
A14,Industry (MSIC section),Information and communication,median_rm,2011,2500,2100,16.0,0.84,JADUAL A14 Ind Lelaki Penengah!row17,JADUAL A14 Ind Perem Penengah!row17
A14,Industry (MSIC section),Information and communication,median_rm,2012,2500,2700,-8.0,1.08,JADUAL A14 Ind Lelaki Penengah!row17,JADUAL A14 Ind Perem Penengah!row17
A14,Industry (MSIC section),Information and communication,median_rm,2013,3000,3000,0.0,1.0,JADUAL A14 Ind Lelaki Penengah!row17,JADUAL A14 Ind Perem Penengah!row17
A14,Industry (MSIC section),Information and communication,median_rm,2014,3000,2500,16.7,0.833,JADUAL A14 Ind Lelaki Penengah!row17,JADUAL A14 Ind Perem Penengah!row17
A14,Industry (MSIC section),Information and communication,median_rm,2015,3000,3000,0.0,1.0,JADUAL A14 Ind Lelaki Penengah!row17,JADUAL A14 Ind Perem Penengah!row17
A14,Industry (MSIC section),Information and communication,median_rm,2016,3450,3000,13.0,0.87,JADUAL A14 Ind Lelaki Penengah!row17,JADUAL A14 Ind Perem Penengah!row17
A14,Industry (MSIC section),Information and communication,median_rm,2017,3900,3000,23.1,0.769,JADUAL A14 Ind Lelaki Penengah!row17,JADUAL A14 Ind Perem Penengah!row17
A14,Industry (MSIC section),Information and communication,median_rm,2018,3936,3410,13.4,0.866,JADUAL A14 Ind Lelaki Penengah!row17,JADUAL A14 Ind Perem Penengah!row17
A14,Industry (MSIC section),Information and communication,median_rm,2019,4258,3570,16.2,0.838,JADUAL A14 Ind Lelaki Penengah!row17,JADUAL A14 Ind Perem Penengah!row17
A14,Industry (MSIC section),Information and communication,median_rm,2020,3822,3251,14.9,0.851,JADUAL A14 Ind Lelaki Penengah!row17,JADUAL A14 Ind Perem Penengah!row17
A14,Industry (MSIC section),Information and communication,median_rm,2021,3982,3279,17.7,0.823,JADUAL A14 Ind Lelaki Penengah!row17,JADUAL A14 Ind Perem Penengah!row17
A14,Industry (MSIC section),Information and communication,median_rm,2022,4238,3538,16.5,0.835,JADUAL A14 Ind Lelaki Penengah!row17,JADUAL A14 Ind Perem Penengah!row17
A14,Industry (MSIC section),Information and communication,median_rm,2023,4406,3320,24.6,0.754,JADUAL A14 Ind Lelaki Penengah!row17,JADUAL A14 Ind Perem Penengah!row17
A14,Industry (MSIC section),Information and communication,median_rm,2024,4502,3322,26.2,0.738,JADUAL A14 Ind Lelaki Penengah!row17,JADUAL A14 Ind Perem Penengah!row17
A14,Industry (MSIC section),Information and communication,median_rm,2025,4813,3506,27.2,0.728,JADUAL A14 Ind Lelaki Penengah!row17,JADUAL A14 Ind Perem Penengah!row17
A14,Industry (MSIC section),Manufacturing,median_rm,2010,1500,1000,33.3,0.667,JADUAL A14 Ind Lelaki Penengah!row10,JADUAL A14 Ind Perem Penengah!row10
A14,Industry (MSIC section),Manufacturing,median_rm,2011,1500,1090,27.3,0.727,JADUAL A14 Ind Lelaki Penengah!row10,JADUAL A14 Ind Perem Penengah!row10
A14,Industry (MSIC section),Manufacturing,median_rm,2012,1600,1100,31.2,0.688,JADUAL A14 Ind Lelaki Penengah!row10,JADUAL A14 Ind Perem Penengah!row10
A14,Industry (MSIC section),Manufacturing,median_rm,2013,1800,1200,33.3,0.667,JADUAL A14 Ind Lelaki Penengah!row10,JADUAL A14 Ind Perem Penengah!row10
A14,Industry (MSIC section),Manufacturing,median_rm,2014,1900,1400,26.3,0.737,JADUAL A14 Ind Lelaki Penengah!row10,JADUAL A14 Ind Perem Penengah!row10
A14,Industry (MSIC section),Manufacturing,median_rm,2015,1960,1310,33.2,0.668,JADUAL A14 Ind Lelaki Penengah!row10,JADUAL A14 Ind Perem Penengah!row10
A14,Industry (MSIC section),Manufacturing,median_rm,2016,2000,1500,25.0,0.75,JADUAL A14 Ind Lelaki Penengah!row10,JADUAL A14 Ind Perem Penengah!row10
A14,Industry (MSIC section),Manufacturing,median_rm,2017,2170,1600,26.3,0.737,JADUAL A14 Ind Lelaki Penengah!row10,JADUAL A14 Ind Perem Penengah!row10
A14,Industry (MSIC section),Manufacturing,median_rm,2018,2254,1626,27.9,0.721,JADUAL A14 Ind Lelaki Penengah!row10,JADUAL A14 Ind Perem Penengah!row10
A14,Industry (MSIC section),Manufacturing,median_rm,2019,2185,1672,23.5,0.765,JADUAL A14 Ind Lelaki Penengah!row10,JADUAL A14 Ind Perem Penengah!row10
A14,Industry (MSIC section),Manufacturing,median_rm,2020,2076,1628,21.6,0.784,JADUAL A14 Ind Lelaki Penengah!row10,JADUAL A14 Ind Perem Penengah!row10
A14,Industry (MSIC section),Manufacturing,median_rm,2021,2121,1926,9.2,0.908,JADUAL A14 Ind Lelaki Penengah!row10,JADUAL A14 Ind Perem Penengah!row10
A14,Industry (MSIC section),Manufacturing,median_rm,2022,2314,1809,21.8,0.782,JADUAL A14 Ind Lelaki Penengah!row10,JADUAL A14 Ind Perem Penengah!row10
A14,Industry (MSIC section),Manufacturing,median_rm,2023,2449,2045,16.5,0.835,JADUAL A14 Ind Lelaki Penengah!row10,JADUAL A14 Ind Perem Penengah!row10
A14,Industry (MSIC section),Manufacturing,median_rm,2024,2775,2046,26.3,0.737,JADUAL A14 Ind Lelaki Penengah!row10,JADUAL A14 Ind Perem Penengah!row10
A14,Industry (MSIC section),Manufacturing,median_rm,2025,3061,2151,29.7,0.703,JADUAL A14 Ind Lelaki Penengah!row10,JADUAL A14 Ind Perem Penengah!row10
A14,Industry (MSIC section),Mining and quarrying,median_rm,2010,2500,3500,-40.0,1.4,JADUAL A14 Ind Lelaki Penengah!row9,JADUAL A14 Ind Perem Penengah!row9
A14,Industry (MSIC section),Mining and quarrying,median_rm,2011,2070,3900,-88.4,1.884,JADUAL A14 Ind Lelaki Penengah!row9,JADUAL A14 Ind Perem Penengah!row9
A14,Industry (MSIC section),Mining and quarrying,median_rm,2012,2500,2800,-12.0,1.12,JADUAL A14 Ind Lelaki Penengah!row9,JADUAL A14 Ind Perem Penengah!row9
A14,Industry (MSIC section),Mining and quarrying,median_rm,2013,2800,3000,-7.1,1.071,JADUAL A14 Ind Lelaki Penengah!row9,JADUAL A14 Ind Perem Penengah!row9
A14,Industry (MSIC section),Mining and quarrying,median_rm,2014,3500,2900,17.1,0.829,JADUAL A14 Ind Lelaki Penengah!row9,JADUAL A14 Ind Perem Penengah!row9
A14,Industry (MSIC section),Mining and quarrying,median_rm,2015,3600,3600,0.0,1.0,JADUAL A14 Ind Lelaki Penengah!row9,JADUAL A14 Ind Perem Penengah!row9
A14,Industry (MSIC section),Mining and quarrying,median_rm,2016,3690,3600,2.4,0.976,JADUAL A14 Ind Lelaki Penengah!row9,JADUAL A14 Ind Perem Penengah!row9
A14,Industry (MSIC section),Mining and quarrying,median_rm,2017,3700,3650,1.4,0.986,JADUAL A14 Ind Lelaki Penengah!row9,JADUAL A14 Ind Perem Penengah!row9
A14,Industry (MSIC section),Mining and quarrying,median_rm,2018,3781,3375,10.7,0.893,JADUAL A14 Ind Lelaki Penengah!row9,JADUAL A14 Ind Perem Penengah!row9
A14,Industry (MSIC section),Mining and quarrying,median_rm,2019,3968,5133,-29.4,1.294,JADUAL A14 Ind Lelaki Penengah!row9,JADUAL A14 Ind Perem Penengah!row9
A14,Industry (MSIC section),Mining and quarrying,median_rm,2020,3236,3636,-12.4,1.124,JADUAL A14 Ind Lelaki Penengah!row9,JADUAL A14 Ind Perem Penengah!row9
A14,Industry (MSIC section),Mining and quarrying,median_rm,2021,4014,3765,6.2,0.938,JADUAL A14 Ind Lelaki Penengah!row9,JADUAL A14 Ind Perem Penengah!row9
A14,Industry (MSIC section),Mining and quarrying,median_rm,2022,4237,3876,8.5,0.915,JADUAL A14 Ind Lelaki Penengah!row9,JADUAL A14 Ind Perem Penengah!row9
A14,Industry (MSIC section),Mining and quarrying,median_rm,2023,4482,4295,4.2,0.958,JADUAL A14 Ind Lelaki Penengah!row9,JADUAL A14 Ind Perem Penengah!row9
A14,Industry (MSIC section),Mining and quarrying,median_rm,2024,4746,4450,6.2,0.938,JADUAL A14 Ind Lelaki Penengah!row9,JADUAL A14 Ind Perem Penengah!row9
A14,Industry (MSIC section),Mining and quarrying,median_rm,2025,4885,4604,5.8,0.942,JADUAL A14 Ind Lelaki Penengah!row9,JADUAL A14 Ind Perem Penengah!row9
A14,Industry (MSIC section),Other service activities,median_rm,2010,1200,1150,4.2,0.958,JADUAL A14 Ind Lelaki Penengah!row26,JADUAL A14 Ind Perem Penengah!row26
A14,Industry (MSIC section),Other service activities,median_rm,2011,1200,1000,16.7,0.833,JADUAL A14 Ind Lelaki Penengah!row26,JADUAL A14 Ind Perem Penengah!row26
A14,Industry (MSIC section),Other service activities,median_rm,2012,1200,1200,0.0,1.0,JADUAL A14 Ind Lelaki Penengah!row26,JADUAL A14 Ind Perem Penengah!row26
A14,Industry (MSIC section),Other service activities,median_rm,2013,1300,1200,7.7,0.923,JADUAL A14 Ind Lelaki Penengah!row26,JADUAL A14 Ind Perem Penengah!row26
A14,Industry (MSIC section),Other service activities,median_rm,2014,1500,1300,13.3,0.867,JADUAL A14 Ind Lelaki Penengah!row26,JADUAL A14 Ind Perem Penengah!row26
A14,Industry (MSIC section),Other service activities,median_rm,2015,1700,1320,22.4,0.776,JADUAL A14 Ind Lelaki Penengah!row26,JADUAL A14 Ind Perem Penengah!row26
A14,Industry (MSIC section),Other service activities,median_rm,2016,1682,1500,10.8,0.892,JADUAL A14 Ind Lelaki Penengah!row26,JADUAL A14 Ind Perem Penengah!row26
A14,Industry (MSIC section),Other service activities,median_rm,2017,2000,1550,22.5,0.775,JADUAL A14 Ind Lelaki Penengah!row26,JADUAL A14 Ind Perem Penengah!row26
A14,Industry (MSIC section),Other service activities,median_rm,2018,2112,1917,9.2,0.908,JADUAL A14 Ind Lelaki Penengah!row26,JADUAL A14 Ind Perem Penengah!row26
A14,Industry (MSIC section),Other service activities,median_rm,2019,2131,1918,10.0,0.9,JADUAL A14 Ind Lelaki Penengah!row26,JADUAL A14 Ind Perem Penengah!row26
A14,Industry (MSIC section),Other service activities,median_rm,2020,1828,1595,12.7,0.873,JADUAL A14 Ind Lelaki Penengah!row26,JADUAL A14 Ind Perem Penengah!row26
A14,Industry (MSIC section),Other service activities,median_rm,2021,1835,1645,10.4,0.896,JADUAL A14 Ind Lelaki Penengah!row26,JADUAL A14 Ind Perem Penengah!row26
A14,Industry (MSIC section),Other service activities,median_rm,2022,1908,1771,7.2,0.928,JADUAL A14 Ind Lelaki Penengah!row26,JADUAL A14 Ind Perem Penengah!row26
A14,Industry (MSIC section),Other service activities,median_rm,2023,2045,1828,10.6,0.894,JADUAL A14 Ind Lelaki Penengah!row26,JADUAL A14 Ind Perem Penengah!row26
A14,Industry (MSIC section),Other service activities,median_rm,2024,2051,1947,5.1,0.949,JADUAL A14 Ind Lelaki Penengah!row26,JADUAL A14 Ind Perem Penengah!row26
A14,Industry (MSIC section),Other service activities,median_rm,2025,2163,1776,17.9,0.821,JADUAL A14 Ind Lelaki Penengah!row26,JADUAL A14 Ind Perem Penengah!row26
A14,Industry (MSIC section),"Professional, scientific and technical activities",median_rm,2010,2000,1700,15.0,0.85,JADUAL A14 Ind Lelaki Penengah!row20,JADUAL A14 Ind Perem Penengah!row20
A14,Industry (MSIC section),"Professional, scientific and technical activities",median_rm,2011,2000,2000,0.0,1.0,JADUAL A14 Ind Lelaki Penengah!row20,JADUAL A14 Ind Perem Penengah!row20
A14,Industry (MSIC section),"Professional, scientific and technical activities",median_rm,2012,2500,2000,20.0,0.8,JADUAL A14 Ind Lelaki Penengah!row20,JADUAL A14 Ind Perem Penengah!row20
A14,Industry (MSIC section),"Professional, scientific and technical activities",median_rm,2013,2400,2000,16.7,0.833,JADUAL A14 Ind Lelaki Penengah!row20,JADUAL A14 Ind Perem Penengah!row20
A14,Industry (MSIC section),"Professional, scientific and technical activities",median_rm,2014,3000,2375,20.8,0.792,JADUAL A14 Ind Lelaki Penengah!row20,JADUAL A14 Ind Perem Penengah!row20
A14,Industry (MSIC section),"Professional, scientific and technical activities",median_rm,2015,3000,2500,16.7,0.833,JADUAL A14 Ind Lelaki Penengah!row20,JADUAL A14 Ind Perem Penengah!row20
A14,Industry (MSIC section),"Professional, scientific and technical activities",median_rm,2016,3000,2800,6.7,0.933,JADUAL A14 Ind Lelaki Penengah!row20,JADUAL A14 Ind Perem Penengah!row20
A14,Industry (MSIC section),"Professional, scientific and technical activities",median_rm,2017,3200,2800,12.5,0.875,JADUAL A14 Ind Lelaki Penengah!row20,JADUAL A14 Ind Perem Penengah!row20
A14,Industry (MSIC section),"Professional, scientific and technical activities",median_rm,2018,3626,3020,16.7,0.833,JADUAL A14 Ind Lelaki Penengah!row20,JADUAL A14 Ind Perem Penengah!row20
A14,Industry (MSIC section),"Professional, scientific and technical activities",median_rm,2019,3995,3330,16.6,0.834,JADUAL A14 Ind Lelaki Penengah!row20,JADUAL A14 Ind Perem Penengah!row20
A14,Industry (MSIC section),"Professional, scientific and technical activities",median_rm,2020,3480,2698,22.5,0.775,JADUAL A14 Ind Lelaki Penengah!row20,JADUAL A14 Ind Perem Penengah!row20
A14,Industry (MSIC section),"Professional, scientific and technical activities",median_rm,2021,3880,2543,34.5,0.655,JADUAL A14 Ind Lelaki Penengah!row20,JADUAL A14 Ind Perem Penengah!row20
A14,Industry (MSIC section),"Professional, scientific and technical activities",median_rm,2022,4140,2647,36.1,0.639,JADUAL A14 Ind Lelaki Penengah!row20,JADUAL A14 Ind Perem Penengah!row20
A14,Industry (MSIC section),"Professional, scientific and technical activities",median_rm,2023,4374,2762,36.9,0.631,JADUAL A14 Ind Lelaki Penengah!row20,JADUAL A14 Ind Perem Penengah!row20
A14,Industry (MSIC section),"Professional, scientific and technical activities",median_rm,2024,4449,2899,34.8,0.652,JADUAL A14 Ind Lelaki Penengah!row20,JADUAL A14 Ind Perem Penengah!row20
A14,Industry (MSIC section),"Professional, scientific and technical activities",median_rm,2025,4705,3086,34.4,0.656,JADUAL A14 Ind Lelaki Penengah!row20,JADUAL A14 Ind Perem Penengah!row20
A14,Industry (MSIC section),Public administration and defence; compulsory social security,median_rm,2010,2076,2000,3.7,0.963,JADUAL A14 Ind Lelaki Penengah!row22,JADUAL A14 Ind Perem Penengah!row22
A14,Industry (MSIC section),Public administration and defence; compulsory social security,median_rm,2011,2200,2080,5.5,0.945,JADUAL A14 Ind Lelaki Penengah!row22,JADUAL A14 Ind Perem Penengah!row22
A14,Industry (MSIC section),Public administration and defence; compulsory social security,median_rm,2012,2300,2095,8.9,0.911,JADUAL A14 Ind Lelaki Penengah!row22,JADUAL A14 Ind Perem Penengah!row22
A14,Industry (MSIC section),Public administration and defence; compulsory social security,median_rm,2013,2548,2367,7.1,0.929,JADUAL A14 Ind Lelaki Penengah!row22,JADUAL A14 Ind Perem Penengah!row22
A14,Industry (MSIC section),Public administration and defence; compulsory social security,median_rm,2014,2875,2645,8.0,0.92,JADUAL A14 Ind Lelaki Penengah!row22,JADUAL A14 Ind Perem Penengah!row22
A14,Industry (MSIC section),Public administration and defence; compulsory social security,median_rm,2015,2901,2615,9.9,0.901,JADUAL A14 Ind Lelaki Penengah!row22,JADUAL A14 Ind Perem Penengah!row22
A14,Industry (MSIC section),Public administration and defence; compulsory social security,median_rm,2016,3065,2820,8.0,0.92,JADUAL A14 Ind Lelaki Penengah!row22,JADUAL A14 Ind Perem Penengah!row22
A14,Industry (MSIC section),Public administration and defence; compulsory social security,median_rm,2017,3165,3150,0.5,0.995,JADUAL A14 Ind Lelaki Penengah!row22,JADUAL A14 Ind Perem Penengah!row22
A14,Industry (MSIC section),Public administration and defence; compulsory social security,median_rm,2018,3413,3155,7.6,0.924,JADUAL A14 Ind Lelaki Penengah!row22,JADUAL A14 Ind Perem Penengah!row22
A14,Industry (MSIC section),Public administration and defence; compulsory social security,median_rm,2019,3748,3475,7.3,0.927,JADUAL A14 Ind Lelaki Penengah!row22,JADUAL A14 Ind Perem Penengah!row22
A14,Industry (MSIC section),Public administration and defence; compulsory social security,median_rm,2020,3860,3611,6.5,0.935,JADUAL A14 Ind Lelaki Penengah!row22,JADUAL A14 Ind Perem Penengah!row22
A14,Industry (MSIC section),Public administration and defence; compulsory social security,median_rm,2021,3923,3846,2.0,0.98,JADUAL A14 Ind Lelaki Penengah!row22,JADUAL A14 Ind Perem Penengah!row22
A14,Industry (MSIC section),Public administration and defence; compulsory social security,median_rm,2022,4130,3993,3.3,0.967,JADUAL A14 Ind Lelaki Penengah!row22,JADUAL A14 Ind Perem Penengah!row22
A14,Industry (MSIC section),Public administration and defence; compulsory social security,median_rm,2023,4365,4108,5.9,0.941,JADUAL A14 Ind Lelaki Penengah!row22,JADUAL A14 Ind Perem Penengah!row22
A14,Industry (MSIC section),Public administration and defence; compulsory social security,median_rm,2024,4527,4215,6.9,0.931,JADUAL A14 Ind Lelaki Penengah!row22,JADUAL A14 Ind Perem Penengah!row22
A14,Industry (MSIC section),Public administration and defence; compulsory social security,median_rm,2025,4708,4439,5.7,0.943,JADUAL A14 Ind Lelaki Penengah!row22,JADUAL A14 Ind Perem Penengah!row22
A14,Industry (MSIC section),Real estate activities,median_rm,2010,2950,2140,27.5,0.725,JADUAL A14 Ind Lelaki Penengah!row19,JADUAL A14 Ind Perem Penengah!row19
A14,Industry (MSIC section),Real estate activities,median_rm,2011,2500,2300,8.0,0.92,JADUAL A14 Ind Lelaki Penengah!row19,JADUAL A14 Ind Perem Penengah!row19
A14,Industry (MSIC section),Real estate activities,median_rm,2012,2800,1800,35.7,0.643,JADUAL A14 Ind Lelaki Penengah!row19,JADUAL A14 Ind Perem Penengah!row19
A14,Industry (MSIC section),Real estate activities,median_rm,2013,3000,2250,25.0,0.75,JADUAL A14 Ind Lelaki Penengah!row19,JADUAL A14 Ind Perem Penengah!row19
A14,Industry (MSIC section),Real estate activities,median_rm,2014,3000,2500,16.7,0.833,JADUAL A14 Ind Lelaki Penengah!row19,JADUAL A14 Ind Perem Penengah!row19
A14,Industry (MSIC section),Real estate activities,median_rm,2015,3200,2700,15.6,0.844,JADUAL A14 Ind Lelaki Penengah!row19,JADUAL A14 Ind Perem Penengah!row19
A14,Industry (MSIC section),Real estate activities,median_rm,2016,3500,2800,20.0,0.8,JADUAL A14 Ind Lelaki Penengah!row19,JADUAL A14 Ind Perem Penengah!row19
A14,Industry (MSIC section),Real estate activities,median_rm,2017,3500,3000,14.3,0.857,JADUAL A14 Ind Lelaki Penengah!row19,JADUAL A14 Ind Perem Penengah!row19
A14,Industry (MSIC section),Real estate activities,median_rm,2018,5169,3435,33.5,0.665,JADUAL A14 Ind Lelaki Penengah!row19,JADUAL A14 Ind Perem Penengah!row19
A14,Industry (MSIC section),Real estate activities,median_rm,2019,5443,3874,28.8,0.712,JADUAL A14 Ind Lelaki Penengah!row19,JADUAL A14 Ind Perem Penengah!row19
A14,Industry (MSIC section),Real estate activities,median_rm,2020,3126,2831,9.4,0.906,JADUAL A14 Ind Lelaki Penengah!row19,JADUAL A14 Ind Perem Penengah!row19
A14,Industry (MSIC section),Real estate activities,median_rm,2021,3451,2540,26.4,0.736,JADUAL A14 Ind Lelaki Penengah!row19,JADUAL A14 Ind Perem Penengah!row19
A14,Industry (MSIC section),Real estate activities,median_rm,2022,3478,3013,13.4,0.866,JADUAL A14 Ind Lelaki Penengah!row19,JADUAL A14 Ind Perem Penengah!row19
A14,Industry (MSIC section),Real estate activities,median_rm,2023,3586,3255,9.2,0.908,JADUAL A14 Ind Lelaki Penengah!row19,JADUAL A14 Ind Perem Penengah!row19
A14,Industry (MSIC section),Real estate activities,median_rm,2024,3663,3529,3.7,0.963,JADUAL A14 Ind Lelaki Penengah!row19,JADUAL A14 Ind Perem Penengah!row19
A14,Industry (MSIC section),Real estate activities,median_rm,2025,3785,3777,0.2,0.998,JADUAL A14 Ind Lelaki Penengah!row19,JADUAL A14 Ind Perem Penengah!row19
A14,Industry (MSIC section),Total2,median_rm,2010,1500,1498,0.1,0.999,JADUAL A14 Ind Lelaki Penengah!row7,JADUAL A14 Ind Perem Penengah!row7
A14,Industry (MSIC section),Total2,median_rm,2011,1500,1467,2.2,0.978,JADUAL A14 Ind Lelaki Penengah!row7,JADUAL A14 Ind Perem Penengah!row7
A14,Industry (MSIC section),Total2,median_rm,2012,1600,1500,6.2,0.938,JADUAL A14 Ind Lelaki Penengah!row7,JADUAL A14 Ind Perem Penengah!row7
A14,Industry (MSIC section),Total2,median_rm,2013,1800,1600,11.1,0.889,JADUAL A14 Ind Lelaki Penengah!row7,JADUAL A14 Ind Perem Penengah!row7
A14,Industry (MSIC section),Total2,median_rm,2014,1888,1700,10.0,0.9,JADUAL A14 Ind Lelaki Penengah!row7,JADUAL A14 Ind Perem Penengah!row7
A14,Industry (MSIC section),Total2,median_rm,2015,2000,1855,7.2,0.927,JADUAL A14 Ind Lelaki Penengah!row7,JADUAL A14 Ind Perem Penengah!row7
A14,Industry (MSIC section),Total2,median_rm,2016,2000,2000,0.0,1.0,JADUAL A14 Ind Lelaki Penengah!row7,JADUAL A14 Ind Perem Penengah!row7
A14,Industry (MSIC section),Total2,median_rm,2017,2170,2145,1.2,0.988,JADUAL A14 Ind Lelaki Penengah!row7,JADUAL A14 Ind Perem Penengah!row7
A14,Industry (MSIC section),Total2,median_rm,2018,2342,2227,4.9,0.951,JADUAL A14 Ind Lelaki Penengah!row7,JADUAL A14 Ind Perem Penengah!row7
A14,Industry (MSIC section),Total2,median_rm,2019,2477,2370,4.3,0.957,JADUAL A14 Ind Lelaki Penengah!row7,JADUAL A14 Ind Perem Penengah!row7
A14,Industry (MSIC section),Total2,median_rm,2020,2107,2026,3.8,0.962,JADUAL A14 Ind Lelaki Penengah!row7,JADUAL A14 Ind Perem Penengah!row7
A14,Industry (MSIC section),Total2,median_rm,2021,2323,2150,7.4,0.926,JADUAL A14 Ind Lelaki Penengah!row7,JADUAL A14 Ind Perem Penengah!row7
A14,Industry (MSIC section),Total2,median_rm,2022,2498,2305,7.7,0.923,JADUAL A14 Ind Lelaki Penengah!row7,JADUAL A14 Ind Perem Penengah!row7
A14,Industry (MSIC section),Total2,median_rm,2023,2675,2464,7.9,0.921,JADUAL A14 Ind Lelaki Penengah!row7,JADUAL A14 Ind Perem Penengah!row7
A14,Industry (MSIC section),Total2,median_rm,2024,2850,2641,7.3,0.927,JADUAL A14 Ind Lelaki Penengah!row7,JADUAL A14 Ind Perem Penengah!row7
A14,Industry (MSIC section),Total2,median_rm,2025,3014,2788,7.5,0.925,JADUAL A14 Ind Lelaki Penengah!row7,JADUAL A14 Ind Perem Penengah!row7
A14,Industry (MSIC section),Transportation and storage,median_rm,2010,1500,1500,0.0,1.0,JADUAL A14 Ind Lelaki Penengah!row15,JADUAL A14 Ind Perem Penengah!row15
A14,Industry (MSIC section),Transportation and storage,median_rm,2011,1500,1500,0.0,1.0,JADUAL A14 Ind Lelaki Penengah!row15,JADUAL A14 Ind Perem Penengah!row15
A14,Industry (MSIC section),Transportation and storage,median_rm,2012,1500,1500,0.0,1.0,JADUAL A14 Ind Lelaki Penengah!row15,JADUAL A14 Ind Perem Penengah!row15
A14,Industry (MSIC section),Transportation and storage,median_rm,2013,1800,1500,16.7,0.833,JADUAL A14 Ind Lelaki Penengah!row15,JADUAL A14 Ind Perem Penengah!row15
A14,Industry (MSIC section),Transportation and storage,median_rm,2014,1800,1700,5.6,0.944,JADUAL A14 Ind Lelaki Penengah!row15,JADUAL A14 Ind Perem Penengah!row15
A14,Industry (MSIC section),Transportation and storage,median_rm,2015,1800,1905,-5.8,1.058,JADUAL A14 Ind Lelaki Penengah!row15,JADUAL A14 Ind Perem Penengah!row15
A14,Industry (MSIC section),Transportation and storage,median_rm,2016,2000,2000,0.0,1.0,JADUAL A14 Ind Lelaki Penengah!row15,JADUAL A14 Ind Perem Penengah!row15
A14,Industry (MSIC section),Transportation and storage,median_rm,2017,2000,2160,-8.0,1.08,JADUAL A14 Ind Lelaki Penengah!row15,JADUAL A14 Ind Perem Penengah!row15
A14,Industry (MSIC section),Transportation and storage,median_rm,2018,2174,2240,-3.0,1.03,JADUAL A14 Ind Lelaki Penengah!row15,JADUAL A14 Ind Perem Penengah!row15
A14,Industry (MSIC section),Transportation and storage,median_rm,2019,2393,2444,-2.1,1.021,JADUAL A14 Ind Lelaki Penengah!row15,JADUAL A14 Ind Perem Penengah!row15
A14,Industry (MSIC section),Transportation and storage,median_rm,2020,2066,2025,2.0,0.98,JADUAL A14 Ind Lelaki Penengah!row15,JADUAL A14 Ind Perem Penengah!row15
A14,Industry (MSIC section),Transportation and storage,median_rm,2021,2053,1927,6.1,0.939,JADUAL A14 Ind Lelaki Penengah!row15,JADUAL A14 Ind Perem Penengah!row15
A14,Industry (MSIC section),Transportation and storage,median_rm,2022,2097,2106,-0.4,1.004,JADUAL A14 Ind Lelaki Penengah!row15,JADUAL A14 Ind Perem Penengah!row15
A14,Industry (MSIC section),Transportation and storage,median_rm,2023,2360,2343,0.7,0.993,JADUAL A14 Ind Lelaki Penengah!row15,JADUAL A14 Ind Perem Penengah!row15
A14,Industry (MSIC section),Transportation and storage,median_rm,2024,2775,2476,10.8,0.892,JADUAL A14 Ind Lelaki Penengah!row15,JADUAL A14 Ind Perem Penengah!row15
A14,Industry (MSIC section),Transportation and storage,median_rm,2025,2664,2661,0.1,0.999,JADUAL A14 Ind Lelaki Penengah!row15,JADUAL A14 Ind Perem Penengah!row15
A14,Industry (MSIC section),"Water supply; sewerage, waste management and remediation activities",median_rm,2010,1450,800,44.8,0.552,JADUAL A14 Ind Lelaki Penengah!row12,JADUAL A14 Ind Perem Penengah!row12
A14,Industry (MSIC section),"Water supply; sewerage, waste management and remediation activities",median_rm,2011,1500,1700,-13.3,1.133,JADUAL A14 Ind Lelaki Penengah!row12,JADUAL A14 Ind Perem Penengah!row12
A14,Industry (MSIC section),"Water supply; sewerage, waste management and remediation activities",median_rm,2012,1500,860,42.7,0.573,JADUAL A14 Ind Lelaki Penengah!row12,JADUAL A14 Ind Perem Penengah!row12
A14,Industry (MSIC section),"Water supply; sewerage, waste management and remediation activities",median_rm,2013,1475,1300,11.9,0.881,JADUAL A14 Ind Lelaki Penengah!row12,JADUAL A14 Ind Perem Penengah!row12
A14,Industry (MSIC section),"Water supply; sewerage, waste management and remediation activities",median_rm,2014,1700,1300,23.5,0.765,JADUAL A14 Ind Lelaki Penengah!row12,JADUAL A14 Ind Perem Penengah!row12
A14,Industry (MSIC section),"Water supply; sewerage, waste management and remediation activities",median_rm,2015,1700,2000,-17.6,1.176,JADUAL A14 Ind Lelaki Penengah!row12,JADUAL A14 Ind Perem Penengah!row12
A14,Industry (MSIC section),"Water supply; sewerage, waste management and remediation activities",median_rm,2016,1650,1400,15.2,0.848,JADUAL A14 Ind Lelaki Penengah!row12,JADUAL A14 Ind Perem Penengah!row12
A14,Industry (MSIC section),"Water supply; sewerage, waste management and remediation activities",median_rm,2017,1900,2145,-12.9,1.129,JADUAL A14 Ind Lelaki Penengah!row12,JADUAL A14 Ind Perem Penengah!row12
A14,Industry (MSIC section),"Water supply; sewerage, waste management and remediation activities",median_rm,2018,2211,2156,2.5,0.975,JADUAL A14 Ind Lelaki Penengah!row12,JADUAL A14 Ind Perem Penengah!row12
A14,Industry (MSIC section),"Water supply; sewerage, waste management and remediation activities",median_rm,2019,2310,2261,2.1,0.979,JADUAL A14 Ind Lelaki Penengah!row12,JADUAL A14 Ind Perem Penengah!row12
A14,Industry (MSIC section),"Water supply; sewerage, waste management and remediation activities",median_rm,2020,2110,2207,-4.6,1.046,JADUAL A14 Ind Lelaki Penengah!row12,JADUAL A14 Ind Perem Penengah!row12
A14,Industry (MSIC section),"Water supply; sewerage, waste management and remediation activities",median_rm,2021,2093,1926,8.0,0.92,JADUAL A14 Ind Lelaki Penengah!row12,JADUAL A14 Ind Perem Penengah!row12
A14,Industry (MSIC section),"Water supply; sewerage, waste management and remediation activities",median_rm,2022,2194,2152,1.9,0.981,JADUAL A14 Ind Lelaki Penengah!row12,JADUAL A14 Ind Perem Penengah!row12
A14,Industry (MSIC section),"Water supply; sewerage, waste management and remediation activities",median_rm,2023,2361,3060,-29.6,1.296,JADUAL A14 Ind Lelaki Penengah!row12,JADUAL A14 Ind Perem Penengah!row12
A14,Industry (MSIC section),"Water supply; sewerage, waste management and remediation activities",median_rm,2024,2490,3140,-26.1,1.261,JADUAL A14 Ind Lelaki Penengah!row12,JADUAL A14 Ind Perem Penengah!row12
A14,Industry (MSIC section),"Water supply; sewerage, waste management and remediation activities",median_rm,2025,2466,3322,-34.7,1.347,JADUAL A14 Ind Lelaki Penengah!row12,JADUAL A14 Ind Perem Penengah!row12
A14,Industry (MSIC section),Wholesale and retail trade; repair of motor vehicles and motorcycles,median_rm,2010,1200,980,18.3,0.817,JADUAL A14 Ind Lelaki Penengah!row14,JADUAL A14 Ind Perem Penengah!row14
A14,Industry (MSIC section),Wholesale and retail trade; repair of motor vehicles and motorcycles,median_rm,2011,1200,1000,16.7,0.833,JADUAL A14 Ind Lelaki Penengah!row14,JADUAL A14 Ind Perem Penengah!row14
A14,Industry (MSIC section),Wholesale and retail trade; repair of motor vehicles and motorcycles,median_rm,2012,1350,1000,25.9,0.741,JADUAL A14 Ind Lelaki Penengah!row14,JADUAL A14 Ind Perem Penengah!row14
A14,Industry (MSIC section),Wholesale and retail trade; repair of motor vehicles and motorcycles,median_rm,2013,1500,1100,26.7,0.733,JADUAL A14 Ind Lelaki Penengah!row14,JADUAL A14 Ind Perem Penengah!row14
A14,Industry (MSIC section),Wholesale and retail trade; repair of motor vehicles and motorcycles,median_rm,2014,1500,1200,20.0,0.8,JADUAL A14 Ind Lelaki Penengah!row14,JADUAL A14 Ind Perem Penengah!row14
A14,Industry (MSIC section),Wholesale and retail trade; repair of motor vehicles and motorcycles,median_rm,2015,1500,1200,20.0,0.8,JADUAL A14 Ind Lelaki Penengah!row14,JADUAL A14 Ind Perem Penengah!row14
A14,Industry (MSIC section),Wholesale and retail trade; repair of motor vehicles and motorcycles,median_rm,2016,1620,1400,13.6,0.864,JADUAL A14 Ind Lelaki Penengah!row14,JADUAL A14 Ind Perem Penengah!row14
A14,Industry (MSIC section),Wholesale and retail trade; repair of motor vehicles and motorcycles,median_rm,2017,1684,1600,5.0,0.95,JADUAL A14 Ind Lelaki Penengah!row14,JADUAL A14 Ind Perem Penengah!row14
A14,Industry (MSIC section),Wholesale and retail trade; repair of motor vehicles and motorcycles,median_rm,2018,1858,1540,17.1,0.829,JADUAL A14 Ind Lelaki Penengah!row14,JADUAL A14 Ind Perem Penengah!row14
A14,Industry (MSIC section),Wholesale and retail trade; repair of motor vehicles and motorcycles,median_rm,2019,1982,1711,13.7,0.863,JADUAL A14 Ind Lelaki Penengah!row14,JADUAL A14 Ind Perem Penengah!row14
A14,Industry (MSIC section),Wholesale and retail trade; repair of motor vehicles and motorcycles,median_rm,2020,1568,1487,5.2,0.948,JADUAL A14 Ind Lelaki Penengah!row14,JADUAL A14 Ind Perem Penengah!row14
A14,Industry (MSIC section),Wholesale and retail trade; repair of motor vehicles and motorcycles,median_rm,2021,1735,1541,11.2,0.888,JADUAL A14 Ind Lelaki Penengah!row14,JADUAL A14 Ind Perem Penengah!row14
A14,Industry (MSIC section),Wholesale and retail trade; repair of motor vehicles and motorcycles,median_rm,2022,1809,1548,14.4,0.856,JADUAL A14 Ind Lelaki Penengah!row14,JADUAL A14 Ind Perem Penengah!row14
A14,Industry (MSIC section),Wholesale and retail trade; repair of motor vehicles and motorcycles,median_rm,2023,2046,1693,17.3,0.827,JADUAL A14 Ind Lelaki Penengah!row14,JADUAL A14 Ind Perem Penengah!row14
A14,Industry (MSIC section),Wholesale and retail trade; repair of motor vehicles and motorcycles,median_rm,2024,2284,1859,18.6,0.814,JADUAL A14 Ind Lelaki Penengah!row14,JADUAL A14 Ind Perem Penengah!row14
A14,Industry (MSIC section),Wholesale and retail trade; repair of motor vehicles and motorcycles,median_rm,2025,2255,2003,11.2,0.888,JADUAL A14 Ind Lelaki Penengah!row14,JADUAL A14 Ind Perem Penengah!row14
A16,Sector,Agriculture,mean_rm,2010,1219,927,24.0,0.76,JADUAL A16 Sektor Lelaki!row19,JADUAL A16 Sektor Perempuan!row19
A16,Sector,Agriculture,mean_rm,2011,1235,963,22.0,0.78,JADUAL A16 Sektor Lelaki!row19,JADUAL A16 Sektor Perempuan!row19
A16,Sector,Agriculture,mean_rm,2012,1267,1068,15.7,0.843,JADUAL A16 Sektor Lelaki!row19,JADUAL A16 Sektor Perempuan!row19
A16,Sector,Agriculture,mean_rm,2013,1205,1268,-5.2,1.052,JADUAL A16 Sektor Lelaki!row19,JADUAL A16 Sektor Perempuan!row19
A16,Sector,Agriculture,mean_rm,2014,1463,984,32.7,0.673,JADUAL A16 Sektor Lelaki!row19,JADUAL A16 Sektor Perempuan!row19
A16,Sector,Agriculture,mean_rm,2015,1646,1125,31.7,0.683,JADUAL A16 Sektor Lelaki!row19,JADUAL A16 Sektor Perempuan!row19
A16,Sector,Agriculture,mean_rm,2016,1800,1401,22.2,0.778,JADUAL A16 Sektor Lelaki!row19,JADUAL A16 Sektor Perempuan!row19
A16,Sector,Agriculture,mean_rm,2017,1917,1475,23.1,0.769,JADUAL A16 Sektor Lelaki!row19,JADUAL A16 Sektor Perempuan!row19
A16,Sector,Agriculture,mean_rm,2018,1958,1486,24.1,0.759,JADUAL A16 Sektor Lelaki!row19,JADUAL A16 Sektor Perempuan!row19
A16,Sector,Agriculture,mean_rm,2019,2088,1638,21.6,0.784,JADUAL A16 Sektor Lelaki!row19,JADUAL A16 Sektor Perempuan!row19
A16,Sector,Agriculture,mean_rm,2020,1638,1561,4.7,0.953,JADUAL A16 Sektor Lelaki!row19,JADUAL A16 Sektor Perempuan!row19
A16,Sector,Agriculture,mean_rm,2021,1773,1834,-3.4,1.034,JADUAL A16 Sektor Lelaki!row19,JADUAL A16 Sektor Perempuan!row19
A16,Sector,Agriculture,mean_rm,2022,1954,1926,1.4,0.986,JADUAL A16 Sektor Lelaki!row19,JADUAL A16 Sektor Perempuan!row19
A16,Sector,Agriculture,mean_rm,2023,2248,2048,8.9,0.911,JADUAL A16 Sektor Lelaki!row19,JADUAL A16 Sektor Perempuan!row19
A16,Sector,Agriculture,mean_rm,2024,2482,2151,13.3,0.867,JADUAL A16 Sektor Lelaki!row19,JADUAL A16 Sektor Perempuan!row19
A16,Sector,Agriculture,mean_rm,2025,2662,2268,14.8,0.852,JADUAL A16 Sektor Lelaki!row19,JADUAL A16 Sektor Perempuan!row19
A16,Sector,Construction,mean_rm,2010,1587,2025,-27.6,1.276,JADUAL A16 Sektor Lelaki!row22,JADUAL A16 Sektor Perempuan!row22
A16,Sector,Construction,mean_rm,2011,1729,2005,-16.0,1.16,JADUAL A16 Sektor Lelaki!row22,JADUAL A16 Sektor Perempuan!row22
A16,Sector,Construction,mean_rm,2012,1787,1971,-10.3,1.103,JADUAL A16 Sektor Lelaki!row22,JADUAL A16 Sektor Perempuan!row22
A16,Sector,Construction,mean_rm,2013,1886,2050,-8.7,1.087,JADUAL A16 Sektor Lelaki!row22,JADUAL A16 Sektor Perempuan!row22
A16,Sector,Construction,mean_rm,2014,1999,2182,-9.2,1.092,JADUAL A16 Sektor Lelaki!row22,JADUAL A16 Sektor Perempuan!row22
A16,Sector,Construction,mean_rm,2015,2079,2438,-17.3,1.173,JADUAL A16 Sektor Lelaki!row22,JADUAL A16 Sektor Perempuan!row22
A16,Sector,Construction,mean_rm,2016,2236,2122,5.1,0.949,JADUAL A16 Sektor Lelaki!row22,JADUAL A16 Sektor Perempuan!row22
A16,Sector,Construction,mean_rm,2017,2558,2752,-7.6,1.076,JADUAL A16 Sektor Lelaki!row22,JADUAL A16 Sektor Perempuan!row22
A16,Sector,Construction,mean_rm,2018,2756,3158,-14.6,1.146,JADUAL A16 Sektor Lelaki!row22,JADUAL A16 Sektor Perempuan!row22
A16,Sector,Construction,mean_rm,2019,2807,3115,-11.0,1.11,JADUAL A16 Sektor Lelaki!row22,JADUAL A16 Sektor Perempuan!row22
A16,Sector,Construction,mean_rm,2020,2538,2821,-11.2,1.112,JADUAL A16 Sektor Lelaki!row22,JADUAL A16 Sektor Perempuan!row22
A16,Sector,Construction,mean_rm,2021,2381,2647,-11.2,1.112,JADUAL A16 Sektor Lelaki!row22,JADUAL A16 Sektor Perempuan!row22
A16,Sector,Construction,mean_rm,2022,2581,2776,-7.6,1.076,JADUAL A16 Sektor Lelaki!row22,JADUAL A16 Sektor Perempuan!row22
A16,Sector,Construction,mean_rm,2023,2864,3084,-7.7,1.077,JADUAL A16 Sektor Lelaki!row22,JADUAL A16 Sektor Perempuan!row22
A16,Sector,Construction,mean_rm,2024,2963,3359,-13.4,1.134,JADUAL A16 Sektor Lelaki!row22,JADUAL A16 Sektor Perempuan!row22
A16,Sector,Construction,mean_rm,2025,3103,3578,-15.3,1.153,JADUAL A16 Sektor Lelaki!row22,JADUAL A16 Sektor Perempuan!row22
A16,Sector,Manufacturing,mean_rm,2010,1900,1322,30.4,0.696,JADUAL A16 Sektor Lelaki!row21,JADUAL A16 Sektor Perempuan!row21
A16,Sector,Manufacturing,mean_rm,2011,1921,1346,29.9,0.701,JADUAL A16 Sektor Lelaki!row21,JADUAL A16 Sektor Perempuan!row21
A16,Sector,Manufacturing,mean_rm,2012,2125,1445,32.0,0.68,JADUAL A16 Sektor Lelaki!row21,JADUAL A16 Sektor Perempuan!row21
A16,Sector,Manufacturing,mean_rm,2013,2217,1537,30.7,0.693,JADUAL A16 Sektor Lelaki!row21,JADUAL A16 Sektor Perempuan!row21
A16,Sector,Manufacturing,mean_rm,2014,2396,1720,28.2,0.718,JADUAL A16 Sektor Lelaki!row21,JADUAL A16 Sektor Perempuan!row21
A16,Sector,Manufacturing,mean_rm,2015,2414,1769,26.7,0.733,JADUAL A16 Sektor Lelaki!row21,JADUAL A16 Sektor Perempuan!row21
A16,Sector,Manufacturing,mean_rm,2016,2623,1876,28.5,0.715,JADUAL A16 Sektor Lelaki!row21,JADUAL A16 Sektor Perempuan!row21
A16,Sector,Manufacturing,mean_rm,2017,2676,2036,23.9,0.761,JADUAL A16 Sektor Lelaki!row21,JADUAL A16 Sektor Perempuan!row21
A16,Sector,Manufacturing,mean_rm,2018,2839,2091,26.3,0.737,JADUAL A16 Sektor Lelaki!row21,JADUAL A16 Sektor Perempuan!row21
A16,Sector,Manufacturing,mean_rm,2019,2904,2136,26.4,0.736,JADUAL A16 Sektor Lelaki!row21,JADUAL A16 Sektor Perempuan!row21
A16,Sector,Manufacturing,mean_rm,2020,2775,2223,19.9,0.801,JADUAL A16 Sektor Lelaki!row21,JADUAL A16 Sektor Perempuan!row21
A16,Sector,Manufacturing,mean_rm,2021,2781,2400,13.7,0.863,JADUAL A16 Sektor Lelaki!row21,JADUAL A16 Sektor Perempuan!row21
A16,Sector,Manufacturing,mean_rm,2022,3033,2551,15.9,0.841,JADUAL A16 Sektor Lelaki!row21,JADUAL A16 Sektor Perempuan!row21
A16,Sector,Manufacturing,mean_rm,2023,3267,2709,17.1,0.829,JADUAL A16 Sektor Lelaki!row21,JADUAL A16 Sektor Perempuan!row21
A16,Sector,Manufacturing,mean_rm,2024,3596,2771,22.9,0.771,JADUAL A16 Sektor Lelaki!row21,JADUAL A16 Sektor Perempuan!row21
A16,Sector,Manufacturing,mean_rm,2025,3706,2804,24.3,0.757,JADUAL A16 Sektor Lelaki!row21,JADUAL A16 Sektor Perempuan!row21
A16,Sector,Mining and quarrying,mean_rm,2010,3592,3345,6.9,0.931,JADUAL A16 Sektor Lelaki!row20,JADUAL A16 Sektor Perempuan!row20
A16,Sector,Mining and quarrying,mean_rm,2011,3361,4280,-27.3,1.273,JADUAL A16 Sektor Lelaki!row20,JADUAL A16 Sektor Perempuan!row20
A16,Sector,Mining and quarrying,mean_rm,2012,3524,3159,10.4,0.896,JADUAL A16 Sektor Lelaki!row20,JADUAL A16 Sektor Perempuan!row20
A16,Sector,Mining and quarrying,mean_rm,2013,3562,3546,0.4,0.996,JADUAL A16 Sektor Lelaki!row20,JADUAL A16 Sektor Perempuan!row20
A16,Sector,Mining and quarrying,mean_rm,2014,5228,4357,16.7,0.833,JADUAL A16 Sektor Lelaki!row20,JADUAL A16 Sektor Perempuan!row20
A16,Sector,Mining and quarrying,mean_rm,2015,4376,3773,13.8,0.862,JADUAL A16 Sektor Lelaki!row20,JADUAL A16 Sektor Perempuan!row20
A16,Sector,Mining and quarrying,mean_rm,2016,5075,4506,11.2,0.888,JADUAL A16 Sektor Lelaki!row20,JADUAL A16 Sektor Perempuan!row20
A16,Sector,Mining and quarrying,mean_rm,2017,5892,4969,15.7,0.843,JADUAL A16 Sektor Lelaki!row20,JADUAL A16 Sektor Perempuan!row20
A16,Sector,Mining and quarrying,mean_rm,2018,6076,5795,4.6,0.954,JADUAL A16 Sektor Lelaki!row20,JADUAL A16 Sektor Perempuan!row20
A16,Sector,Mining and quarrying,mean_rm,2019,6127,6260,-2.2,1.022,JADUAL A16 Sektor Lelaki!row20,JADUAL A16 Sektor Perempuan!row20
A16,Sector,Mining and quarrying,mean_rm,2020,5231,4220,19.3,0.807,JADUAL A16 Sektor Lelaki!row20,JADUAL A16 Sektor Perempuan!row20
A16,Sector,Mining and quarrying,mean_rm,2021,5210,4350,16.5,0.835,JADUAL A16 Sektor Lelaki!row20,JADUAL A16 Sektor Perempuan!row20
A16,Sector,Mining and quarrying,mean_rm,2022,5644,4543,19.5,0.805,JADUAL A16 Sektor Lelaki!row20,JADUAL A16 Sektor Perempuan!row20
A16,Sector,Mining and quarrying,mean_rm,2023,5871,4973,15.3,0.847,JADUAL A16 Sektor Lelaki!row20,JADUAL A16 Sektor Perempuan!row20
A16,Sector,Mining and quarrying,mean_rm,2024,6134,5285,13.8,0.862,JADUAL A16 Sektor Lelaki!row20,JADUAL A16 Sektor Perempuan!row20
A16,Sector,Mining and quarrying,mean_rm,2025,6318,5788,8.4,0.916,JADUAL A16 Sektor Lelaki!row20,JADUAL A16 Sektor Perempuan!row20
A16,Sector,Services,mean_rm,2010,2140,1962,8.3,0.917,JADUAL A16 Sektor Lelaki!row23,JADUAL A16 Sektor Perempuan!row23
A16,Sector,Services,mean_rm,2011,2149,1961,8.7,0.913,JADUAL A16 Sektor Lelaki!row23,JADUAL A16 Sektor Perempuan!row23
A16,Sector,Services,mean_rm,2012,2209,2058,6.8,0.932,JADUAL A16 Sektor Lelaki!row23,JADUAL A16 Sektor Perempuan!row23
A16,Sector,Services,mean_rm,2013,2382,2200,7.6,0.924,JADUAL A16 Sektor Lelaki!row23,JADUAL A16 Sektor Perempuan!row23
A16,Sector,Services,mean_rm,2014,2569,2396,6.7,0.933,JADUAL A16 Sektor Lelaki!row23,JADUAL A16 Sektor Perempuan!row23
A16,Sector,Services,mean_rm,2015,2698,2519,6.6,0.934,JADUAL A16 Sektor Lelaki!row23,JADUAL A16 Sektor Perempuan!row23
A16,Sector,Services,mean_rm,2016,2864,2687,6.2,0.938,JADUAL A16 Sektor Lelaki!row23,JADUAL A16 Sektor Perempuan!row23
A16,Sector,Services,mean_rm,2017,3102,2939,5.3,0.947,JADUAL A16 Sektor Lelaki!row23,JADUAL A16 Sektor Perempuan!row23
A16,Sector,Services,mean_rm,2018,3350,3136,6.4,0.936,JADUAL A16 Sektor Lelaki!row23,JADUAL A16 Sektor Perempuan!row23
A16,Sector,Services,mean_rm,2019,3513,3321,5.5,0.945,JADUAL A16 Sektor Lelaki!row23,JADUAL A16 Sektor Perempuan!row23
A16,Sector,Services,mean_rm,2020,3206,3032,5.4,0.946,JADUAL A16 Sektor Lelaki!row23,JADUAL A16 Sektor Perempuan!row23
A16,Sector,Services,mean_rm,2021,3375,3113,7.8,0.922,JADUAL A16 Sektor Lelaki!row23,JADUAL A16 Sektor Perempuan!row23
A16,Sector,Services,mean_rm,2022,3502,3281,6.3,0.937,JADUAL A16 Sektor Lelaki!row23,JADUAL A16 Sektor Perempuan!row23
A16,Sector,Services,mean_rm,2023,3738,3473,7.1,0.929,JADUAL A16 Sektor Lelaki!row23,JADUAL A16 Sektor Perempuan!row23
A16,Sector,Services,mean_rm,2024,3947,3687,6.6,0.934,JADUAL A16 Sektor Lelaki!row23,JADUAL A16 Sektor Perempuan!row23
A16,Sector,Services,mean_rm,2025,4121,3837,6.9,0.931,JADUAL A16 Sektor Lelaki!row23,JADUAL A16 Sektor Perempuan!row23
A16,Sector,Total,mean_rm,2010,2003,1825,8.9,0.911,JADUAL A16 Sektor Lelaki!row18,JADUAL A16 Sektor Perempuan!row18
A16,Sector,Total,mean_rm,2011,2035,1838,9.7,0.903,JADUAL A16 Sektor Lelaki!row18,JADUAL A16 Sektor Perempuan!row18
A16,Sector,Total,mean_rm,2012,2126,1935,9.0,0.91,JADUAL A16 Sektor Lelaki!row18,JADUAL A16 Sektor Perempuan!row18
A16,Sector,Total,mean_rm,2013,2259,2072,8.3,0.917,JADUAL A16 Sektor Lelaki!row18,JADUAL A16 Sektor Perempuan!row18
A16,Sector,Total,mean_rm,2014,2455,2259,8.0,0.92,JADUAL A16 Sektor Lelaki!row18,JADUAL A16 Sektor Perempuan!row18
A16,Sector,Total,mean_rm,2015,2558,2380,7.0,0.93,JADUAL A16 Sektor Lelaki!row18,JADUAL A16 Sektor Perempuan!row18
A16,Sector,Total,mean_rm,2016,2741,2532,7.6,0.924,JADUAL A16 Sektor Lelaki!row18,JADUAL A16 Sektor Perempuan!row18
A16,Sector,Total,mean_rm,2017,2953,2772,6.1,0.939,JADUAL A16 Sektor Lelaki!row18,JADUAL A16 Sektor Perempuan!row18
A16,Sector,Total,mean_rm,2018,3174,2959,6.8,0.932,JADUAL A16 Sektor Lelaki!row18,JADUAL A16 Sektor Perempuan!row18
A16,Sector,Total,mean_rm,2019,3304,3108,5.9,0.941,JADUAL A16 Sektor Lelaki!row18,JADUAL A16 Sektor Perempuan!row18
A16,Sector,Total,mean_rm,2020,3011,2872,4.6,0.954,JADUAL A16 Sektor Lelaki!row18,JADUAL A16 Sektor Perempuan!row18
A16,Sector,Total,mean_rm,2021,3114,2955,5.1,0.949,JADUAL A16 Sektor Lelaki!row18,JADUAL A16 Sektor Perempuan!row18
A16,Sector,Total,mean_rm,2022,3288,3119,5.1,0.949,JADUAL A16 Sektor Lelaki!row18,JADUAL A16 Sektor Perempuan!row18
A16,Sector,Total,mean_rm,2023,3532,3311,6.3,0.937,JADUAL A16 Sektor Lelaki!row18,JADUAL A16 Sektor Perempuan!row18
A16,Sector,Total,mean_rm,2024,3759,3499,6.9,0.931,JADUAL A16 Sektor Lelaki!row18,JADUAL A16 Sektor Perempuan!row18
A16,Sector,Total,mean_rm,2025,3921,3635,7.3,0.927,JADUAL A16 Sektor Lelaki!row18,JADUAL A16 Sektor Perempuan!row18
A16,Sector,Agriculture,median_rm,2010,800,598,25.2,0.748,JADUAL A16 Sektor Lelaki!row13,JADUAL A16 Sektor Perempuan!row13
A16,Sector,Agriculture,median_rm,2011,850,630,25.9,0.741,JADUAL A16 Sektor Lelaki!row13,JADUAL A16 Sektor Perempuan!row13
A16,Sector,Agriculture,median_rm,2012,910,700,23.1,0.769,JADUAL A16 Sektor Lelaki!row13,JADUAL A16 Sektor Perempuan!row13
A16,Sector,Agriculture,median_rm,2013,960,800,16.7,0.833,JADUAL A16 Sektor Lelaki!row13,JADUAL A16 Sektor Perempuan!row13
A16,Sector,Agriculture,median_rm,2014,1150,848,26.3,0.737,JADUAL A16 Sektor Lelaki!row13,JADUAL A16 Sektor Perempuan!row13
A16,Sector,Agriculture,median_rm,2015,1200,946,21.2,0.788,JADUAL A16 Sektor Lelaki!row13,JADUAL A16 Sektor Perempuan!row13
A16,Sector,Agriculture,median_rm,2016,1300,1200,7.7,0.923,JADUAL A16 Sektor Lelaki!row13,JADUAL A16 Sektor Perempuan!row13
A16,Sector,Agriculture,median_rm,2017,1400,1250,10.7,0.893,JADUAL A16 Sektor Lelaki!row13,JADUAL A16 Sektor Perempuan!row13
A16,Sector,Agriculture,median_rm,2018,1462,1113,23.9,0.761,JADUAL A16 Sektor Lelaki!row13,JADUAL A16 Sektor Perempuan!row13
A16,Sector,Agriculture,median_rm,2019,1560,1265,18.9,0.811,JADUAL A16 Sektor Lelaki!row13,JADUAL A16 Sektor Perempuan!row13
A16,Sector,Agriculture,median_rm,2020,1326,1217,8.2,0.918,JADUAL A16 Sektor Lelaki!row13,JADUAL A16 Sektor Perempuan!row13
A16,Sector,Agriculture,median_rm,2021,1490,1556,-4.4,1.044,JADUAL A16 Sektor Lelaki!row13,JADUAL A16 Sektor Perempuan!row13
A16,Sector,Agriculture,median_rm,2022,1555,1249,19.7,0.803,JADUAL A16 Sektor Lelaki!row13,JADUAL A16 Sektor Perempuan!row13
A16,Sector,Agriculture,median_rm,2023,1650,1270,23.0,0.77,JADUAL A16 Sektor Lelaki!row13,JADUAL A16 Sektor Perempuan!row13
A16,Sector,Agriculture,median_rm,2024,1698,1333,21.5,0.785,JADUAL A16 Sektor Lelaki!row13,JADUAL A16 Sektor Perempuan!row13
A16,Sector,Agriculture,median_rm,2025,1853,1596,13.9,0.861,JADUAL A16 Sektor Lelaki!row13,JADUAL A16 Sektor Perempuan!row13
A16,Sector,Construction,median_rm,2010,1200,1600,-33.3,1.333,JADUAL A16 Sektor Lelaki!row16,JADUAL A16 Sektor Perempuan!row16
A16,Sector,Construction,median_rm,2011,1250,1500,-20.0,1.2,JADUAL A16 Sektor Lelaki!row16,JADUAL A16 Sektor Perempuan!row16
A16,Sector,Construction,median_rm,2012,1200,1600,-33.3,1.333,JADUAL A16 Sektor Lelaki!row16,JADUAL A16 Sektor Perempuan!row16
A16,Sector,Construction,median_rm,2013,1400,1600,-14.3,1.143,JADUAL A16 Sektor Lelaki!row16,JADUAL A16 Sektor Perempuan!row16
A16,Sector,Construction,median_rm,2014,1500,1800,-20.0,1.2,JADUAL A16 Sektor Lelaki!row16,JADUAL A16 Sektor Perempuan!row16
A16,Sector,Construction,median_rm,2015,1500,2000,-33.3,1.333,JADUAL A16 Sektor Lelaki!row16,JADUAL A16 Sektor Perempuan!row16
A16,Sector,Construction,median_rm,2016,1630,2000,-22.7,1.227,JADUAL A16 Sektor Lelaki!row16,JADUAL A16 Sektor Perempuan!row16
A16,Sector,Construction,median_rm,2017,1800,2300,-27.8,1.278,JADUAL A16 Sektor Lelaki!row16,JADUAL A16 Sektor Perempuan!row16
A16,Sector,Construction,median_rm,2018,2093.2991004184587,2403,-14.8,1.148,JADUAL A16 Sektor Lelaki!row16,JADUAL A16 Sektor Perempuan!row16
A16,Sector,Construction,median_rm,2019,2070,2488,-20.2,1.202,JADUAL A16 Sektor Lelaki!row16,JADUAL A16 Sektor Perempuan!row16
A16,Sector,Construction,median_rm,2020,1851,2204,-19.1,1.191,JADUAL A16 Sektor Lelaki!row16,JADUAL A16 Sektor Perempuan!row16
A16,Sector,Construction,median_rm,2021,1741,2150,-23.5,1.235,JADUAL A16 Sektor Lelaki!row16,JADUAL A16 Sektor Perempuan!row16
A16,Sector,Construction,median_rm,2022,1788,2189,-22.4,1.224,JADUAL A16 Sektor Lelaki!row16,JADUAL A16 Sektor Perempuan!row16
A16,Sector,Construction,median_rm,2023,1845,2320,-25.7,1.257,JADUAL A16 Sektor Lelaki!row16,JADUAL A16 Sektor Perempuan!row16
A16,Sector,Construction,median_rm,2024,1916,2476,-29.2,1.292,JADUAL A16 Sektor Lelaki!row16,JADUAL A16 Sektor Perempuan!row16
A16,Sector,Construction,median_rm,2025,2173,2707,-24.6,1.246,JADUAL A16 Sektor Lelaki!row16,JADUAL A16 Sektor Perempuan!row16
A16,Sector,Manufacturing,median_rm,2010,1500,1000,33.3,0.667,JADUAL A16 Sektor Lelaki!row15,JADUAL A16 Sektor Perempuan!row15
A16,Sector,Manufacturing,median_rm,2011,1500,1090,27.3,0.727,JADUAL A16 Sektor Lelaki!row15,JADUAL A16 Sektor Perempuan!row15
A16,Sector,Manufacturing,median_rm,2012,1600,1100,31.2,0.688,JADUAL A16 Sektor Lelaki!row15,JADUAL A16 Sektor Perempuan!row15
A16,Sector,Manufacturing,median_rm,2013,1800,1200,33.3,0.667,JADUAL A16 Sektor Lelaki!row15,JADUAL A16 Sektor Perempuan!row15
A16,Sector,Manufacturing,median_rm,2014,1900,1400,26.3,0.737,JADUAL A16 Sektor Lelaki!row15,JADUAL A16 Sektor Perempuan!row15
A16,Sector,Manufacturing,median_rm,2015,1960,1310,33.2,0.668,JADUAL A16 Sektor Lelaki!row15,JADUAL A16 Sektor Perempuan!row15
A16,Sector,Manufacturing,median_rm,2016,2000,1500,25.0,0.75,JADUAL A16 Sektor Lelaki!row15,JADUAL A16 Sektor Perempuan!row15
A16,Sector,Manufacturing,median_rm,2017,2170,1600,26.3,0.737,JADUAL A16 Sektor Lelaki!row15,JADUAL A16 Sektor Perempuan!row15
A16,Sector,Manufacturing,median_rm,2018,2254,1626,27.9,0.721,JADUAL A16 Sektor Lelaki!row15,JADUAL A16 Sektor Perempuan!row15
A16,Sector,Manufacturing,median_rm,2019,2185,1672,23.5,0.765,JADUAL A16 Sektor Lelaki!row15,JADUAL A16 Sektor Perempuan!row15
A16,Sector,Manufacturing,median_rm,2020,2076,1628,21.6,0.784,JADUAL A16 Sektor Lelaki!row15,JADUAL A16 Sektor Perempuan!row15
A16,Sector,Manufacturing,median_rm,2021,2121,1926,9.2,0.908,JADUAL A16 Sektor Lelaki!row15,JADUAL A16 Sektor Perempuan!row15
A16,Sector,Manufacturing,median_rm,2022,2314,1809,21.8,0.782,JADUAL A16 Sektor Lelaki!row15,JADUAL A16 Sektor Perempuan!row15
A16,Sector,Manufacturing,median_rm,2023,2449,2045,16.5,0.835,JADUAL A16 Sektor Lelaki!row15,JADUAL A16 Sektor Perempuan!row15
A16,Sector,Manufacturing,median_rm,2024,2775,2046,26.3,0.737,JADUAL A16 Sektor Lelaki!row15,JADUAL A16 Sektor Perempuan!row15
A16,Sector,Manufacturing,median_rm,2025,3061,2151,29.7,0.703,JADUAL A16 Sektor Lelaki!row15,JADUAL A16 Sektor Perempuan!row15
A16,Sector,Mining and quarrying,median_rm,2010,2500,3500,-40.0,1.4,JADUAL A16 Sektor Lelaki!row14,JADUAL A16 Sektor Perempuan!row14
A16,Sector,Mining and quarrying,median_rm,2011,2070,3900,-88.4,1.884,JADUAL A16 Sektor Lelaki!row14,JADUAL A16 Sektor Perempuan!row14
A16,Sector,Mining and quarrying,median_rm,2012,2500,2800,-12.0,1.12,JADUAL A16 Sektor Lelaki!row14,JADUAL A16 Sektor Perempuan!row14
A16,Sector,Mining and quarrying,median_rm,2013,2800,3000,-7.1,1.071,JADUAL A16 Sektor Lelaki!row14,JADUAL A16 Sektor Perempuan!row14
A16,Sector,Mining and quarrying,median_rm,2014,3500,2900,17.1,0.829,JADUAL A16 Sektor Lelaki!row14,JADUAL A16 Sektor Perempuan!row14
A16,Sector,Mining and quarrying,median_rm,2015,3600,3600,0.0,1.0,JADUAL A16 Sektor Lelaki!row14,JADUAL A16 Sektor Perempuan!row14
A16,Sector,Mining and quarrying,median_rm,2016,3690,3600,2.4,0.976,JADUAL A16 Sektor Lelaki!row14,JADUAL A16 Sektor Perempuan!row14
A16,Sector,Mining and quarrying,median_rm,2017,3700,3650,1.4,0.986,JADUAL A16 Sektor Lelaki!row14,JADUAL A16 Sektor Perempuan!row14
A16,Sector,Mining and quarrying,median_rm,2018,3781,3375,10.7,0.893,JADUAL A16 Sektor Lelaki!row14,JADUAL A16 Sektor Perempuan!row14
A16,Sector,Mining and quarrying,median_rm,2019,3968,5133,-29.4,1.294,JADUAL A16 Sektor Lelaki!row14,JADUAL A16 Sektor Perempuan!row14
A16,Sector,Mining and quarrying,median_rm,2020,3236,3636,-12.4,1.124,JADUAL A16 Sektor Lelaki!row14,JADUAL A16 Sektor Perempuan!row14
A16,Sector,Mining and quarrying,median_rm,2021,4014,3765,6.2,0.938,JADUAL A16 Sektor Lelaki!row14,JADUAL A16 Sektor Perempuan!row14
A16,Sector,Mining and quarrying,median_rm,2022,4237,3876,8.5,0.915,JADUAL A16 Sektor Lelaki!row14,JADUAL A16 Sektor Perempuan!row14
A16,Sector,Mining and quarrying,median_rm,2023,4482,4295,4.2,0.958,JADUAL A16 Sektor Lelaki!row14,JADUAL A16 Sektor Perempuan!row14
A16,Sector,Mining and quarrying,median_rm,2024,4746,4450,6.2,0.938,JADUAL A16 Sektor Lelaki!row14,JADUAL A16 Sektor Perempuan!row14
A16,Sector,Mining and quarrying,median_rm,2025,4885,4604,5.8,0.942,JADUAL A16 Sektor Lelaki!row14,JADUAL A16 Sektor Perempuan!row14
A16,Sector,Services,median_rm,2010,1682,1580,6.1,0.939,JADUAL A16 Sektor Lelaki!row17,JADUAL A16 Sektor Perempuan!row17
A16,Sector,Services,median_rm,2011,1675,1560,6.9,0.931,JADUAL A16 Sektor Lelaki!row17,JADUAL A16 Sektor Perempuan!row17
A16,Sector,Services,median_rm,2012,1767,1695,4.1,0.959,JADUAL A16 Sektor Lelaki!row17,JADUAL A16 Sektor Perempuan!row17
A16,Sector,Services,median_rm,2013,1900,1800,5.3,0.947,JADUAL A16 Sektor Lelaki!row17,JADUAL A16 Sektor Perempuan!row17
A16,Sector,Services,median_rm,2014,2000,1895,5.2,0.948,JADUAL A16 Sektor Lelaki!row17,JADUAL A16 Sektor Perempuan!row17
A16,Sector,Services,median_rm,2015,2060,2000,2.9,0.971,JADUAL A16 Sektor Lelaki!row17,JADUAL A16 Sektor Perempuan!row17
A16,Sector,Services,median_rm,2016,2200,2050,6.8,0.932,JADUAL A16 Sektor Lelaki!row17,JADUAL A16 Sektor Perempuan!row17
A16,Sector,Services,median_rm,2017,2300,2260,1.7,0.983,JADUAL A16 Sektor Lelaki!row17,JADUAL A16 Sektor Perempuan!row17
A16,Sector,Services,median_rm,2018,2457,2388,2.8,0.972,JADUAL A16 Sektor Lelaki!row17,JADUAL A16 Sektor Perempuan!row17
A16,Sector,Services,median_rm,2019,2712,2645,2.5,0.975,JADUAL A16 Sektor Lelaki!row17,JADUAL A16 Sektor Perempuan!row17
A16,Sector,Services,median_rm,2020,2276,2170,4.7,0.953,JADUAL A16 Sektor Lelaki!row17,JADUAL A16 Sektor Perempuan!row17
A16,Sector,Services,median_rm,2021,2484,2376,4.3,0.957,JADUAL A16 Sektor Lelaki!row17,JADUAL A16 Sektor Perempuan!row17
A16,Sector,Services,median_rm,2022,2655,2429,8.5,0.915,JADUAL A16 Sektor Lelaki!row17,JADUAL A16 Sektor Perempuan!row17
A16,Sector,Services,median_rm,2023,2811,2704,3.8,0.962,JADUAL A16 Sektor Lelaki!row17,JADUAL A16 Sektor Perempuan!row17
A16,Sector,Services,median_rm,2024,2912,2894,0.6,0.994,JADUAL A16 Sektor Lelaki!row17,JADUAL A16 Sektor Perempuan!row17
A16,Sector,Services,median_rm,2025,3268,2950,9.7,0.903,JADUAL A16 Sektor Lelaki!row17,JADUAL A16 Sektor Perempuan!row17
A16,Sector,Total,median_rm,2010,1500,1498,0.1,0.999,JADUAL A16 Sektor Lelaki!row12,JADUAL A16 Sektor Perempuan!row12
A16,Sector,Total,median_rm,2011,1500,1467,2.2,0.978,JADUAL A16 Sektor Lelaki!row12,JADUAL A16 Sektor Perempuan!row12
A16,Sector,Total,median_rm,2012,1600,1500,6.2,0.938,JADUAL A16 Sektor Lelaki!row12,JADUAL A16 Sektor Perempuan!row12
A16,Sector,Total,median_rm,2013,1800,1600,11.1,0.889,JADUAL A16 Sektor Lelaki!row12,JADUAL A16 Sektor Perempuan!row12
A16,Sector,Total,median_rm,2014,1888,1700,10.0,0.9,JADUAL A16 Sektor Lelaki!row12,JADUAL A16 Sektor Perempuan!row12
A16,Sector,Total,median_rm,2015,2000,1855,7.2,0.927,JADUAL A16 Sektor Lelaki!row12,JADUAL A16 Sektor Perempuan!row12
A16,Sector,Total,median_rm,2016,2000,2000,0.0,1.0,JADUAL A16 Sektor Lelaki!row12,JADUAL A16 Sektor Perempuan!row12
A16,Sector,Total,median_rm,2017,2170,2145,1.2,0.988,JADUAL A16 Sektor Lelaki!row12,JADUAL A16 Sektor Perempuan!row12
A16,Sector,Total,median_rm,2018,2342,2227,4.9,0.951,JADUAL A16 Sektor Lelaki!row12,JADUAL A16 Sektor Perempuan!row12
A16,Sector,Total,median_rm,2019,2477,2370,4.3,0.957,JADUAL A16 Sektor Lelaki!row12,JADUAL A16 Sektor Perempuan!row12
A16,Sector,Total,median_rm,2020,2107,2026,3.8,0.962,JADUAL A16 Sektor Lelaki!row12,JADUAL A16 Sektor Perempuan!row12
A16,Sector,Total,median_rm,2021,2323,2150,7.4,0.926,JADUAL A16 Sektor Lelaki!row12,JADUAL A16 Sektor Perempuan!row12
A16,Sector,Total,median_rm,2022,2498,2305,7.7,0.923,JADUAL A16 Sektor Lelaki!row12,JADUAL A16 Sektor Perempuan!row12
A16,Sector,Total,median_rm,2023,2675,2464,7.9,0.921,JADUAL A16 Sektor Lelaki!row12,JADUAL A16 Sektor Perempuan!row12
A16,Sector,Total,median_rm,2024,2850,2641,7.3,0.927,JADUAL A16 Sektor Lelaki!row12,JADUAL A16 Sektor Perempuan!row12
A16,Sector,Total,median_rm,2025,3014,2788,7.5,0.925,JADUAL A16 Sektor Lelaki!row12,JADUAL A16 Sektor Perempuan!row12
A2,Age group,15-19,mean_rm,2010,726,690,5.0,0.95,JADUAL A2 Umur Lelaki!row29,JADUAL A2 Umur Perempuan!row29
A2,Age group,15-19,mean_rm,2011,774,749,3.2,0.968,JADUAL A2 Umur Lelaki!row29,JADUAL A2 Umur Perempuan!row29
A2,Age group,15-19,mean_rm,2012,788,755,4.2,0.958,JADUAL A2 Umur Lelaki!row29,JADUAL A2 Umur Perempuan!row29
A2,Age group,15-19,mean_rm,2013,900,817,9.2,0.908,JADUAL A2 Umur Lelaki!row29,JADUAL A2 Umur Perempuan!row29
A2,Age group,15-19,mean_rm,2014,917,865,5.7,0.943,JADUAL A2 Umur Lelaki!row29,JADUAL A2 Umur Perempuan!row29
A2,Age group,15-19,mean_rm,2015,1002,963,3.9,0.961,JADUAL A2 Umur Lelaki!row29,JADUAL A2 Umur Perempuan!row29
A2,Age group,15-19,mean_rm,2016,1080,972,10.0,0.9,JADUAL A2 Umur Lelaki!row29,JADUAL A2 Umur Perempuan!row29
A2,Age group,15-19,mean_rm,2017,1381,1228,11.1,0.889,JADUAL A2 Umur Lelaki!row29,JADUAL A2 Umur Perempuan!row29
A2,Age group,15-19,mean_rm,2018,1453,1385,4.7,0.953,JADUAL A2 Umur Lelaki!row29,JADUAL A2 Umur Perempuan!row29
A2,Age group,15-19,mean_rm,2019,1607,1415,11.9,0.881,JADUAL A2 Umur Lelaki!row29,JADUAL A2 Umur Perempuan!row29
A2,Age group,15-19,mean_rm,2020,1457,1288,11.6,0.884,JADUAL A2 Umur Lelaki!row29,JADUAL A2 Umur Perempuan!row29
A2,Age group,15-19,mean_rm,2021,1551,1263,18.6,0.814,JADUAL A2 Umur Lelaki!row29,JADUAL A2 Umur Perempuan!row29
A2,Age group,15-19,mean_rm,2022,1734,1413,18.5,0.815,JADUAL A2 Umur Lelaki!row29,JADUAL A2 Umur Perempuan!row29
A2,Age group,15-19,mean_rm,2023,1950,1713,12.2,0.878,JADUAL A2 Umur Lelaki!row29,JADUAL A2 Umur Perempuan!row29
A2,Age group,15-19,mean_rm,2024,2272,1894,16.6,0.834,JADUAL A2 Umur Lelaki!row29,JADUAL A2 Umur Perempuan!row29
A2,Age group,15-19,mean_rm,2025,2314,1934,16.4,0.836,JADUAL A2 Umur Lelaki!row29,JADUAL A2 Umur Perempuan!row29
A2,Age group,20-24,mean_rm,2010,1195,1141,4.5,0.955,JADUAL A2 Umur Lelaki!row30,JADUAL A2 Umur Perempuan!row30
A2,Age group,20-24,mean_rm,2011,1199,1157,3.5,0.965,JADUAL A2 Umur Lelaki!row30,JADUAL A2 Umur Perempuan!row30
A2,Age group,20-24,mean_rm,2012,1225,1227,-0.2,1.002,JADUAL A2 Umur Lelaki!row30,JADUAL A2 Umur Perempuan!row30
A2,Age group,20-24,mean_rm,2013,1344,1257,6.5,0.935,JADUAL A2 Umur Lelaki!row30,JADUAL A2 Umur Perempuan!row30
A2,Age group,20-24,mean_rm,2014,1385,1304,5.8,0.942,JADUAL A2 Umur Lelaki!row30,JADUAL A2 Umur Perempuan!row30
A2,Age group,20-24,mean_rm,2015,1421,1372,3.4,0.966,JADUAL A2 Umur Lelaki!row30,JADUAL A2 Umur Perempuan!row30
A2,Age group,20-24,mean_rm,2016,1558,1408,9.6,0.904,JADUAL A2 Umur Lelaki!row30,JADUAL A2 Umur Perempuan!row30
A2,Age group,20-24,mean_rm,2017,1685,1587,5.8,0.942,JADUAL A2 Umur Lelaki!row30,JADUAL A2 Umur Perempuan!row30
A2,Age group,20-24,mean_rm,2018,1813,1736,4.2,0.958,JADUAL A2 Umur Lelaki!row30,JADUAL A2 Umur Perempuan!row30
A2,Age group,20-24,mean_rm,2019,1886,1802,4.5,0.955,JADUAL A2 Umur Lelaki!row30,JADUAL A2 Umur Perempuan!row30
A2,Age group,20-24,mean_rm,2020,1611,1498,7.0,0.93,JADUAL A2 Umur Lelaki!row30,JADUAL A2 Umur Perempuan!row30
A2,Age group,20-24,mean_rm,2021,1751,1472,15.9,0.841,JADUAL A2 Umur Lelaki!row30,JADUAL A2 Umur Perempuan!row30
A2,Age group,20-24,mean_rm,2022,1833,1701,7.2,0.928,JADUAL A2 Umur Lelaki!row30,JADUAL A2 Umur Perempuan!row30
A2,Age group,20-24,mean_rm,2023,2053,2073,-1.0,1.01,JADUAL A2 Umur Lelaki!row30,JADUAL A2 Umur Perempuan!row30
A2,Age group,20-24,mean_rm,2024,2280,2221,2.6,0.974,JADUAL A2 Umur Lelaki!row30,JADUAL A2 Umur Perempuan!row30
A2,Age group,20-24,mean_rm,2025,2459,2266,7.8,0.922,JADUAL A2 Umur Lelaki!row30,JADUAL A2 Umur Perempuan!row30
A2,Age group,25-29,mean_rm,2010,1729,1701,1.6,0.984,JADUAL A2 Umur Lelaki!row31,JADUAL A2 Umur Perempuan!row31
A2,Age group,25-29,mean_rm,2011,1712,1741,-1.7,1.017,JADUAL A2 Umur Lelaki!row31,JADUAL A2 Umur Perempuan!row31
A2,Age group,25-29,mean_rm,2012,1830,1776,3.0,0.97,JADUAL A2 Umur Lelaki!row31,JADUAL A2 Umur Perempuan!row31
A2,Age group,25-29,mean_rm,2013,1908,1918,-0.5,1.005,JADUAL A2 Umur Lelaki!row31,JADUAL A2 Umur Perempuan!row31
A2,Age group,25-29,mean_rm,2014,2022,1938,4.2,0.958,JADUAL A2 Umur Lelaki!row31,JADUAL A2 Umur Perempuan!row31
A2,Age group,25-29,mean_rm,2015,2083,2080,0.1,0.999,JADUAL A2 Umur Lelaki!row31,JADUAL A2 Umur Perempuan!row31
A2,Age group,25-29,mean_rm,2016,2149,2187,-1.8,1.018,JADUAL A2 Umur Lelaki!row31,JADUAL A2 Umur Perempuan!row31
A2,Age group,25-29,mean_rm,2017,2248,2266,-0.8,1.008,JADUAL A2 Umur Lelaki!row31,JADUAL A2 Umur Perempuan!row31
A2,Age group,25-29,mean_rm,2018,2356,2362,-0.3,1.003,JADUAL A2 Umur Lelaki!row31,JADUAL A2 Umur Perempuan!row31
A2,Age group,25-29,mean_rm,2019,2615,2547,2.6,0.974,JADUAL A2 Umur Lelaki!row31,JADUAL A2 Umur Perempuan!row31
A2,Age group,25-29,mean_rm,2020,2239,2178,2.7,0.973,JADUAL A2 Umur Lelaki!row31,JADUAL A2 Umur Perempuan!row31
A2,Age group,25-29,mean_rm,2021,2332,2236,4.1,0.959,JADUAL A2 Umur Lelaki!row31,JADUAL A2 Umur Perempuan!row31
A2,Age group,25-29,mean_rm,2022,2567,2398,6.6,0.934,JADUAL A2 Umur Lelaki!row31,JADUAL A2 Umur Perempuan!row31
A2,Age group,25-29,mean_rm,2023,2850,2623,8.0,0.92,JADUAL A2 Umur Lelaki!row31,JADUAL A2 Umur Perempuan!row31
A2,Age group,25-29,mean_rm,2024,3038,2836,6.6,0.934,JADUAL A2 Umur Lelaki!row31,JADUAL A2 Umur Perempuan!row31
A2,Age group,25-29,mean_rm,2025,3102,2902,6.4,0.936,JADUAL A2 Umur Lelaki!row31,JADUAL A2 Umur Perempuan!row31
A2,Age group,30-34,mean_rm,2010,2061,1997,3.1,0.969,JADUAL A2 Umur Lelaki!row32,JADUAL A2 Umur Perempuan!row32
A2,Age group,30-34,mean_rm,2011,2058,2036,1.1,0.989,JADUAL A2 Umur Lelaki!row32,JADUAL A2 Umur Perempuan!row32
A2,Age group,30-34,mean_rm,2012,2118,2133,-0.7,1.007,JADUAL A2 Umur Lelaki!row32,JADUAL A2 Umur Perempuan!row32
A2,Age group,30-34,mean_rm,2013,2261,2297,-1.6,1.016,JADUAL A2 Umur Lelaki!row32,JADUAL A2 Umur Perempuan!row32
A2,Age group,30-34,mean_rm,2014,2485,2448,1.5,0.985,JADUAL A2 Umur Lelaki!row32,JADUAL A2 Umur Perempuan!row32
A2,Age group,30-34,mean_rm,2015,2526,2540,-0.6,1.006,JADUAL A2 Umur Lelaki!row32,JADUAL A2 Umur Perempuan!row32
A2,Age group,30-34,mean_rm,2016,2694,2701,-0.3,1.003,JADUAL A2 Umur Lelaki!row32,JADUAL A2 Umur Perempuan!row32
A2,Age group,30-34,mean_rm,2017,2801,2906,-3.7,1.037,JADUAL A2 Umur Lelaki!row32,JADUAL A2 Umur Perempuan!row32
A2,Age group,30-34,mean_rm,2018,3028,3092,-2.1,1.021,JADUAL A2 Umur Lelaki!row32,JADUAL A2 Umur Perempuan!row32
A2,Age group,30-34,mean_rm,2019,3303,3224,2.4,0.976,JADUAL A2 Umur Lelaki!row32,JADUAL A2 Umur Perempuan!row32
A2,Age group,30-34,mean_rm,2020,2887,2754,4.6,0.954,JADUAL A2 Umur Lelaki!row32,JADUAL A2 Umur Perempuan!row32
A2,Age group,30-34,mean_rm,2021,3035,2954,2.7,0.973,JADUAL A2 Umur Lelaki!row32,JADUAL A2 Umur Perempuan!row32
A2,Age group,30-34,mean_rm,2022,3107,3144,-1.2,1.012,JADUAL A2 Umur Lelaki!row32,JADUAL A2 Umur Perempuan!row32
A2,Age group,30-34,mean_rm,2023,3345,3236,3.3,0.967,JADUAL A2 Umur Lelaki!row32,JADUAL A2 Umur Perempuan!row32
A2,Age group,30-34,mean_rm,2024,3480,3254,6.5,0.935,JADUAL A2 Umur Lelaki!row32,JADUAL A2 Umur Perempuan!row32
A2,Age group,30-34,mean_rm,2025,3580,3307,7.6,0.924,JADUAL A2 Umur Lelaki!row32,JADUAL A2 Umur Perempuan!row32
A2,Age group,35-39,mean_rm,2010,2324,2276,2.1,0.979,JADUAL A2 Umur Lelaki!row33,JADUAL A2 Umur Perempuan!row33
A2,Age group,35-39,mean_rm,2011,2349,2199,6.4,0.936,JADUAL A2 Umur Lelaki!row33,JADUAL A2 Umur Perempuan!row33
A2,Age group,35-39,mean_rm,2012,2461,2240,9.0,0.91,JADUAL A2 Umur Lelaki!row33,JADUAL A2 Umur Perempuan!row33
A2,Age group,35-39,mean_rm,2013,2568,2404,6.4,0.936,JADUAL A2 Umur Lelaki!row33,JADUAL A2 Umur Perempuan!row33
A2,Age group,35-39,mean_rm,2014,2825,2791,1.2,0.988,JADUAL A2 Umur Lelaki!row33,JADUAL A2 Umur Perempuan!row33
A2,Age group,35-39,mean_rm,2015,2872,2718,5.4,0.946,JADUAL A2 Umur Lelaki!row33,JADUAL A2 Umur Perempuan!row33
A2,Age group,35-39,mean_rm,2016,3160,3043,3.7,0.963,JADUAL A2 Umur Lelaki!row33,JADUAL A2 Umur Perempuan!row33
A2,Age group,35-39,mean_rm,2017,3302,3197,3.2,0.968,JADUAL A2 Umur Lelaki!row33,JADUAL A2 Umur Perempuan!row33
A2,Age group,35-39,mean_rm,2018,3551,3371,5.1,0.949,JADUAL A2 Umur Lelaki!row33,JADUAL A2 Umur Perempuan!row33
A2,Age group,35-39,mean_rm,2019,3644,3643,0.0,1.0,JADUAL A2 Umur Lelaki!row33,JADUAL A2 Umur Perempuan!row33
A2,Age group,35-39,mean_rm,2020,3360,3286,2.2,0.978,JADUAL A2 Umur Lelaki!row33,JADUAL A2 Umur Perempuan!row33
A2,Age group,35-39,mean_rm,2021,3483,3345,4.0,0.96,JADUAL A2 Umur Lelaki!row33,JADUAL A2 Umur Perempuan!row33
A2,Age group,35-39,mean_rm,2022,3668,3411,7.0,0.93,JADUAL A2 Umur Lelaki!row33,JADUAL A2 Umur Perempuan!row33
A2,Age group,35-39,mean_rm,2023,3948,3528,10.6,0.894,JADUAL A2 Umur Lelaki!row33,JADUAL A2 Umur Perempuan!row33
A2,Age group,35-39,mean_rm,2024,4157,3812,8.3,0.917,JADUAL A2 Umur Lelaki!row33,JADUAL A2 Umur Perempuan!row33
A2,Age group,35-39,mean_rm,2025,4325,3976,8.1,0.919,JADUAL A2 Umur Lelaki!row33,JADUAL A2 Umur Perempuan!row33
A2,Age group,40-44,mean_rm,2010,2351,2173,7.6,0.924,JADUAL A2 Umur Lelaki!row34,JADUAL A2 Umur Perempuan!row34
A2,Age group,40-44,mean_rm,2011,2480,2166,12.7,0.873,JADUAL A2 Umur Lelaki!row34,JADUAL A2 Umur Perempuan!row34
A2,Age group,40-44,mean_rm,2012,2601,2324,10.6,0.894,JADUAL A2 Umur Lelaki!row34,JADUAL A2 Umur Perempuan!row34
A2,Age group,40-44,mean_rm,2013,2638,2525,4.3,0.957,JADUAL A2 Umur Lelaki!row34,JADUAL A2 Umur Perempuan!row34
A2,Age group,40-44,mean_rm,2014,2976,2846,4.4,0.956,JADUAL A2 Umur Lelaki!row34,JADUAL A2 Umur Perempuan!row34
A2,Age group,40-44,mean_rm,2015,3060,2979,2.6,0.974,JADUAL A2 Umur Lelaki!row34,JADUAL A2 Umur Perempuan!row34
A2,Age group,40-44,mean_rm,2016,3340,3027,9.4,0.906,JADUAL A2 Umur Lelaki!row34,JADUAL A2 Umur Perempuan!row34
A2,Age group,40-44,mean_rm,2017,3744,3515,6.1,0.939,JADUAL A2 Umur Lelaki!row34,JADUAL A2 Umur Perempuan!row34
A2,Age group,40-44,mean_rm,2018,4109,3842,6.5,0.935,JADUAL A2 Umur Lelaki!row34,JADUAL A2 Umur Perempuan!row34
A2,Age group,40-44,mean_rm,2019,4121,3839,6.8,0.932,JADUAL A2 Umur Lelaki!row34,JADUAL A2 Umur Perempuan!row34
A2,Age group,40-44,mean_rm,2020,3782,3714,1.8,0.982,JADUAL A2 Umur Lelaki!row34,JADUAL A2 Umur Perempuan!row34
A2,Age group,40-44,mean_rm,2021,3838,3784,1.4,0.986,JADUAL A2 Umur Lelaki!row34,JADUAL A2 Umur Perempuan!row34
A2,Age group,40-44,mean_rm,2022,4085,3945,3.4,0.966,JADUAL A2 Umur Lelaki!row34,JADUAL A2 Umur Perempuan!row34
A2,Age group,40-44,mean_rm,2023,4342,4106,5.4,0.946,JADUAL A2 Umur Lelaki!row34,JADUAL A2 Umur Perempuan!row34
A2,Age group,40-44,mean_rm,2024,4450,4317,3.0,0.97,JADUAL A2 Umur Lelaki!row34,JADUAL A2 Umur Perempuan!row34
A2,Age group,40-44,mean_rm,2025,4620,4554,1.4,0.986,JADUAL A2 Umur Lelaki!row34,JADUAL A2 Umur Perempuan!row34
A2,Age group,45-49,mean_rm,2010,2630,2219,15.6,0.844,JADUAL A2 Umur Lelaki!row35,JADUAL A2 Umur Perempuan!row35
A2,Age group,45-49,mean_rm,2011,2583,2161,16.3,0.837,JADUAL A2 Umur Lelaki!row35,JADUAL A2 Umur Perempuan!row35
A2,Age group,45-49,mean_rm,2012,2720,2303,15.3,0.847,JADUAL A2 Umur Lelaki!row35,JADUAL A2 Umur Perempuan!row35
A2,Age group,45-49,mean_rm,2013,2938,2523,14.1,0.859,JADUAL A2 Umur Lelaki!row35,JADUAL A2 Umur Perempuan!row35
A2,Age group,45-49,mean_rm,2014,3278,2748,16.2,0.838,JADUAL A2 Umur Lelaki!row35,JADUAL A2 Umur Perempuan!row35
A2,Age group,45-49,mean_rm,2015,3349,2981,11.0,0.89,JADUAL A2 Umur Lelaki!row35,JADUAL A2 Umur Perempuan!row35
A2,Age group,45-49,mean_rm,2016,3436,3256,5.2,0.948,JADUAL A2 Umur Lelaki!row35,JADUAL A2 Umur Perempuan!row35
A2,Age group,45-49,mean_rm,2017,3921,3376,13.9,0.861,JADUAL A2 Umur Lelaki!row35,JADUAL A2 Umur Perempuan!row35
A2,Age group,45-49,mean_rm,2018,4113,3696,10.1,0.899,JADUAL A2 Umur Lelaki!row35,JADUAL A2 Umur Perempuan!row35
A2,Age group,45-49,mean_rm,2019,4248,3914,7.9,0.921,JADUAL A2 Umur Lelaki!row35,JADUAL A2 Umur Perempuan!row35
A2,Age group,45-49,mean_rm,2020,3780,3575,5.4,0.946,JADUAL A2 Umur Lelaki!row35,JADUAL A2 Umur Perempuan!row35
A2,Age group,45-49,mean_rm,2021,3874,3758,3.0,0.97,JADUAL A2 Umur Lelaki!row35,JADUAL A2 Umur Perempuan!row35
A2,Age group,45-49,mean_rm,2022,4174,3998,4.2,0.958,JADUAL A2 Umur Lelaki!row35,JADUAL A2 Umur Perempuan!row35
A2,Age group,45-49,mean_rm,2023,4307,4124,4.2,0.958,JADUAL A2 Umur Lelaki!row35,JADUAL A2 Umur Perempuan!row35
A2,Age group,45-49,mean_rm,2024,4622,4351,5.9,0.941,JADUAL A2 Umur Lelaki!row35,JADUAL A2 Umur Perempuan!row35
A2,Age group,45-49,mean_rm,2025,4815,4634,3.8,0.962,JADUAL A2 Umur Lelaki!row35,JADUAL A2 Umur Perempuan!row35
A2,Age group,50-54,mean_rm,2010,2572,2433,5.4,0.946,JADUAL A2 Umur Lelaki!row36,JADUAL A2 Umur Perempuan!row36
A2,Age group,50-54,mean_rm,2011,2633,2322,11.8,0.882,JADUAL A2 Umur Lelaki!row36,JADUAL A2 Umur Perempuan!row36
A2,Age group,50-54,mean_rm,2012,2880,2469,14.3,0.857,JADUAL A2 Umur Lelaki!row36,JADUAL A2 Umur Perempuan!row36
A2,Age group,50-54,mean_rm,2013,2968,2568,13.5,0.865,JADUAL A2 Umur Lelaki!row36,JADUAL A2 Umur Perempuan!row36
A2,Age group,50-54,mean_rm,2014,3182,2780,12.6,0.874,JADUAL A2 Umur Lelaki!row36,JADUAL A2 Umur Perempuan!row36
A2,Age group,50-54,mean_rm,2015,3376,3126,7.4,0.926,JADUAL A2 Umur Lelaki!row36,JADUAL A2 Umur Perempuan!row36
A2,Age group,50-54,mean_rm,2016,3609,3028,16.1,0.839,JADUAL A2 Umur Lelaki!row36,JADUAL A2 Umur Perempuan!row36
A2,Age group,50-54,mean_rm,2017,3730,3869,-3.7,1.037,JADUAL A2 Umur Lelaki!row36,JADUAL A2 Umur Perempuan!row36
A2,Age group,50-54,mean_rm,2018,4189,3965,5.3,0.947,JADUAL A2 Umur Lelaki!row36,JADUAL A2 Umur Perempuan!row36
A2,Age group,50-54,mean_rm,2019,4265,3877,9.1,0.909,JADUAL A2 Umur Lelaki!row36,JADUAL A2 Umur Perempuan!row36
A2,Age group,50-54,mean_rm,2020,3796,3765,0.8,0.992,JADUAL A2 Umur Lelaki!row36,JADUAL A2 Umur Perempuan!row36
A2,Age group,50-54,mean_rm,2021,3818,3700,3.1,0.969,JADUAL A2 Umur Lelaki!row36,JADUAL A2 Umur Perempuan!row36
A2,Age group,50-54,mean_rm,2022,3995,3946,1.2,0.988,JADUAL A2 Umur Lelaki!row36,JADUAL A2 Umur Perempuan!row36
A2,Age group,50-54,mean_rm,2023,4192,4106,2.1,0.979,JADUAL A2 Umur Lelaki!row36,JADUAL A2 Umur Perempuan!row36
A2,Age group,50-54,mean_rm,2024,4518,4455,1.4,0.986,JADUAL A2 Umur Lelaki!row36,JADUAL A2 Umur Perempuan!row36
A2,Age group,50-54,mean_rm,2025,4819,4722,2.0,0.98,JADUAL A2 Umur Lelaki!row36,JADUAL A2 Umur Perempuan!row36
A2,Age group,55-59,mean_rm,2010,2410,2089,13.3,0.867,JADUAL A2 Umur Lelaki!row37,JADUAL A2 Umur Perempuan!row37
A2,Age group,55-59,mean_rm,2011,2706,2107,22.1,0.779,JADUAL A2 Umur Lelaki!row37,JADUAL A2 Umur Perempuan!row37
A2,Age group,55-59,mean_rm,2012,2366,2293,3.1,0.969,JADUAL A2 Umur Lelaki!row37,JADUAL A2 Umur Perempuan!row37
A2,Age group,55-59,mean_rm,2013,2991,2563,14.3,0.857,JADUAL A2 Umur Lelaki!row37,JADUAL A2 Umur Perempuan!row37
A2,Age group,55-59,mean_rm,2014,2974,2709,8.9,0.911,JADUAL A2 Umur Lelaki!row37,JADUAL A2 Umur Perempuan!row37
A2,Age group,55-59,mean_rm,2015,3520,3054,13.2,0.868,JADUAL A2 Umur Lelaki!row37,JADUAL A2 Umur Perempuan!row37
A2,Age group,55-59,mean_rm,2016,3856,3296,14.5,0.855,JADUAL A2 Umur Lelaki!row37,JADUAL A2 Umur Perempuan!row37
A2,Age group,55-59,mean_rm,2017,4200,3450,17.9,0.821,JADUAL A2 Umur Lelaki!row37,JADUAL A2 Umur Perempuan!row37
A2,Age group,55-59,mean_rm,2018,4331,3538,18.3,0.817,JADUAL A2 Umur Lelaki!row37,JADUAL A2 Umur Perempuan!row37
A2,Age group,55-59,mean_rm,2019,4289,3776,12.0,0.88,JADUAL A2 Umur Lelaki!row37,JADUAL A2 Umur Perempuan!row37
A2,Age group,55-59,mean_rm,2020,3809,3485,8.5,0.915,JADUAL A2 Umur Lelaki!row37,JADUAL A2 Umur Perempuan!row37
A2,Age group,55-59,mean_rm,2021,3905,3573,8.5,0.915,JADUAL A2 Umur Lelaki!row37,JADUAL A2 Umur Perempuan!row37
A2,Age group,55-59,mean_rm,2022,4044,3693,8.7,0.913,JADUAL A2 Umur Lelaki!row37,JADUAL A2 Umur Perempuan!row37
A2,Age group,55-59,mean_rm,2023,4211,3864,8.2,0.918,JADUAL A2 Umur Lelaki!row37,JADUAL A2 Umur Perempuan!row37
A2,Age group,55-59,mean_rm,2024,4632,4140,10.6,0.894,JADUAL A2 Umur Lelaki!row37,JADUAL A2 Umur Perempuan!row37
A2,Age group,55-59,mean_rm,2025,4806,4295,10.6,0.894,JADUAL A2 Umur Lelaki!row37,JADUAL A2 Umur Perempuan!row37
A2,Age group,60-64,mean_rm,2010,1711,1144,33.1,0.669,JADUAL A2 Umur Lelaki!row38,JADUAL A2 Umur Perempuan!row38
A2,Age group,60-64,mean_rm,2011,1848,1535,16.9,0.831,JADUAL A2 Umur Lelaki!row38,JADUAL A2 Umur Perempuan!row38
A2,Age group,60-64,mean_rm,2012,1918,1126,41.3,0.587,JADUAL A2 Umur Lelaki!row38,JADUAL A2 Umur Perempuan!row38
A2,Age group,60-64,mean_rm,2013,1983,1075,45.8,0.542,JADUAL A2 Umur Lelaki!row38,JADUAL A2 Umur Perempuan!row38
A2,Age group,60-64,mean_rm,2014,2238,1417,36.7,0.633,JADUAL A2 Umur Lelaki!row38,JADUAL A2 Umur Perempuan!row38
A2,Age group,60-64,mean_rm,2015,2588,1686,34.9,0.651,JADUAL A2 Umur Lelaki!row38,JADUAL A2 Umur Perempuan!row38
A2,Age group,60-64,mean_rm,2016,2433,2601,-6.9,1.069,JADUAL A2 Umur Lelaki!row38,JADUAL A2 Umur Perempuan!row38
A2,Age group,60-64,mean_rm,2017,3159,2640,16.4,0.836,JADUAL A2 Umur Lelaki!row38,JADUAL A2 Umur Perempuan!row38
A2,Age group,60-64,mean_rm,2018,3484,2682,23.0,0.77,JADUAL A2 Umur Lelaki!row38,JADUAL A2 Umur Perempuan!row38
A2,Age group,60-64,mean_rm,2019,3583,2679,25.2,0.748,JADUAL A2 Umur Lelaki!row38,JADUAL A2 Umur Perempuan!row38
A2,Age group,60-64,mean_rm,2020,2896,2158,25.5,0.745,JADUAL A2 Umur Lelaki!row38,JADUAL A2 Umur Perempuan!row38
A2,Age group,60-64,mean_rm,2021,3064,2209,27.9,0.721,JADUAL A2 Umur Lelaki!row38,JADUAL A2 Umur Perempuan!row38
A2,Age group,60-64,mean_rm,2022,3224,2267,29.7,0.703,JADUAL A2 Umur Lelaki!row38,JADUAL A2 Umur Perempuan!row38
A2,Age group,60-64,mean_rm,2023,3445,2476,28.1,0.719,JADUAL A2 Umur Lelaki!row38,JADUAL A2 Umur Perempuan!row38
A2,Age group,60-64,mean_rm,2024,3655,2622,28.3,0.717,JADUAL A2 Umur Lelaki!row38,JADUAL A2 Umur Perempuan!row38
A2,Age group,60-64,mean_rm,2025,3689,2722,26.2,0.738,JADUAL A2 Umur Lelaki!row38,JADUAL A2 Umur Perempuan!row38
A2,Age group,Total,mean_rm,2010,2003,1825,8.9,0.911,JADUAL A2 Umur Lelaki!row28,JADUAL A2 Umur Perempuan!row28
A2,Age group,Total,mean_rm,2011,2035,1838,9.7,0.903,JADUAL A2 Umur Lelaki!row28,JADUAL A2 Umur Perempuan!row28
A2,Age group,Total,mean_rm,2012,2126,1935,9.0,0.91,JADUAL A2 Umur Lelaki!row28,JADUAL A2 Umur Perempuan!row28
A2,Age group,Total,mean_rm,2013,2259,2072,8.3,0.917,JADUAL A2 Umur Lelaki!row28,JADUAL A2 Umur Perempuan!row28
A2,Age group,Total,mean_rm,2014,2455,2259,8.0,0.92,JADUAL A2 Umur Lelaki!row28,JADUAL A2 Umur Perempuan!row28
A2,Age group,Total,mean_rm,2015,2558,2380,7.0,0.93,JADUAL A2 Umur Lelaki!row28,JADUAL A2 Umur Perempuan!row28
A2,Age group,Total,mean_rm,2016,2741,2532,7.6,0.924,JADUAL A2 Umur Lelaki!row28,JADUAL A2 Umur Perempuan!row28
A2,Age group,Total,mean_rm,2017,2953,2772,6.1,0.939,JADUAL A2 Umur Lelaki!row28,JADUAL A2 Umur Perempuan!row28
A2,Age group,Total,mean_rm,2018,3174,2959,6.8,0.932,JADUAL A2 Umur Lelaki!row28,JADUAL A2 Umur Perempuan!row28
A2,Age group,Total,mean_rm,2019,3304,3108,5.9,0.941,JADUAL A2 Umur Lelaki!row28,JADUAL A2 Umur Perempuan!row28
A2,Age group,Total,mean_rm,2020,3011,2872,4.6,0.954,JADUAL A2 Umur Lelaki!row28,JADUAL A2 Umur Perempuan!row28
A2,Age group,Total,mean_rm,2021,3114,2955,5.1,0.949,JADUAL A2 Umur Lelaki!row28,JADUAL A2 Umur Perempuan!row28
A2,Age group,Total,mean_rm,2022,3288,3119,5.1,0.949,JADUAL A2 Umur Lelaki!row28,JADUAL A2 Umur Perempuan!row28
A2,Age group,Total,mean_rm,2023,3532,3311,6.3,0.937,JADUAL A2 Umur Lelaki!row28,JADUAL A2 Umur Perempuan!row28
A2,Age group,Total,mean_rm,2024,3759,3499,6.9,0.931,JADUAL A2 Umur Lelaki!row28,JADUAL A2 Umur Perempuan!row28
A2,Age group,Total,mean_rm,2025,3921,3635,7.3,0.927,JADUAL A2 Umur Lelaki!row28,JADUAL A2 Umur Perempuan!row28
A2,Age group,15-19,median_rm,2010,650,600,7.7,0.923,JADUAL A2 Umur Lelaki!row18,JADUAL A2 Umur Perempuan!row18
A2,Age group,15-19,median_rm,2011,720,740,-2.8,1.028,JADUAL A2 Umur Lelaki!row18,JADUAL A2 Umur Perempuan!row18
A2,Age group,15-19,median_rm,2012,700,700,0.0,1.0,JADUAL A2 Umur Lelaki!row18,JADUAL A2 Umur Perempuan!row18
A2,Age group,15-19,median_rm,2013,800,800,0.0,1.0,JADUAL A2 Umur Lelaki!row18,JADUAL A2 Umur Perempuan!row18
A2,Age group,15-19,median_rm,2014,900,900,0.0,1.0,JADUAL A2 Umur Lelaki!row18,JADUAL A2 Umur Perempuan!row18
A2,Age group,15-19,median_rm,2015,900,900,0.0,1.0,JADUAL A2 Umur Lelaki!row18,JADUAL A2 Umur Perempuan!row18
A2,Age group,15-19,median_rm,2016,900,900,0.0,1.0,JADUAL A2 Umur Lelaki!row18,JADUAL A2 Umur Perempuan!row18
A2,Age group,15-19,median_rm,2017,1200,1100,8.3,0.917,JADUAL A2 Umur Lelaki!row18,JADUAL A2 Umur Perempuan!row18
A2,Age group,15-19,median_rm,2018,1453,1365,6.1,0.939,JADUAL A2 Umur Lelaki!row18,JADUAL A2 Umur Perempuan!row18
A2,Age group,15-19,median_rm,2019,1476,1318,10.7,0.893,JADUAL A2 Umur Lelaki!row18,JADUAL A2 Umur Perempuan!row18
A2,Age group,15-19,median_rm,2020,1220,1198,1.8,0.982,JADUAL A2 Umur Lelaki!row18,JADUAL A2 Umur Perempuan!row18
A2,Age group,15-19,median_rm,2021,1443,1046,27.5,0.725,JADUAL A2 Umur Lelaki!row18,JADUAL A2 Umur Perempuan!row18
A2,Age group,15-19,median_rm,2022,1452,1231,15.2,0.848,JADUAL A2 Umur Lelaki!row18,JADUAL A2 Umur Perempuan!row18
A2,Age group,15-19,median_rm,2023,1529,1206,21.1,0.789,JADUAL A2 Umur Lelaki!row18,JADUAL A2 Umur Perempuan!row18
A2,Age group,15-19,median_rm,2024,1652,1350,18.3,0.817,JADUAL A2 Umur Lelaki!row18,JADUAL A2 Umur Perempuan!row18
A2,Age group,15-19,median_rm,2025,1939,1663,14.2,0.858,JADUAL A2 Umur Lelaki!row18,JADUAL A2 Umur Perempuan!row18
A2,Age group,20-24,median_rm,2010,1000,1000,0.0,1.0,JADUAL A2 Umur Lelaki!row19,JADUAL A2 Umur Perempuan!row19
A2,Age group,20-24,median_rm,2011,1000,1000,0.0,1.0,JADUAL A2 Umur Lelaki!row19,JADUAL A2 Umur Perempuan!row19
A2,Age group,20-24,median_rm,2012,1030,1000,2.9,0.971,JADUAL A2 Umur Lelaki!row19,JADUAL A2 Umur Perempuan!row19
A2,Age group,20-24,median_rm,2013,1200,1050,12.5,0.875,JADUAL A2 Umur Lelaki!row19,JADUAL A2 Umur Perempuan!row19
A2,Age group,20-24,median_rm,2014,1200,1100,8.3,0.917,JADUAL A2 Umur Lelaki!row19,JADUAL A2 Umur Perempuan!row19
A2,Age group,20-24,median_rm,2015,1200,1200,0.0,1.0,JADUAL A2 Umur Lelaki!row19,JADUAL A2 Umur Perempuan!row19
A2,Age group,20-24,median_rm,2016,1300,1200,7.7,0.923,JADUAL A2 Umur Lelaki!row19,JADUAL A2 Umur Perempuan!row19
A2,Age group,20-24,median_rm,2017,1400,1400,0.0,1.0,JADUAL A2 Umur Lelaki!row19,JADUAL A2 Umur Perempuan!row19
A2,Age group,20-24,median_rm,2018,1623,1499,7.6,0.924,JADUAL A2 Umur Lelaki!row19,JADUAL A2 Umur Perempuan!row19
A2,Age group,20-24,median_rm,2019,1672,1473,11.9,0.881,JADUAL A2 Umur Lelaki!row19,JADUAL A2 Umur Perempuan!row19
A2,Age group,20-24,median_rm,2020,1354,1299,4.1,0.959,JADUAL A2 Umur Lelaki!row19,JADUAL A2 Umur Perempuan!row19
A2,Age group,20-24,median_rm,2021,1540,1267,17.7,0.823,JADUAL A2 Umur Lelaki!row19,JADUAL A2 Umur Perempuan!row19
A2,Age group,20-24,median_rm,2022,1556,1320,15.2,0.848,JADUAL A2 Umur Lelaki!row19,JADUAL A2 Umur Perempuan!row19
A2,Age group,20-24,median_rm,2023,1693,1542,8.9,0.911,JADUAL A2 Umur Lelaki!row19,JADUAL A2 Umur Perempuan!row19
A2,Age group,20-24,median_rm,2024,1831,1655,9.6,0.904,JADUAL A2 Umur Lelaki!row19,JADUAL A2 Umur Perempuan!row19
A2,Age group,20-24,median_rm,2025,2013,1753,12.9,0.871,JADUAL A2 Umur Lelaki!row19,JADUAL A2 Umur Perempuan!row19
A2,Age group,25-29,median_rm,2010,1500,1500,0.0,1.0,JADUAL A2 Umur Lelaki!row20,JADUAL A2 Umur Perempuan!row20
A2,Age group,25-29,median_rm,2011,1500,1500,0.0,1.0,JADUAL A2 Umur Lelaki!row20,JADUAL A2 Umur Perempuan!row20
A2,Age group,25-29,median_rm,2012,1500,1550,-3.3,1.033,JADUAL A2 Umur Lelaki!row20,JADUAL A2 Umur Perempuan!row20
A2,Age group,25-29,median_rm,2013,1660,1623,2.2,0.978,JADUAL A2 Umur Lelaki!row20,JADUAL A2 Umur Perempuan!row20
A2,Age group,25-29,median_rm,2014,1760,1698,3.5,0.965,JADUAL A2 Umur Lelaki!row20,JADUAL A2 Umur Perempuan!row20
A2,Age group,25-29,median_rm,2015,1800,1800,0.0,1.0,JADUAL A2 Umur Lelaki!row20,JADUAL A2 Umur Perempuan!row20
A2,Age group,25-29,median_rm,2016,1800,2000,-11.1,1.111,JADUAL A2 Umur Lelaki!row20,JADUAL A2 Umur Perempuan!row20
A2,Age group,25-29,median_rm,2017,1987,2145,-8.0,1.08,JADUAL A2 Umur Lelaki!row20,JADUAL A2 Umur Perempuan!row20
A2,Age group,25-29,median_rm,2018,2115,2108,0.3,0.997,JADUAL A2 Umur Lelaki!row20,JADUAL A2 Umur Perempuan!row20
A2,Age group,25-29,median_rm,2019,2186,2261,-3.4,1.034,JADUAL A2 Umur Lelaki!row20,JADUAL A2 Umur Perempuan!row20
A2,Age group,25-29,median_rm,2020,1870,1774,5.1,0.949,JADUAL A2 Umur Lelaki!row20,JADUAL A2 Umur Perempuan!row20
A2,Age group,25-29,median_rm,2021,1781,1644,7.7,0.923,JADUAL A2 Umur Lelaki!row20,JADUAL A2 Umur Perempuan!row20
A2,Age group,25-29,median_rm,2022,2097,1862,11.2,0.888,JADUAL A2 Umur Lelaki!row20,JADUAL A2 Umur Perempuan!row20
A2,Age group,25-29,median_rm,2023,2077,1916,7.8,0.922,JADUAL A2 Umur Lelaki!row20,JADUAL A2 Umur Perempuan!row20
A2,Age group,25-29,median_rm,2024,2095,2095,0.0,1.0,JADUAL A2 Umur Lelaki!row20,JADUAL A2 Umur Perempuan!row20
A2,Age group,25-29,median_rm,2025,2290,2285,0.2,0.998,JADUAL A2 Umur Lelaki!row20,JADUAL A2 Umur Perempuan!row20
A2,Age group,30-34,median_rm,2010,1750,1800,-2.9,1.029,JADUAL A2 Umur Lelaki!row21,JADUAL A2 Umur Perempuan!row21
A2,Age group,30-34,median_rm,2011,1750,1714,2.1,0.979,JADUAL A2 Umur Lelaki!row21,JADUAL A2 Umur Perempuan!row21
A2,Age group,30-34,median_rm,2012,1800,1875,-4.2,1.042,JADUAL A2 Umur Lelaki!row21,JADUAL A2 Umur Perempuan!row21
A2,Age group,30-34,median_rm,2013,1995,2000,-0.3,1.003,JADUAL A2 Umur Lelaki!row21,JADUAL A2 Umur Perempuan!row21
A2,Age group,30-34,median_rm,2014,2000,2065,-3.2,1.032,JADUAL A2 Umur Lelaki!row21,JADUAL A2 Umur Perempuan!row21
A2,Age group,30-34,median_rm,2015,2125,2200,-3.5,1.035,JADUAL A2 Umur Lelaki!row21,JADUAL A2 Umur Perempuan!row21
A2,Age group,30-34,median_rm,2016,2200,2350,-6.8,1.068,JADUAL A2 Umur Lelaki!row21,JADUAL A2 Umur Perempuan!row21
A2,Age group,30-34,median_rm,2017,2300,2500,-8.7,1.087,JADUAL A2 Umur Lelaki!row21,JADUAL A2 Umur Perempuan!row21
A2,Age group,30-34,median_rm,2018,2451,2520,-2.8,1.028,JADUAL A2 Umur Lelaki!row21,JADUAL A2 Umur Perempuan!row21
A2,Age group,30-34,median_rm,2019,2646,2732,-3.3,1.033,JADUAL A2 Umur Lelaki!row21,JADUAL A2 Umur Perempuan!row21
A2,Age group,30-34,median_rm,2020,2420,2349,2.9,0.971,JADUAL A2 Umur Lelaki!row21,JADUAL A2 Umur Perempuan!row21
A2,Age group,30-34,median_rm,2021,2498,2329,6.8,0.932,JADUAL A2 Umur Lelaki!row21,JADUAL A2 Umur Perempuan!row21
A2,Age group,30-34,median_rm,2022,2539,2564,-1.0,1.01,JADUAL A2 Umur Lelaki!row21,JADUAL A2 Umur Perempuan!row21
A2,Age group,30-34,median_rm,2023,2702,2659,1.6,0.984,JADUAL A2 Umur Lelaki!row21,JADUAL A2 Umur Perempuan!row21
A2,Age group,30-34,median_rm,2024,2850,2703,5.2,0.948,JADUAL A2 Umur Lelaki!row21,JADUAL A2 Umur Perempuan!row21
A2,Age group,30-34,median_rm,2025,3014,2776,7.9,0.921,JADUAL A2 Umur Lelaki!row21,JADUAL A2 Umur Perempuan!row21
A2,Age group,35-39,median_rm,2010,1800,1900,-5.6,1.056,JADUAL A2 Umur Lelaki!row22,JADUAL A2 Umur Perempuan!row22
A2,Age group,35-39,median_rm,2011,1875,1820,2.9,0.971,JADUAL A2 Umur Lelaki!row22,JADUAL A2 Umur Perempuan!row22
A2,Age group,35-39,median_rm,2012,2000,1915,4.2,0.958,JADUAL A2 Umur Lelaki!row22,JADUAL A2 Umur Perempuan!row22
A2,Age group,35-39,median_rm,2013,2000,2000,0.0,1.0,JADUAL A2 Umur Lelaki!row22,JADUAL A2 Umur Perempuan!row22
A2,Age group,35-39,median_rm,2014,2200,2300,-4.5,1.045,JADUAL A2 Umur Lelaki!row22,JADUAL A2 Umur Perempuan!row22
A2,Age group,35-39,median_rm,2015,2345,2400,-2.3,1.023,JADUAL A2 Umur Lelaki!row22,JADUAL A2 Umur Perempuan!row22
A2,Age group,35-39,median_rm,2016,2500,2500,0.0,1.0,JADUAL A2 Umur Lelaki!row22,JADUAL A2 Umur Perempuan!row22
A2,Age group,35-39,median_rm,2017,2500,2515,-0.6,1.006,JADUAL A2 Umur Lelaki!row22,JADUAL A2 Umur Perempuan!row22
A2,Age group,35-39,median_rm,2018,2663,2586,2.9,0.971,JADUAL A2 Umur Lelaki!row22,JADUAL A2 Umur Perempuan!row22
A2,Age group,35-39,median_rm,2019,2940,2840,3.4,0.966,JADUAL A2 Umur Lelaki!row22,JADUAL A2 Umur Perempuan!row22
A2,Age group,35-39,median_rm,2020,2734,2922,-6.9,1.069,JADUAL A2 Umur Lelaki!row22,JADUAL A2 Umur Perempuan!row22
A2,Age group,35-39,median_rm,2021,2787,2908,-4.3,1.043,JADUAL A2 Umur Lelaki!row22,JADUAL A2 Umur Perempuan!row22
A2,Age group,35-39,median_rm,2022,2975,2956,0.6,0.994,JADUAL A2 Umur Lelaki!row22,JADUAL A2 Umur Perempuan!row22
A2,Age group,35-39,median_rm,2023,3436,3006,12.5,0.875,JADUAL A2 Umur Lelaki!row22,JADUAL A2 Umur Perempuan!row22
A2,Age group,35-39,median_rm,2024,3441,3071,10.8,0.892,JADUAL A2 Umur Lelaki!row22,JADUAL A2 Umur Perempuan!row22
A2,Age group,35-39,median_rm,2025,3617,3268,9.6,0.904,JADUAL A2 Umur Lelaki!row22,JADUAL A2 Umur Perempuan!row22
A2,Age group,40-44,median_rm,2010,1840,1700,7.6,0.924,JADUAL A2 Umur Lelaki!row23,JADUAL A2 Umur Perempuan!row23
A2,Age group,40-44,median_rm,2011,1970,1695,14.0,0.86,JADUAL A2 Umur Lelaki!row23,JADUAL A2 Umur Perempuan!row23
A2,Age group,40-44,median_rm,2012,2000,1800,10.0,0.9,JADUAL A2 Umur Lelaki!row23,JADUAL A2 Umur Perempuan!row23
A2,Age group,40-44,median_rm,2013,2000,2000,0.0,1.0,JADUAL A2 Umur Lelaki!row23,JADUAL A2 Umur Perempuan!row23
A2,Age group,40-44,median_rm,2014,2215,2300,-3.8,1.038,JADUAL A2 Umur Lelaki!row23,JADUAL A2 Umur Perempuan!row23
A2,Age group,40-44,median_rm,2015,2400,2500,-4.2,1.042,JADUAL A2 Umur Lelaki!row23,JADUAL A2 Umur Perempuan!row23
A2,Age group,40-44,median_rm,2016,2500,2500,0.0,1.0,JADUAL A2 Umur Lelaki!row23,JADUAL A2 Umur Perempuan!row23
A2,Age group,40-44,median_rm,2017,2695,2525,6.3,0.937,JADUAL A2 Umur Lelaki!row23,JADUAL A2 Umur Perempuan!row23
A2,Age group,40-44,median_rm,2018,2764,2695,2.5,0.975,JADUAL A2 Umur Lelaki!row23,JADUAL A2 Umur Perempuan!row23
A2,Age group,40-44,median_rm,2019,2996,2960,1.2,0.988,JADUAL A2 Umur Lelaki!row23,JADUAL A2 Umur Perempuan!row23
A2,Age group,40-44,median_rm,2020,2859,3166,-10.7,1.107,JADUAL A2 Umur Lelaki!row23,JADUAL A2 Umur Perempuan!row23
A2,Age group,40-44,median_rm,2021,3033,3335,-10.0,1.1,JADUAL A2 Umur Lelaki!row23,JADUAL A2 Umur Perempuan!row23
A2,Age group,40-44,median_rm,2022,3397,3300,2.9,0.971,JADUAL A2 Umur Lelaki!row23,JADUAL A2 Umur Perempuan!row23
A2,Age group,40-44,median_rm,2023,3483,3314,4.9,0.951,JADUAL A2 Umur Lelaki!row23,JADUAL A2 Umur Perempuan!row23
A2,Age group,40-44,median_rm,2024,3535,3481,1.5,0.985,JADUAL A2 Umur Lelaki!row23,JADUAL A2 Umur Perempuan!row23
A2,Age group,40-44,median_rm,2025,3857,3772,2.2,0.978,JADUAL A2 Umur Lelaki!row23,JADUAL A2 Umur Perempuan!row23
A2,Age group,45-49,median_rm,2010,2000,1700,15.0,0.85,JADUAL A2 Umur Lelaki!row24,JADUAL A2 Umur Perempuan!row24
A2,Age group,45-49,median_rm,2011,2000,1610,19.5,0.805,JADUAL A2 Umur Lelaki!row24,JADUAL A2 Umur Perempuan!row24
A2,Age group,45-49,median_rm,2012,2000,1700,15.0,0.85,JADUAL A2 Umur Lelaki!row24,JADUAL A2 Umur Perempuan!row24
A2,Age group,45-49,median_rm,2013,2278,1814,20.4,0.796,JADUAL A2 Umur Lelaki!row24,JADUAL A2 Umur Perempuan!row24
A2,Age group,45-49,median_rm,2014,2500,2000,20.0,0.8,JADUAL A2 Umur Lelaki!row24,JADUAL A2 Umur Perempuan!row24
A2,Age group,45-49,median_rm,2015,2500,2200,12.0,0.88,JADUAL A2 Umur Lelaki!row24,JADUAL A2 Umur Perempuan!row24
A2,Age group,45-49,median_rm,2016,2500,2350,6.0,0.94,JADUAL A2 Umur Lelaki!row24,JADUAL A2 Umur Perempuan!row24
A2,Age group,45-49,median_rm,2017,2500,2365,5.4,0.946,JADUAL A2 Umur Lelaki!row24,JADUAL A2 Umur Perempuan!row24
A2,Age group,45-49,median_rm,2018,2648,2603,1.7,0.983,JADUAL A2 Umur Lelaki!row24,JADUAL A2 Umur Perempuan!row24
A2,Age group,45-49,median_rm,2019,2875,2875,0.0,1.0,JADUAL A2 Umur Lelaki!row24,JADUAL A2 Umur Perempuan!row24
A2,Age group,45-49,median_rm,2020,2733,2943,-7.7,1.077,JADUAL A2 Umur Lelaki!row24,JADUAL A2 Umur Perempuan!row24
A2,Age group,45-49,median_rm,2021,2903,3156,-8.7,1.087,JADUAL A2 Umur Lelaki!row24,JADUAL A2 Umur Perempuan!row24
A2,Age group,45-49,median_rm,2022,3295,3142,4.6,0.954,JADUAL A2 Umur Lelaki!row24,JADUAL A2 Umur Perempuan!row24
A2,Age group,45-49,median_rm,2023,3388,3150,7.0,0.93,JADUAL A2 Umur Lelaki!row24,JADUAL A2 Umur Perempuan!row24
A2,Age group,45-49,median_rm,2024,3445,3381,1.9,0.981,JADUAL A2 Umur Lelaki!row24,JADUAL A2 Umur Perempuan!row24
A2,Age group,45-49,median_rm,2025,3923,3669,6.5,0.935,JADUAL A2 Umur Lelaki!row24,JADUAL A2 Umur Perempuan!row24
A2,Age group,50-54,median_rm,2010,2000,2000,0.0,1.0,JADUAL A2 Umur Lelaki!row25,JADUAL A2 Umur Perempuan!row25
A2,Age group,50-54,median_rm,2011,2000,1900,5.0,0.95,JADUAL A2 Umur Lelaki!row25,JADUAL A2 Umur Perempuan!row25
A2,Age group,50-54,median_rm,2012,2095,2000,4.5,0.955,JADUAL A2 Umur Lelaki!row25,JADUAL A2 Umur Perempuan!row25
A2,Age group,50-54,median_rm,2013,2300,2000,13.0,0.87,JADUAL A2 Umur Lelaki!row25,JADUAL A2 Umur Perempuan!row25
A2,Age group,50-54,median_rm,2014,2500,2200,12.0,0.88,JADUAL A2 Umur Lelaki!row25,JADUAL A2 Umur Perempuan!row25
A2,Age group,50-54,median_rm,2015,2500,2500,0.0,1.0,JADUAL A2 Umur Lelaki!row25,JADUAL A2 Umur Perempuan!row25
A2,Age group,50-54,median_rm,2016,2720,2200,19.1,0.809,JADUAL A2 Umur Lelaki!row25,JADUAL A2 Umur Perempuan!row25
A2,Age group,50-54,median_rm,2017,2750,2750,0.0,1.0,JADUAL A2 Umur Lelaki!row25,JADUAL A2 Umur Perempuan!row25
A2,Age group,50-54,median_rm,2018,2933,2658,9.4,0.906,JADUAL A2 Umur Lelaki!row25,JADUAL A2 Umur Perempuan!row25
A2,Age group,50-54,median_rm,2019,3150,2850,9.5,0.905,JADUAL A2 Umur Lelaki!row25,JADUAL A2 Umur Perempuan!row25
A2,Age group,50-54,median_rm,2020,2713,2684,1.1,0.989,JADUAL A2 Umur Lelaki!row25,JADUAL A2 Umur Perempuan!row25
A2,Age group,50-54,median_rm,2021,2985,3119,-4.5,1.045,JADUAL A2 Umur Lelaki!row25,JADUAL A2 Umur Perempuan!row25
A2,Age group,50-54,median_rm,2022,3132,2694,14.0,0.86,JADUAL A2 Umur Lelaki!row25,JADUAL A2 Umur Perempuan!row25
A2,Age group,50-54,median_rm,2023,3272,3097,5.3,0.947,JADUAL A2 Umur Lelaki!row25,JADUAL A2 Umur Perempuan!row25
A2,Age group,50-54,median_rm,2024,3286,3140,4.4,0.956,JADUAL A2 Umur Lelaki!row25,JADUAL A2 Umur Perempuan!row25
A2,Age group,50-54,median_rm,2025,3549,3278,7.6,0.924,JADUAL A2 Umur Lelaki!row25,JADUAL A2 Umur Perempuan!row25
A2,Age group,55-59,median_rm,2010,1717,1400,18.5,0.815,JADUAL A2 Umur Lelaki!row26,JADUAL A2 Umur Perempuan!row26
A2,Age group,55-59,median_rm,2011,1800,1300,27.8,0.722,JADUAL A2 Umur Lelaki!row26,JADUAL A2 Umur Perempuan!row26
A2,Age group,55-59,median_rm,2012,1800,1500,16.7,0.833,JADUAL A2 Umur Lelaki!row26,JADUAL A2 Umur Perempuan!row26
A2,Age group,55-59,median_rm,2013,2000,2000,0.0,1.0,JADUAL A2 Umur Lelaki!row26,JADUAL A2 Umur Perempuan!row26
A2,Age group,55-59,median_rm,2014,2125,2000,5.9,0.941,JADUAL A2 Umur Lelaki!row26,JADUAL A2 Umur Perempuan!row26
A2,Age group,55-59,median_rm,2015,2500,2295,8.2,0.918,JADUAL A2 Umur Lelaki!row26,JADUAL A2 Umur Perempuan!row26
A2,Age group,55-59,median_rm,2016,2695,2200,18.4,0.816,JADUAL A2 Umur Lelaki!row26,JADUAL A2 Umur Perempuan!row26
A2,Age group,55-59,median_rm,2017,3000,2260,24.7,0.753,JADUAL A2 Umur Lelaki!row26,JADUAL A2 Umur Perempuan!row26
A2,Age group,55-59,median_rm,2018,3199,2494,22.0,0.78,JADUAL A2 Umur Lelaki!row26,JADUAL A2 Umur Perempuan!row26
A2,Age group,55-59,median_rm,2019,3285,2522,23.2,0.768,JADUAL A2 Umur Lelaki!row26,JADUAL A2 Umur Perempuan!row26
A2,Age group,55-59,median_rm,2020,2673,2346,12.2,0.878,JADUAL A2 Umur Lelaki!row26,JADUAL A2 Umur Perempuan!row26
A2,Age group,55-59,median_rm,2021,3012,2828,6.1,0.939,JADUAL A2 Umur Lelaki!row26,JADUAL A2 Umur Perempuan!row26
A2,Age group,55-59,median_rm,2022,3097,2929,5.4,0.946,JADUAL A2 Umur Lelaki!row26,JADUAL A2 Umur Perempuan!row26
A2,Age group,55-59,median_rm,2023,3220,2937,8.8,0.912,JADUAL A2 Umur Lelaki!row26,JADUAL A2 Umur Perempuan!row26
A2,Age group,55-59,median_rm,2024,3371,2940,12.8,0.872,JADUAL A2 Umur Lelaki!row26,JADUAL A2 Umur Perempuan!row26
A2,Age group,55-59,median_rm,2025,3411,2840,16.7,0.833,JADUAL A2 Umur Lelaki!row26,JADUAL A2 Umur Perempuan!row26
A2,Age group,60-64,median_rm,2010,1000,800,20.0,0.8,JADUAL A2 Umur Lelaki!row27,JADUAL A2 Umur Perempuan!row27
A2,Age group,60-64,median_rm,2011,1200,780,35.0,0.65,JADUAL A2 Umur Lelaki!row27,JADUAL A2 Umur Perempuan!row27
A2,Age group,60-64,median_rm,2012,1200,800,33.3,0.667,JADUAL A2 Umur Lelaki!row27,JADUAL A2 Umur Perempuan!row27
A2,Age group,60-64,median_rm,2013,1320,750,43.2,0.568,JADUAL A2 Umur Lelaki!row27,JADUAL A2 Umur Perempuan!row27
A2,Age group,60-64,median_rm,2014,1500,900,40.0,0.6,JADUAL A2 Umur Lelaki!row27,JADUAL A2 Umur Perempuan!row27
A2,Age group,60-64,median_rm,2015,1500,1000,33.3,0.667,JADUAL A2 Umur Lelaki!row27,JADUAL A2 Umur Perempuan!row27
A2,Age group,60-64,median_rm,2016,1522,1050,31.0,0.69,JADUAL A2 Umur Lelaki!row27,JADUAL A2 Umur Perempuan!row27
A2,Age group,60-64,median_rm,2017,1850,1300,29.7,0.703,JADUAL A2 Umur Lelaki!row27,JADUAL A2 Umur Perempuan!row27
A2,Age group,60-64,median_rm,2018,2213,1676,24.3,0.757,JADUAL A2 Umur Lelaki!row27,JADUAL A2 Umur Perempuan!row27
A2,Age group,60-64,median_rm,2019,2339,1560,33.3,0.667,JADUAL A2 Umur Lelaki!row27,JADUAL A2 Umur Perempuan!row27
A2,Age group,60-64,median_rm,2020,1875,1326,29.3,0.707,JADUAL A2 Umur Lelaki!row27,JADUAL A2 Umur Perempuan!row27
A2,Age group,60-64,median_rm,2021,2324,1562,32.8,0.672,JADUAL A2 Umur Lelaki!row27,JADUAL A2 Umur Perempuan!row27
A2,Age group,60-64,median_rm,2022,2342,1618,30.9,0.691,JADUAL A2 Umur Lelaki!row27,JADUAL A2 Umur Perempuan!row27
A2,Age group,60-64,median_rm,2023,2362,1661,29.7,0.703,JADUAL A2 Umur Lelaki!row27,JADUAL A2 Umur Perempuan!row27
A2,Age group,60-64,median_rm,2024,2490,1700,31.7,0.683,JADUAL A2 Umur Lelaki!row27,JADUAL A2 Umur Perempuan!row27
A2,Age group,60-64,median_rm,2025,2856,1776,37.8,0.622,JADUAL A2 Umur Lelaki!row27,JADUAL A2 Umur Perempuan!row27
A2,Age group,Total,median_rm,2010,1500,1498,0.1,0.999,JADUAL A2 Umur Lelaki!row17,JADUAL A2 Umur Perempuan!row17
A2,Age group,Total,median_rm,2011,1500,1467,2.2,0.978,JADUAL A2 Umur Lelaki!row17,JADUAL A2 Umur Perempuan!row17
A2,Age group,Total,median_rm,2012,1600,1500,6.2,0.938,JADUAL A2 Umur Lelaki!row17,JADUAL A2 Umur Perempuan!row17
A2,Age group,Total,median_rm,2013,1800,1600,11.1,0.889,JADUAL A2 Umur Lelaki!row17,JADUAL A2 Umur Perempuan!row17
A2,Age group,Total,median_rm,2014,1888,1700,10.0,0.9,JADUAL A2 Umur Lelaki!row17,JADUAL A2 Umur Perempuan!row17
A2,Age group,Total,median_rm,2015,2000,1855,7.2,0.927,JADUAL A2 Umur Lelaki!row17,JADUAL A2 Umur Perempuan!row17
A2,Age group,Total,median_rm,2016,2000,2000,0.0,1.0,JADUAL A2 Umur Lelaki!row17,JADUAL A2 Umur Perempuan!row17
A2,Age group,Total,median_rm,2017,2170,2145,1.2,0.988,JADUAL A2 Umur Lelaki!row17,JADUAL A2 Umur Perempuan!row17
A2,Age group,Total,median_rm,2018,2342,2227,4.9,0.951,JADUAL A2 Umur Lelaki!row17,JADUAL A2 Umur Perempuan!row17
A2,Age group,Total,median_rm,2019,2477,2370,4.3,0.957,JADUAL A2 Umur Lelaki!row17,JADUAL A2 Umur Perempuan!row17
A2,Age group,Total,median_rm,2020,2107,2026,3.8,0.962,JADUAL A2 Umur Lelaki!row17,JADUAL A2 Umur Perempuan!row17
A2,Age group,Total,median_rm,2021,2323,2150,7.4,0.926,JADUAL A2 Umur Lelaki!row17,JADUAL A2 Umur Perempuan!row17
A2,Age group,Total,median_rm,2022,2498,2305,7.7,0.923,JADUAL A2 Umur Lelaki!row17,JADUAL A2 Umur Perempuan!row17
A2,Age group,Total,median_rm,2023,2675,2464,7.9,0.921,JADUAL A2 Umur Lelaki!row17,JADUAL A2 Umur Perempuan!row17
A2,Age group,Total,median_rm,2024,2850,2641,7.3,0.927,JADUAL A2 Umur Lelaki!row17,JADUAL A2 Umur Perempuan!row17
A2,Age group,Total,median_rm,2025,3014,2788,7.5,0.925,JADUAL A2 Umur Lelaki!row17,JADUAL A2 Umur Perempuan!row17
A4,"Tertiary-educated, by age",No formal education,mean_rm,2010,892,568,36.3,0.637,JADUAL A4 TP Lelaki!row17,JADUAL A4 TP Perempuan!row17
A4,"Tertiary-educated, by age",No formal education,mean_rm,2011,887,570,35.7,0.643,JADUAL A4 TP Lelaki!row17,JADUAL A4 TP Perempuan!row17
A4,"Tertiary-educated, by age",No formal education,mean_rm,2012,963,621,35.5,0.645,JADUAL A4 TP Lelaki!row17,JADUAL A4 TP Perempuan!row17
A4,"Tertiary-educated, by age",No formal education,mean_rm,2013,948,757,20.1,0.799,JADUAL A4 TP Lelaki!row17,JADUAL A4 TP Perempuan!row17
A4,"Tertiary-educated, by age",No formal education,mean_rm,2014,1083,761,29.7,0.703,JADUAL A4 TP Lelaki!row17,JADUAL A4 TP Perempuan!row17
A4,"Tertiary-educated, by age",No formal education,mean_rm,2015,1106,778,29.7,0.703,JADUAL A4 TP Lelaki!row17,JADUAL A4 TP Perempuan!row17
A4,"Tertiary-educated, by age",No formal education,mean_rm,2016,1408,877,37.7,0.623,JADUAL A4 TP Lelaki!row17,JADUAL A4 TP Perempuan!row17
A4,"Tertiary-educated, by age",No formal education,mean_rm,2017,1601,1128,29.5,0.705,JADUAL A4 TP Lelaki!row17,JADUAL A4 TP Perempuan!row17
A4,"Tertiary-educated, by age",No formal education,mean_rm,2018,1682,1154,31.4,0.686,JADUAL A4 TP Lelaki!row17,JADUAL A4 TP Perempuan!row17
A4,"Tertiary-educated, by age",No formal education,mean_rm,2019,1785,1302,27.1,0.729,JADUAL A4 TP Lelaki!row17,JADUAL A4 TP Perempuan!row17
A4,"Tertiary-educated, by age",No formal education,mean_rm,2020,1629,1286,21.1,0.789,JADUAL A4 TP Lelaki!row17,JADUAL A4 TP Perempuan!row17
A4,"Tertiary-educated, by age",No formal education,mean_rm,2021,1449,1272,12.2,0.878,JADUAL A4 TP Lelaki!row17,JADUAL A4 TP Perempuan!row17
A4,"Tertiary-educated, by age",No formal education,mean_rm,2022,1679,1345,19.9,0.801,JADUAL A4 TP Lelaki!row17,JADUAL A4 TP Perempuan!row17
A4,"Tertiary-educated, by age",No formal education,mean_rm,2023,1979,1464,26.0,0.74,JADUAL A4 TP Lelaki!row17,JADUAL A4 TP Perempuan!row17
A4,"Tertiary-educated, by age",No formal education,mean_rm,2024,2031,1609,20.8,0.792,JADUAL A4 TP Lelaki!row17,JADUAL A4 TP Perempuan!row17
A4,"Tertiary-educated, by age",No formal education,mean_rm,2025,2163,1657,23.4,0.766,JADUAL A4 TP Lelaki!row17,JADUAL A4 TP Perempuan!row17
A4,"Tertiary-educated, by age",Primary,mean_rm,2010,1169,759,35.1,0.649,JADUAL A4 TP Lelaki!row18,JADUAL A4 TP Perempuan!row18
A4,"Tertiary-educated, by age",Primary,mean_rm,2011,1209,764,36.8,0.632,JADUAL A4 TP Lelaki!row18,JADUAL A4 TP Perempuan!row18
A4,"Tertiary-educated, by age",Primary,mean_rm,2012,1261,787,37.6,0.624,JADUAL A4 TP Lelaki!row18,JADUAL A4 TP Perempuan!row18
A4,"Tertiary-educated, by age",Primary,mean_rm,2013,1343,857,36.2,0.638,JADUAL A4 TP Lelaki!row18,JADUAL A4 TP Perempuan!row18
A4,"Tertiary-educated, by age",Primary,mean_rm,2014,1471,968,34.2,0.658,JADUAL A4 TP Lelaki!row18,JADUAL A4 TP Perempuan!row18
A4,"Tertiary-educated, by age",Primary,mean_rm,2015,1519,985,35.2,0.648,JADUAL A4 TP Lelaki!row18,JADUAL A4 TP Perempuan!row18
A4,"Tertiary-educated, by age",Primary,mean_rm,2016,1589,1084,31.8,0.682,JADUAL A4 TP Lelaki!row18,JADUAL A4 TP Perempuan!row18
A4,"Tertiary-educated, by age",Primary,mean_rm,2017,1758,1361,22.6,0.774,JADUAL A4 TP Lelaki!row18,JADUAL A4 TP Perempuan!row18
A4,"Tertiary-educated, by age",Primary,mean_rm,2018,1986,1378,30.6,0.694,JADUAL A4 TP Lelaki!row18,JADUAL A4 TP Perempuan!row18
A4,"Tertiary-educated, by age",Primary,mean_rm,2019,2076,1564,24.7,0.753,JADUAL A4 TP Lelaki!row18,JADUAL A4 TP Perempuan!row18
A4,"Tertiary-educated, by age",Primary,mean_rm,2020,1737,1443,16.9,0.831,JADUAL A4 TP Lelaki!row18,JADUAL A4 TP Perempuan!row18
A4,"Tertiary-educated, by age",Primary,mean_rm,2021,1739,1582,9.0,0.91,JADUAL A4 TP Lelaki!row18,JADUAL A4 TP Perempuan!row18
A4,"Tertiary-educated, by age",Primary,mean_rm,2022,1860,1697,8.8,0.912,JADUAL A4 TP Lelaki!row18,JADUAL A4 TP Perempuan!row18
A4,"Tertiary-educated, by age",Primary,mean_rm,2023,2129,1815,14.7,0.853,JADUAL A4 TP Lelaki!row18,JADUAL A4 TP Perempuan!row18
A4,"Tertiary-educated, by age",Primary,mean_rm,2024,2244,1881,16.2,0.838,JADUAL A4 TP Lelaki!row18,JADUAL A4 TP Perempuan!row18
A4,"Tertiary-educated, by age",Primary,mean_rm,2025,2235,1884,15.7,0.843,JADUAL A4 TP Lelaki!row18,JADUAL A4 TP Perempuan!row18
A4,"Tertiary-educated, by age",Secondary,mean_rm,2010,1582,1281,19.0,0.81,JADUAL A4 TP Lelaki!row19,JADUAL A4 TP Perempuan!row19
A4,"Tertiary-educated, by age",Secondary,mean_rm,2011,1617,1295,19.9,0.801,JADUAL A4 TP Lelaki!row19,JADUAL A4 TP Perempuan!row19
A4,"Tertiary-educated, by age",Secondary,mean_rm,2012,1678,1341,20.1,0.799,JADUAL A4 TP Lelaki!row19,JADUAL A4 TP Perempuan!row19
A4,"Tertiary-educated, by age",Secondary,mean_rm,2013,1809,1435,20.7,0.793,JADUAL A4 TP Lelaki!row19,JADUAL A4 TP Perempuan!row19
A4,"Tertiary-educated, by age",Secondary,mean_rm,2014,1916,1496,21.9,0.781,JADUAL A4 TP Lelaki!row19,JADUAL A4 TP Perempuan!row19
A4,"Tertiary-educated, by age",Secondary,mean_rm,2015,1955,1548,20.8,0.792,JADUAL A4 TP Lelaki!row19,JADUAL A4 TP Perempuan!row19
A4,"Tertiary-educated, by age",Secondary,mean_rm,2016,2079,1612,22.5,0.775,JADUAL A4 TP Lelaki!row19,JADUAL A4 TP Perempuan!row19
A4,"Tertiary-educated, by age",Secondary,mean_rm,2017,2187,1804,17.5,0.825,JADUAL A4 TP Lelaki!row19,JADUAL A4 TP Perempuan!row19
A4,"Tertiary-educated, by age",Secondary,mean_rm,2018,2382,1897,20.4,0.796,JADUAL A4 TP Lelaki!row19,JADUAL A4 TP Perempuan!row19
A4,"Tertiary-educated, by age",Secondary,mean_rm,2019,2540,2058,19.0,0.81,JADUAL A4 TP Lelaki!row19,JADUAL A4 TP Perempuan!row19
A4,"Tertiary-educated, by age",Secondary,mean_rm,2020,2275,1903,16.4,0.836,JADUAL A4 TP Lelaki!row19,JADUAL A4 TP Perempuan!row19
A4,"Tertiary-educated, by age",Secondary,mean_rm,2021,2285,2018,11.7,0.883,JADUAL A4 TP Lelaki!row19,JADUAL A4 TP Perempuan!row19
A4,"Tertiary-educated, by age",Secondary,mean_rm,2022,2469,2162,12.4,0.876,JADUAL A4 TP Lelaki!row19,JADUAL A4 TP Perempuan!row19
A4,"Tertiary-educated, by age",Secondary,mean_rm,2023,2665,2303,13.6,0.864,JADUAL A4 TP Lelaki!row19,JADUAL A4 TP Perempuan!row19
A4,"Tertiary-educated, by age",Secondary,mean_rm,2024,2821,2432,13.8,0.862,JADUAL A4 TP Lelaki!row19,JADUAL A4 TP Perempuan!row19
A4,"Tertiary-educated, by age",Secondary,mean_rm,2025,2889,2445,15.4,0.846,JADUAL A4 TP Lelaki!row19,JADUAL A4 TP Perempuan!row19
A4,"Tertiary-educated, by age",Tertiary,mean_rm,2010,3392,2696,20.5,0.795,JADUAL A4 TP Lelaki!row20,JADUAL A4 TP Perempuan!row20
A4,"Tertiary-educated, by age",Tertiary,mean_rm,2011,3432,2711,21.0,0.79,JADUAL A4 TP Lelaki!row20,JADUAL A4 TP Perempuan!row20
A4,"Tertiary-educated, by age",Tertiary,mean_rm,2012,3553,2831,20.3,0.797,JADUAL A4 TP Lelaki!row20,JADUAL A4 TP Perempuan!row20
A4,"Tertiary-educated, by age",Tertiary,mean_rm,2013,3651,3019,17.3,0.827,JADUAL A4 TP Lelaki!row20,JADUAL A4 TP Perempuan!row20
A4,"Tertiary-educated, by age",Tertiary,mean_rm,2014,3959,3287,17.0,0.83,JADUAL A4 TP Lelaki!row20,JADUAL A4 TP Perempuan!row20
A4,"Tertiary-educated, by age",Tertiary,mean_rm,2015,4116,3386,17.7,0.823,JADUAL A4 TP Lelaki!row20,JADUAL A4 TP Perempuan!row20
A4,"Tertiary-educated, by age",Tertiary,mean_rm,2016,4442,3591,19.2,0.808,JADUAL A4 TP Lelaki!row20,JADUAL A4 TP Perempuan!row20
A4,"Tertiary-educated, by age",Tertiary,mean_rm,2017,4798,3872,19.3,0.807,JADUAL A4 TP Lelaki!row20,JADUAL A4 TP Perempuan!row20
A4,"Tertiary-educated, by age",Tertiary,mean_rm,2018,5006,4124,17.6,0.824,JADUAL A4 TP Lelaki!row20,JADUAL A4 TP Perempuan!row20
A4,"Tertiary-educated, by age",Tertiary,mean_rm,2019,5036,4269,15.2,0.848,JADUAL A4 TP Lelaki!row20,JADUAL A4 TP Perempuan!row20
A4,"Tertiary-educated, by age",Tertiary,mean_rm,2020,4518,3905,13.6,0.864,JADUAL A4 TP Lelaki!row20,JADUAL A4 TP Perempuan!row20
A4,"Tertiary-educated, by age",Tertiary,mean_rm,2021,4629,3900,15.7,0.843,JADUAL A4 TP Lelaki!row20,JADUAL A4 TP Perempuan!row20
A4,"Tertiary-educated, by age",Tertiary,mean_rm,2022,4758,4085,14.1,0.859,JADUAL A4 TP Lelaki!row20,JADUAL A4 TP Perempuan!row20
A4,"Tertiary-educated, by age",Tertiary,mean_rm,2023,5072,4319,14.8,0.852,JADUAL A4 TP Lelaki!row20,JADUAL A4 TP Perempuan!row20
A4,"Tertiary-educated, by age",Tertiary,mean_rm,2024,5376,4529,15.8,0.842,JADUAL A4 TP Lelaki!row20,JADUAL A4 TP Perempuan!row20
A4,"Tertiary-educated, by age",Tertiary,mean_rm,2025,5690,4809,15.5,0.845,JADUAL A4 TP Lelaki!row20,JADUAL A4 TP Perempuan!row20
A4,"Tertiary-educated, by age",Total,mean_rm,2010,2003,1825,8.9,0.911,JADUAL A4 TP Lelaki!row16,JADUAL A4 TP Perempuan!row16
A4,"Tertiary-educated, by age",Total,mean_rm,2011,2035,1838,9.7,0.903,JADUAL A4 TP Lelaki!row16,JADUAL A4 TP Perempuan!row16
A4,"Tertiary-educated, by age",Total,mean_rm,2012,2126,1935,9.0,0.91,JADUAL A4 TP Lelaki!row16,JADUAL A4 TP Perempuan!row16
A4,"Tertiary-educated, by age",Total,mean_rm,2013,2259,2072,8.3,0.917,JADUAL A4 TP Lelaki!row16,JADUAL A4 TP Perempuan!row16
A4,"Tertiary-educated, by age",Total,mean_rm,2014,2455,2259,8.0,0.92,JADUAL A4 TP Lelaki!row16,JADUAL A4 TP Perempuan!row16
A4,"Tertiary-educated, by age",Total,mean_rm,2015,2558,2380,7.0,0.93,JADUAL A4 TP Lelaki!row16,JADUAL A4 TP Perempuan!row16
A4,"Tertiary-educated, by age",Total,mean_rm,2016,2741,2532,7.6,0.924,JADUAL A4 TP Lelaki!row16,JADUAL A4 TP Perempuan!row16
A4,"Tertiary-educated, by age",Total,mean_rm,2017,2953,2772,6.1,0.939,JADUAL A4 TP Lelaki!row16,JADUAL A4 TP Perempuan!row16
A4,"Tertiary-educated, by age",Total,mean_rm,2018,3174,2959,6.8,0.932,JADUAL A4 TP Lelaki!row16,JADUAL A4 TP Perempuan!row16
A4,"Tertiary-educated, by age",Total,mean_rm,2019,3304,3108,5.9,0.941,JADUAL A4 TP Lelaki!row16,JADUAL A4 TP Perempuan!row16
A4,"Tertiary-educated, by age",Total,mean_rm,2020,3011,2872,4.6,0.954,JADUAL A4 TP Lelaki!row16,JADUAL A4 TP Perempuan!row16
A4,"Tertiary-educated, by age",Total,mean_rm,2021,3114,2955,5.1,0.949,JADUAL A4 TP Lelaki!row16,JADUAL A4 TP Perempuan!row16
A4,"Tertiary-educated, by age",Total,mean_rm,2022,3288,3119,5.1,0.949,JADUAL A4 TP Lelaki!row16,JADUAL A4 TP Perempuan!row16
A4,"Tertiary-educated, by age",Total,mean_rm,2023,3532,3311,6.3,0.937,JADUAL A4 TP Lelaki!row16,JADUAL A4 TP Perempuan!row16
A4,"Tertiary-educated, by age",Total,mean_rm,2024,3759,3499,6.9,0.931,JADUAL A4 TP Lelaki!row16,JADUAL A4 TP Perempuan!row16
A4,"Tertiary-educated, by age",Total,mean_rm,2025,3921,3635,7.3,0.927,JADUAL A4 TP Lelaki!row16,JADUAL A4 TP Perempuan!row16
A4,"Tertiary-educated, by age",No formal education,median_rm,2010,800,500,37.5,0.625,JADUAL A4 TP Lelaki!row12,JADUAL A4 TP Perempuan!row12
A4,"Tertiary-educated, by age",No formal education,median_rm,2011,800,500,37.5,0.625,JADUAL A4 TP Lelaki!row12,JADUAL A4 TP Perempuan!row12
A4,"Tertiary-educated, by age",No formal education,median_rm,2012,900,550,38.9,0.611,JADUAL A4 TP Lelaki!row12,JADUAL A4 TP Perempuan!row12
A4,"Tertiary-educated, by age",No formal education,median_rm,2013,850,700,17.6,0.824,JADUAL A4 TP Lelaki!row12,JADUAL A4 TP Perempuan!row12
A4,"Tertiary-educated, by age",No formal education,median_rm,2014,1000,700,30.0,0.7,JADUAL A4 TP Lelaki!row12,JADUAL A4 TP Perempuan!row12
A4,"Tertiary-educated, by age",No formal education,median_rm,2015,970,792,18.4,0.816,JADUAL A4 TP Lelaki!row12,JADUAL A4 TP Perempuan!row12
A4,"Tertiary-educated, by age",No formal education,median_rm,2016,1150,900,21.7,0.783,JADUAL A4 TP Lelaki!row12,JADUAL A4 TP Perempuan!row12
A4,"Tertiary-educated, by age",No formal education,median_rm,2017,1200,900,25.0,0.75,JADUAL A4 TP Lelaki!row12,JADUAL A4 TP Perempuan!row12
A4,"Tertiary-educated, by age",No formal education,median_rm,2018,1539,1016,34.0,0.66,JADUAL A4 TP Lelaki!row12,JADUAL A4 TP Perempuan!row12
A4,"Tertiary-educated, by age",No formal education,median_rm,2019,1600,1150,28.1,0.719,JADUAL A4 TP Lelaki!row12,JADUAL A4 TP Perempuan!row12
A4,"Tertiary-educated, by age",No formal education,median_rm,2020,1274,1108,13.0,0.87,JADUAL A4 TP Lelaki!row12,JADUAL A4 TP Perempuan!row12
A4,"Tertiary-educated, by age",No formal education,median_rm,2021,1368,1153,15.7,0.843,JADUAL A4 TP Lelaki!row12,JADUAL A4 TP Perempuan!row12
A4,"Tertiary-educated, by age",No formal education,median_rm,2022,1433,1210,15.6,0.844,JADUAL A4 TP Lelaki!row12,JADUAL A4 TP Perempuan!row12
A4,"Tertiary-educated, by age",No formal education,median_rm,2023,1529,1221,20.1,0.799,JADUAL A4 TP Lelaki!row12,JADUAL A4 TP Perempuan!row12
A4,"Tertiary-educated, by age",No formal education,median_rm,2024,1642,1244,24.2,0.758,JADUAL A4 TP Lelaki!row12,JADUAL A4 TP Perempuan!row12
A4,"Tertiary-educated, by age",No formal education,median_rm,2025,1642,1302,20.7,0.793,JADUAL A4 TP Lelaki!row12,JADUAL A4 TP Perempuan!row12
A4,"Tertiary-educated, by age",Primary,median_rm,2010,1000,600,40.0,0.6,JADUAL A4 TP Lelaki!row13,JADUAL A4 TP Perempuan!row13
A4,"Tertiary-educated, by age",Primary,median_rm,2011,1000,700,30.0,0.7,JADUAL A4 TP Lelaki!row13,JADUAL A4 TP Perempuan!row13
A4,"Tertiary-educated, by age",Primary,median_rm,2012,1100,700,36.4,0.636,JADUAL A4 TP Lelaki!row13,JADUAL A4 TP Perempuan!row13
A4,"Tertiary-educated, by age",Primary,median_rm,2013,1120,775,30.8,0.692,JADUAL A4 TP Lelaki!row13,JADUAL A4 TP Perempuan!row13
A4,"Tertiary-educated, by age",Primary,median_rm,2014,1200,900,25.0,0.75,JADUAL A4 TP Lelaki!row13,JADUAL A4 TP Perempuan!row13
A4,"Tertiary-educated, by age",Primary,median_rm,2015,1298,900,30.7,0.693,JADUAL A4 TP Lelaki!row13,JADUAL A4 TP Perempuan!row13
A4,"Tertiary-educated, by age",Primary,median_rm,2016,1400,900,35.7,0.643,JADUAL A4 TP Lelaki!row13,JADUAL A4 TP Perempuan!row13
A4,"Tertiary-educated, by age",Primary,median_rm,2017,1500,1100,26.7,0.733,JADUAL A4 TP Lelaki!row13,JADUAL A4 TP Perempuan!row13
A4,"Tertiary-educated, by age",Primary,median_rm,2018,1680,1182,29.6,0.704,JADUAL A4 TP Lelaki!row13,JADUAL A4 TP Perempuan!row13
A4,"Tertiary-educated, by age",Primary,median_rm,2019,1725,1295,24.9,0.751,JADUAL A4 TP Lelaki!row13,JADUAL A4 TP Perempuan!row13
A4,"Tertiary-educated, by age",Primary,median_rm,2020,1326,1221,7.9,0.921,JADUAL A4 TP Lelaki!row13,JADUAL A4 TP Perempuan!row13
A4,"Tertiary-educated, by age",Primary,median_rm,2021,1408,1545,-9.7,1.097,JADUAL A4 TP Lelaki!row13,JADUAL A4 TP Perempuan!row13
A4,"Tertiary-educated, by age",Primary,median_rm,2022,1559,1546,0.8,0.992,JADUAL A4 TP Lelaki!row13,JADUAL A4 TP Perempuan!row13
A4,"Tertiary-educated, by age",Primary,median_rm,2023,1750,1531,12.5,0.875,JADUAL A4 TP Lelaki!row13,JADUAL A4 TP Perempuan!row13
A4,"Tertiary-educated, by age",Primary,median_rm,2024,1770,1589,10.2,0.898,JADUAL A4 TP Lelaki!row13,JADUAL A4 TP Perempuan!row13
A4,"Tertiary-educated, by age",Primary,median_rm,2025,1847,1676,9.3,0.907,JADUAL A4 TP Lelaki!row13,JADUAL A4 TP Perempuan!row13
A4,"Tertiary-educated, by age",Secondary,median_rm,2010,1357,1066,21.4,0.786,JADUAL A4 TP Lelaki!row14,JADUAL A4 TP Perempuan!row14
A4,"Tertiary-educated, by age",Secondary,median_rm,2011,1400,1100,21.4,0.786,JADUAL A4 TP Lelaki!row14,JADUAL A4 TP Perempuan!row14
A4,"Tertiary-educated, by age",Secondary,median_rm,2012,1500,1140,24.0,0.76,JADUAL A4 TP Lelaki!row14,JADUAL A4 TP Perempuan!row14
A4,"Tertiary-educated, by age",Secondary,median_rm,2013,1500,1200,20.0,0.8,JADUAL A4 TP Lelaki!row14,JADUAL A4 TP Perempuan!row14
A4,"Tertiary-educated, by age",Secondary,median_rm,2014,1577,1200,23.9,0.761,JADUAL A4 TP Lelaki!row14,JADUAL A4 TP Perempuan!row14
A4,"Tertiary-educated, by age",Secondary,median_rm,2015,1600,1250,21.9,0.781,JADUAL A4 TP Lelaki!row14,JADUAL A4 TP Perempuan!row14
A4,"Tertiary-educated, by age",Secondary,median_rm,2016,1760,1390,21.0,0.79,JADUAL A4 TP Lelaki!row14,JADUAL A4 TP Perempuan!row14
A4,"Tertiary-educated, by age",Secondary,median_rm,2017,1850,1550,16.2,0.838,JADUAL A4 TP Lelaki!row14,JADUAL A4 TP Perempuan!row14
A4,"Tertiary-educated, by age",Secondary,median_rm,2018,2039,1599,21.6,0.784,JADUAL A4 TP Lelaki!row14,JADUAL A4 TP Perempuan!row14
A4,"Tertiary-educated, by age",Secondary,median_rm,2019,2147,1711,20.3,0.797,JADUAL A4 TP Lelaki!row14,JADUAL A4 TP Perempuan!row14
A4,"Tertiary-educated, by age",Secondary,median_rm,2020,1791,1494,16.6,0.834,JADUAL A4 TP Lelaki!row14,JADUAL A4 TP Perempuan!row14
A4,"Tertiary-educated, by age",Secondary,median_rm,2021,1773,1587,10.5,0.895,JADUAL A4 TP Lelaki!row14,JADUAL A4 TP Perempuan!row14
A4,"Tertiary-educated, by age",Secondary,median_rm,2022,1953,1752,10.3,0.897,JADUAL A4 TP Lelaki!row14,JADUAL A4 TP Perempuan!row14
A4,"Tertiary-educated, by age",Secondary,median_rm,2023,2070,1819,12.1,0.879,JADUAL A4 TP Lelaki!row14,JADUAL A4 TP Perempuan!row14
A4,"Tertiary-educated, by age",Secondary,median_rm,2024,2139,1947,9.0,0.91,JADUAL A4 TP Lelaki!row14,JADUAL A4 TP Perempuan!row14
A4,"Tertiary-educated, by age",Secondary,median_rm,2025,2473,2026,18.1,0.819,JADUAL A4 TP Lelaki!row14,JADUAL A4 TP Perempuan!row14
A4,"Tertiary-educated, by age",Tertiary,median_rm,2010,2800,2455,12.3,0.877,JADUAL A4 TP Lelaki!row15,JADUAL A4 TP Perempuan!row15
A4,"Tertiary-educated, by age",Tertiary,median_rm,2011,2940,2500,15.0,0.85,JADUAL A4 TP Lelaki!row15,JADUAL A4 TP Perempuan!row15
A4,"Tertiary-educated, by age",Tertiary,median_rm,2012,3000,2505,16.5,0.835,JADUAL A4 TP Lelaki!row15,JADUAL A4 TP Perempuan!row15
A4,"Tertiary-educated, by age",Tertiary,median_rm,2013,3000,2743,8.6,0.914,JADUAL A4 TP Lelaki!row15,JADUAL A4 TP Perempuan!row15
A4,"Tertiary-educated, by age",Tertiary,median_rm,2014,3200,3000,6.2,0.938,JADUAL A4 TP Lelaki!row15,JADUAL A4 TP Perempuan!row15
A4,"Tertiary-educated, by age",Tertiary,median_rm,2015,3395,3000,11.6,0.884,JADUAL A4 TP Lelaki!row15,JADUAL A4 TP Perempuan!row15
A4,"Tertiary-educated, by age",Tertiary,median_rm,2016,3500,3120,10.9,0.891,JADUAL A4 TP Lelaki!row15,JADUAL A4 TP Perempuan!row15
A4,"Tertiary-educated, by age",Tertiary,median_rm,2017,3550,3150,11.3,0.887,JADUAL A4 TP Lelaki!row15,JADUAL A4 TP Perempuan!row15
A4,"Tertiary-educated, by age",Tertiary,median_rm,2018,3866,3465,10.4,0.896,JADUAL A4 TP Lelaki!row15,JADUAL A4 TP Perempuan!row15
A4,"Tertiary-educated, by age",Tertiary,median_rm,2019,4227,3570,15.5,0.845,JADUAL A4 TP Lelaki!row15,JADUAL A4 TP Perempuan!row15
A4,"Tertiary-educated, by age",Tertiary,median_rm,2020,3627,3301,9.0,0.91,JADUAL A4 TP Lelaki!row15,JADUAL A4 TP Perempuan!row15
A4,"Tertiary-educated, by age",Tertiary,median_rm,2021,4210,3523,16.3,0.837,JADUAL A4 TP Lelaki!row15,JADUAL A4 TP Perempuan!row15
A4,"Tertiary-educated, by age",Tertiary,median_rm,2022,4097,3538,13.6,0.864,JADUAL A4 TP Lelaki!row15,JADUAL A4 TP Perempuan!row15
A4,"Tertiary-educated, by age",Tertiary,median_rm,2023,4333,3586,17.2,0.828,JADUAL A4 TP Lelaki!row15,JADUAL A4 TP Perempuan!row15
A4,"Tertiary-educated, by age",Tertiary,median_rm,2024,4406,3686,16.3,0.837,JADUAL A4 TP Lelaki!row15,JADUAL A4 TP Perempuan!row15
A4,"Tertiary-educated, by age",Tertiary,median_rm,2025,4864,3938,19.0,0.81,JADUAL A4 TP Lelaki!row15,JADUAL A4 TP Perempuan!row15
A4,"Tertiary-educated, by age",Total,median_rm,2010,1500,1498,0.1,0.999,JADUAL A4 TP Lelaki!row11,JADUAL A4 TP Perempuan!row11
A4,"Tertiary-educated, by age",Total,median_rm,2011,1500,1467,2.2,0.978,JADUAL A4 TP Lelaki!row11,JADUAL A4 TP Perempuan!row11
A4,"Tertiary-educated, by age",Total,median_rm,2012,1600,1500,6.2,0.938,JADUAL A4 TP Lelaki!row11,JADUAL A4 TP Perempuan!row11
A4,"Tertiary-educated, by age",Total,median_rm,2013,1800,1600,11.1,0.889,JADUAL A4 TP Lelaki!row11,JADUAL A4 TP Perempuan!row11
A4,"Tertiary-educated, by age",Total,median_rm,2014,1888,1700,10.0,0.9,JADUAL A4 TP Lelaki!row11,JADUAL A4 TP Perempuan!row11
A4,"Tertiary-educated, by age",Total,median_rm,2015,2000,1855,7.2,0.927,JADUAL A4 TP Lelaki!row11,JADUAL A4 TP Perempuan!row11
A4,"Tertiary-educated, by age",Total,median_rm,2016,2000,2000,0.0,1.0,JADUAL A4 TP Lelaki!row11,JADUAL A4 TP Perempuan!row11
A4,"Tertiary-educated, by age",Total,median_rm,2017,2170,2145,1.2,0.988,JADUAL A4 TP Lelaki!row11,JADUAL A4 TP Perempuan!row11
A4,"Tertiary-educated, by age",Total,median_rm,2018,2342,2227,4.9,0.951,JADUAL A4 TP Lelaki!row11,JADUAL A4 TP Perempuan!row11
A4,"Tertiary-educated, by age",Total,median_rm,2019,2477,2370,4.3,0.957,JADUAL A4 TP Lelaki!row11,JADUAL A4 TP Perempuan!row11
A4,"Tertiary-educated, by age",Total,median_rm,2020,2107,2026,3.8,0.962,JADUAL A4 TP Lelaki!row11,JADUAL A4 TP Perempuan!row11
A4,"Tertiary-educated, by age",Total,median_rm,2021,2323,2150,7.4,0.926,JADUAL A4 TP Lelaki!row11,JADUAL A4 TP Perempuan!row11
A4,"Tertiary-educated, by age",Total,median_rm,2022,2498,2305,7.7,0.923,JADUAL A4 TP Lelaki!row11,JADUAL A4 TP Perempuan!row11
A4,"Tertiary-educated, by age",Total,median_rm,2023,2675,2464,7.9,0.921,JADUAL A4 TP Lelaki!row11,JADUAL A4 TP Perempuan!row11
A4,"Tertiary-educated, by age",Total,median_rm,2024,2850,2641,7.3,0.927,JADUAL A4 TP Lelaki!row11,JADUAL A4 TP Perempuan!row11
A4,"Tertiary-educated, by age",Total,median_rm,2025,3014,2788,7.5,0.925,JADUAL A4 TP Lelaki!row11,JADUAL A4 TP Perempuan!row11
A6,"Certificate holders, by age",Degree,mean_rm,2010,4588,3436,25.1,0.749,JADUAL A6 Sijil Lelaki!row23,JADUAL A6 Sijil Perempuan!row23
A6,"Certificate holders, by age",Degree,mean_rm,2011,4655,3487,25.1,0.749,JADUAL A6 Sijil Lelaki!row23,JADUAL A6 Sijil Perempuan!row23
A6,"Certificate holders, by age",Degree,mean_rm,2012,4827,3534,26.8,0.732,JADUAL A6 Sijil Lelaki!row23,JADUAL A6 Sijil Perempuan!row23
A6,"Certificate holders, by age",Degree,mean_rm,2013,5015,3852,23.2,0.768,JADUAL A6 Sijil Lelaki!row23,JADUAL A6 Sijil Perempuan!row23
A6,"Certificate holders, by age",Degree,mean_rm,2014,5442,4140,23.9,0.761,JADUAL A6 Sijil Lelaki!row23,JADUAL A6 Sijil Perempuan!row23
A6,"Certificate holders, by age",Degree,mean_rm,2015,5633,4304,23.6,0.764,JADUAL A6 Sijil Lelaki!row23,JADUAL A6 Sijil Perempuan!row23
A6,"Certificate holders, by age",Degree,mean_rm,2016,6012,4529,24.7,0.753,JADUAL A6 Sijil Lelaki!row23,JADUAL A6 Sijil Perempuan!row23
A6,"Certificate holders, by age",Degree,mean_rm,2017,6425,4927,23.3,0.767,JADUAL A6 Sijil Lelaki!row23,JADUAL A6 Sijil Perempuan!row23
A6,"Certificate holders, by age",Degree,mean_rm,2018,6838,5139,24.8,0.752,JADUAL A6 Sijil Lelaki!row23,JADUAL A6 Sijil Perempuan!row23
A6,"Certificate holders, by age",Degree,mean_rm,2019,6630,5308,19.9,0.801,JADUAL A6 Sijil Lelaki!row23,JADUAL A6 Sijil Perempuan!row23
A6,"Certificate holders, by age",Degree,mean_rm,2020,6229,4823,22.6,0.774,JADUAL A6 Sijil Lelaki!row23,JADUAL A6 Sijil Perempuan!row23
A6,"Certificate holders, by age",Degree,mean_rm,2021,6080,4827,20.6,0.794,JADUAL A6 Sijil Lelaki!row23,JADUAL A6 Sijil Perempuan!row23
A6,"Certificate holders, by age",Degree,mean_rm,2022,6100,5087,16.6,0.834,JADUAL A6 Sijil Lelaki!row23,JADUAL A6 Sijil Perempuan!row23
A6,"Certificate holders, by age",Degree,mean_rm,2023,6275,5362,14.5,0.855,JADUAL A6 Sijil Lelaki!row23,JADUAL A6 Sijil Perempuan!row23
A6,"Certificate holders, by age",Degree,mean_rm,2024,6653,5564,16.4,0.836,JADUAL A6 Sijil Lelaki!row23,JADUAL A6 Sijil Perempuan!row23
A6,"Certificate holders, by age",Degree,mean_rm,2025,7021,5876,16.3,0.837,JADUAL A6 Sijil Lelaki!row23,JADUAL A6 Sijil Perempuan!row23
A6,"Certificate holders, by age",Diploma,mean_rm,2010,2913,2366,18.8,0.812,JADUAL A6 Sijil Lelaki!row22,JADUAL A6 Sijil Perempuan!row22
A6,"Certificate holders, by age",Diploma,mean_rm,2011,2947,2385,19.1,0.809,JADUAL A6 Sijil Lelaki!row22,JADUAL A6 Sijil Perempuan!row22
A6,"Certificate holders, by age",Diploma,mean_rm,2012,2970,2522,15.1,0.849,JADUAL A6 Sijil Lelaki!row22,JADUAL A6 Sijil Perempuan!row22
A6,"Certificate holders, by age",Diploma,mean_rm,2013,3055,2607,14.7,0.853,JADUAL A6 Sijil Lelaki!row22,JADUAL A6 Sijil Perempuan!row22
A6,"Certificate holders, by age",Diploma,mean_rm,2014,3244,2705,16.6,0.834,JADUAL A6 Sijil Lelaki!row22,JADUAL A6 Sijil Perempuan!row22
A6,"Certificate holders, by age",Diploma,mean_rm,2015,3346,2838,15.2,0.848,JADUAL A6 Sijil Lelaki!row22,JADUAL A6 Sijil Perempuan!row22
A6,"Certificate holders, by age",Diploma,mean_rm,2016,3610,2880,20.2,0.798,JADUAL A6 Sijil Lelaki!row22,JADUAL A6 Sijil Perempuan!row22
A6,"Certificate holders, by age",Diploma,mean_rm,2017,3877,3009,22.4,0.776,JADUAL A6 Sijil Lelaki!row22,JADUAL A6 Sijil Perempuan!row22
A6,"Certificate holders, by age",Diploma,mean_rm,2018,4017,3305,17.7,0.823,JADUAL A6 Sijil Lelaki!row22,JADUAL A6 Sijil Perempuan!row22
A6,"Certificate holders, by age",Diploma,mean_rm,2019,4126,3404,17.5,0.825,JADUAL A6 Sijil Lelaki!row22,JADUAL A6 Sijil Perempuan!row22
A6,"Certificate holders, by age",Diploma,mean_rm,2020,3605,3181,11.8,0.882,JADUAL A6 Sijil Lelaki!row22,JADUAL A6 Sijil Perempuan!row22
A6,"Certificate holders, by age",Diploma,mean_rm,2021,3628,3269,9.9,0.901,JADUAL A6 Sijil Lelaki!row22,JADUAL A6 Sijil Perempuan!row22
A6,"Certificate holders, by age",Diploma,mean_rm,2022,3826,3363,12.1,0.879,JADUAL A6 Sijil Lelaki!row22,JADUAL A6 Sijil Perempuan!row22
A6,"Certificate holders, by age",Diploma,mean_rm,2023,4264,3503,17.8,0.822,JADUAL A6 Sijil Lelaki!row22,JADUAL A6 Sijil Perempuan!row22
A6,"Certificate holders, by age",Diploma,mean_rm,2024,4508,3578,20.6,0.794,JADUAL A6 Sijil Lelaki!row22,JADUAL A6 Sijil Perempuan!row22
A6,"Certificate holders, by age",Diploma,mean_rm,2025,4773,3804,20.3,0.797,JADUAL A6 Sijil Lelaki!row22,JADUAL A6 Sijil Perempuan!row22
A6,"Certificate holders, by age",No certificate/Not applicable,mean_rm,2010,1074,684,36.3,0.637,JADUAL A6 Sijil Lelaki!row19,JADUAL A6 Sijil Perempuan!row19
A6,"Certificate holders, by age",No certificate/Not applicable,mean_rm,2011,1078,684,36.5,0.635,JADUAL A6 Sijil Lelaki!row19,JADUAL A6 Sijil Perempuan!row19
A6,"Certificate holders, by age",No certificate/Not applicable,mean_rm,2012,1136,716,37.0,0.63,JADUAL A6 Sijil Lelaki!row19,JADUAL A6 Sijil Perempuan!row19
A6,"Certificate holders, by age",No certificate/Not applicable,mean_rm,2013,1154,788,31.7,0.683,JADUAL A6 Sijil Lelaki!row19,JADUAL A6 Sijil Perempuan!row19
A6,"Certificate holders, by age",No certificate/Not applicable,mean_rm,2014,1308,832,36.4,0.636,JADUAL A6 Sijil Lelaki!row19,JADUAL A6 Sijil Perempuan!row19
A6,"Certificate holders, by age",No certificate/Not applicable,mean_rm,2015,1343,837,37.7,0.623,JADUAL A6 Sijil Lelaki!row19,JADUAL A6 Sijil Perempuan!row19
A6,"Certificate holders, by age",No certificate/Not applicable,mean_rm,2016,1424,950,33.3,0.667,JADUAL A6 Sijil Lelaki!row19,JADUAL A6 Sijil Perempuan!row19
A6,"Certificate holders, by age",No certificate/Not applicable,mean_rm,2017,1605,1211,24.5,0.755,JADUAL A6 Sijil Lelaki!row19,JADUAL A6 Sijil Perempuan!row19
A6,"Certificate holders, by age",No certificate/Not applicable,mean_rm,2018,1739,1241,28.6,0.714,JADUAL A6 Sijil Lelaki!row19,JADUAL A6 Sijil Perempuan!row19
A6,"Certificate holders, by age",No certificate/Not applicable,mean_rm,2019,1923,1403,27.0,0.73,JADUAL A6 Sijil Lelaki!row19,JADUAL A6 Sijil Perempuan!row19
A6,"Certificate holders, by age",No certificate/Not applicable,mean_rm,2020,1653,1294,21.7,0.783,JADUAL A6 Sijil Lelaki!row19,JADUAL A6 Sijil Perempuan!row19
A6,"Certificate holders, by age",No certificate/Not applicable,mean_rm,2021,1780,1377,22.6,0.774,JADUAL A6 Sijil Lelaki!row19,JADUAL A6 Sijil Perempuan!row19
A6,"Certificate holders, by age",No certificate/Not applicable,mean_rm,2022,1842,1512,17.9,0.821,JADUAL A6 Sijil Lelaki!row19,JADUAL A6 Sijil Perempuan!row19
A6,"Certificate holders, by age",No certificate/Not applicable,mean_rm,2023,2013,1661,17.5,0.825,JADUAL A6 Sijil Lelaki!row19,JADUAL A6 Sijil Perempuan!row19
A6,"Certificate holders, by age",No certificate/Not applicable,mean_rm,2024,2031,1759,13.4,0.866,JADUAL A6 Sijil Lelaki!row19,JADUAL A6 Sijil Perempuan!row19
A6,"Certificate holders, by age",No certificate/Not applicable,mean_rm,2025,2051,1747,14.8,0.852,JADUAL A6 Sijil Lelaki!row19,JADUAL A6 Sijil Perempuan!row19
A6,"Certificate holders, by age",SPM and below,mean_rm,2010,1553,1258,19.0,0.81,JADUAL A6 Sijil Lelaki!row20,JADUAL A6 Sijil Perempuan!row20
A6,"Certificate holders, by age",SPM and below,mean_rm,2011,1588,1269,20.1,0.799,JADUAL A6 Sijil Lelaki!row20,JADUAL A6 Sijil Perempuan!row20
A6,"Certificate holders, by age",SPM and below,mean_rm,2012,1645,1310,20.4,0.796,JADUAL A6 Sijil Lelaki!row20,JADUAL A6 Sijil Perempuan!row20
A6,"Certificate holders, by age",SPM and below,mean_rm,2013,1778,1403,21.1,0.789,JADUAL A6 Sijil Lelaki!row20,JADUAL A6 Sijil Perempuan!row20
A6,"Certificate holders, by age",SPM and below,mean_rm,2014,1884,1467,22.1,0.779,JADUAL A6 Sijil Lelaki!row20,JADUAL A6 Sijil Perempuan!row20
A6,"Certificate holders, by age",SPM and below,mean_rm,2015,1919,1520,20.8,0.792,JADUAL A6 Sijil Lelaki!row20,JADUAL A6 Sijil Perempuan!row20
A6,"Certificate holders, by age",SPM and below,mean_rm,2016,2045,1584,22.5,0.775,JADUAL A6 Sijil Lelaki!row20,JADUAL A6 Sijil Perempuan!row20
A6,"Certificate holders, by age",SPM and below,mean_rm,2017,2159,1784,17.4,0.826,JADUAL A6 Sijil Lelaki!row20,JADUAL A6 Sijil Perempuan!row20
A6,"Certificate holders, by age",SPM and below,mean_rm,2018,2359,1869,20.8,0.792,JADUAL A6 Sijil Lelaki!row20,JADUAL A6 Sijil Perempuan!row20
A6,"Certificate holders, by age",SPM and below,mean_rm,2019,2512,2034,19.0,0.81,JADUAL A6 Sijil Lelaki!row20,JADUAL A6 Sijil Perempuan!row20
A6,"Certificate holders, by age",SPM and below,mean_rm,2020,2240,1880,16.1,0.839,JADUAL A6 Sijil Lelaki!row20,JADUAL A6 Sijil Perempuan!row20
A6,"Certificate holders, by age",SPM and below,mean_rm,2021,2258,2000,11.4,0.886,JADUAL A6 Sijil Lelaki!row20,JADUAL A6 Sijil Perempuan!row20
A6,"Certificate holders, by age",SPM and below,mean_rm,2022,2436,2151,11.7,0.883,JADUAL A6 Sijil Lelaki!row20,JADUAL A6 Sijil Perempuan!row20
A6,"Certificate holders, by age",SPM and below,mean_rm,2023,2646,2283,13.7,0.863,JADUAL A6 Sijil Lelaki!row20,JADUAL A6 Sijil Perempuan!row20
A6,"Certificate holders, by age",SPM and below,mean_rm,2024,2795,2419,13.5,0.865,JADUAL A6 Sijil Lelaki!row20,JADUAL A6 Sijil Perempuan!row20
A6,"Certificate holders, by age",SPM and below,mean_rm,2025,2867,2429,15.3,0.847,JADUAL A6 Sijil Lelaki!row20,JADUAL A6 Sijil Perempuan!row20
A6,"Certificate holders, by age",STPM/Certificate,mean_rm,2010,2120,1783,15.9,0.841,JADUAL A6 Sijil Lelaki!row21,JADUAL A6 Sijil Perempuan!row21
A6,"Certificate holders, by age",STPM/Certificate,mean_rm,2011,2143,1708,20.3,0.797,JADUAL A6 Sijil Lelaki!row21,JADUAL A6 Sijil Perempuan!row21
A6,"Certificate holders, by age",STPM/Certificate,mean_rm,2012,2202,1752,20.4,0.796,JADUAL A6 Sijil Lelaki!row21,JADUAL A6 Sijil Perempuan!row21
A6,"Certificate holders, by age",STPM/Certificate,mean_rm,2013,2351,1875,20.2,0.798,JADUAL A6 Sijil Lelaki!row21,JADUAL A6 Sijil Perempuan!row21
A6,"Certificate holders, by age",STPM/Certificate,mean_rm,2014,2490,2011,19.2,0.808,JADUAL A6 Sijil Lelaki!row21,JADUAL A6 Sijil Perempuan!row21
A6,"Certificate holders, by age",STPM/Certificate,mean_rm,2015,2631,2040,22.5,0.775,JADUAL A6 Sijil Lelaki!row21,JADUAL A6 Sijil Perempuan!row21
A6,"Certificate holders, by age",STPM/Certificate,mean_rm,2016,2775,2146,22.7,0.773,JADUAL A6 Sijil Lelaki!row21,JADUAL A6 Sijil Perempuan!row21
A6,"Certificate holders, by age",STPM/Certificate,mean_rm,2017,2977,2265,23.9,0.761,JADUAL A6 Sijil Lelaki!row21,JADUAL A6 Sijil Perempuan!row21
A6,"Certificate holders, by age",STPM/Certificate,mean_rm,2018,3031,2370,21.8,0.782,JADUAL A6 Sijil Lelaki!row21,JADUAL A6 Sijil Perempuan!row21
A6,"Certificate holders, by age",STPM/Certificate,mean_rm,2019,3173,2558,19.4,0.806,JADUAL A6 Sijil Lelaki!row21,JADUAL A6 Sijil Perempuan!row21
A6,"Certificate holders, by age",STPM/Certificate,mean_rm,2020,2866,2417,15.7,0.843,JADUAL A6 Sijil Lelaki!row21,JADUAL A6 Sijil Perempuan!row21
A6,"Certificate holders, by age",STPM/Certificate,mean_rm,2021,2775,2420,12.8,0.872,JADUAL A6 Sijil Lelaki!row21,JADUAL A6 Sijil Perempuan!row21
A6,"Certificate holders, by age",STPM/Certificate,mean_rm,2022,2979,2509,15.8,0.842,JADUAL A6 Sijil Lelaki!row21,JADUAL A6 Sijil Perempuan!row21
A6,"Certificate holders, by age",STPM/Certificate,mean_rm,2023,3312,2745,17.1,0.829,JADUAL A6 Sijil Lelaki!row21,JADUAL A6 Sijil Perempuan!row21
A6,"Certificate holders, by age",STPM/Certificate,mean_rm,2024,3549,2980,16.0,0.84,JADUAL A6 Sijil Lelaki!row21,JADUAL A6 Sijil Perempuan!row21
A6,"Certificate holders, by age",STPM/Certificate,mean_rm,2025,3670,3073,16.3,0.837,JADUAL A6 Sijil Lelaki!row21,JADUAL A6 Sijil Perempuan!row21
A6,"Certificate holders, by age",Total,mean_rm,2010,2003,1825,8.9,0.911,JADUAL A6 Sijil Lelaki!row18,JADUAL A6 Sijil Perempuan!row18
A6,"Certificate holders, by age",Total,mean_rm,2011,2035,1838,9.7,0.903,JADUAL A6 Sijil Lelaki!row18,JADUAL A6 Sijil Perempuan!row18
A6,"Certificate holders, by age",Total,mean_rm,2012,2126,1935,9.0,0.91,JADUAL A6 Sijil Lelaki!row18,JADUAL A6 Sijil Perempuan!row18
A6,"Certificate holders, by age",Total,mean_rm,2013,2259,2072,8.3,0.917,JADUAL A6 Sijil Lelaki!row18,JADUAL A6 Sijil Perempuan!row18
A6,"Certificate holders, by age",Total,mean_rm,2014,2455,2259,8.0,0.92,JADUAL A6 Sijil Lelaki!row18,JADUAL A6 Sijil Perempuan!row18
A6,"Certificate holders, by age",Total,mean_rm,2015,2558,2380,7.0,0.93,JADUAL A6 Sijil Lelaki!row18,JADUAL A6 Sijil Perempuan!row18
A6,"Certificate holders, by age",Total,mean_rm,2016,2741,2532,7.6,0.924,JADUAL A6 Sijil Lelaki!row18,JADUAL A6 Sijil Perempuan!row18
A6,"Certificate holders, by age",Total,mean_rm,2017,2953,2772,6.1,0.939,JADUAL A6 Sijil Lelaki!row18,JADUAL A6 Sijil Perempuan!row18
A6,"Certificate holders, by age",Total,mean_rm,2018,3174,2959,6.8,0.932,JADUAL A6 Sijil Lelaki!row18,JADUAL A6 Sijil Perempuan!row18
A6,"Certificate holders, by age",Total,mean_rm,2019,3304,3108,5.9,0.941,JADUAL A6 Sijil Lelaki!row18,JADUAL A6 Sijil Perempuan!row18
A6,"Certificate holders, by age",Total,mean_rm,2020,3011,2872,4.6,0.954,JADUAL A6 Sijil Lelaki!row18,JADUAL A6 Sijil Perempuan!row18
A6,"Certificate holders, by age",Total,mean_rm,2021,3114,2955,5.1,0.949,JADUAL A6 Sijil Lelaki!row18,JADUAL A6 Sijil Perempuan!row18
A6,"Certificate holders, by age",Total,mean_rm,2022,3288,3119,5.1,0.949,JADUAL A6 Sijil Lelaki!row18,JADUAL A6 Sijil Perempuan!row18
A6,"Certificate holders, by age",Total,mean_rm,2023,3532,3311,6.3,0.937,JADUAL A6 Sijil Lelaki!row18,JADUAL A6 Sijil Perempuan!row18
A6,"Certificate holders, by age",Total,mean_rm,2024,3759,3499,6.9,0.931,JADUAL A6 Sijil Lelaki!row18,JADUAL A6 Sijil Perempuan!row18
A6,"Certificate holders, by age",Total,mean_rm,2025,3921,3635,7.3,0.927,JADUAL A6 Sijil Lelaki!row18,JADUAL A6 Sijil Perempuan!row18
A6,"Certificate holders, by age",Degree,median_rm,2010,3850,3021,21.5,0.785,JADUAL A6 Sijil Lelaki!row17,JADUAL A6 Sijil Perempuan!row17
A6,"Certificate holders, by age",Degree,median_rm,2011,3895,3050,21.7,0.783,JADUAL A6 Sijil Lelaki!row17,JADUAL A6 Sijil Perempuan!row17
A6,"Certificate holders, by age",Degree,median_rm,2012,3960,3140,20.7,0.793,JADUAL A6 Sijil Lelaki!row17,JADUAL A6 Sijil Perempuan!row17
A6,"Certificate holders, by age",Degree,median_rm,2013,4250,3500,17.6,0.824,JADUAL A6 Sijil Lelaki!row17,JADUAL A6 Sijil Perempuan!row17
A6,"Certificate holders, by age",Degree,median_rm,2014,4600,3800,17.4,0.826,JADUAL A6 Sijil Lelaki!row17,JADUAL A6 Sijil Perempuan!row17
A6,"Certificate holders, by age",Degree,median_rm,2015,4839,4000,17.3,0.827,JADUAL A6 Sijil Lelaki!row17,JADUAL A6 Sijil Perempuan!row17
A6,"Certificate holders, by age",Degree,median_rm,2016,5000,4250,15.0,0.85,JADUAL A6 Sijil Lelaki!row17,JADUAL A6 Sijil Perempuan!row17
A6,"Certificate holders, by age",Degree,median_rm,2017,5000,4430,11.4,0.886,JADUAL A6 Sijil Lelaki!row17,JADUAL A6 Sijil Perempuan!row17
A6,"Certificate holders, by age",Degree,median_rm,2018,5714,4598,19.5,0.805,JADUAL A6 Sijil Lelaki!row17,JADUAL A6 Sijil Perempuan!row17
A6,"Certificate holders, by age",Degree,median_rm,2019,6250,4931,21.1,0.789,JADUAL A6 Sijil Lelaki!row17,JADUAL A6 Sijil Perempuan!row17
A6,"Certificate holders, by age",Degree,median_rm,2020,5391,4507,16.4,0.836,JADUAL A6 Sijil Lelaki!row17,JADUAL A6 Sijil Perempuan!row17
A6,"Certificate holders, by age",Degree,median_rm,2021,5292,4701,11.2,0.888,JADUAL A6 Sijil Lelaki!row17,JADUAL A6 Sijil Perempuan!row17
A6,"Certificate holders, by age",Degree,median_rm,2022,5835,4765,18.3,0.817,JADUAL A6 Sijil Lelaki!row17,JADUAL A6 Sijil Perempuan!row17
A6,"Certificate holders, by age",Degree,median_rm,2023,5937,5043,15.1,0.849,JADUAL A6 Sijil Lelaki!row17,JADUAL A6 Sijil Perempuan!row17
A6,"Certificate holders, by age",Degree,median_rm,2024,6000,5109,14.8,0.852,JADUAL A6 Sijil Lelaki!row17,JADUAL A6 Sijil Perempuan!row17
A6,"Certificate holders, by age",Degree,median_rm,2025,6282,5276,16.0,0.84,JADUAL A6 Sijil Lelaki!row17,JADUAL A6 Sijil Perempuan!row17
A6,"Certificate holders, by age",Diploma,median_rm,2010,2500,2200,12.0,0.88,JADUAL A6 Sijil Lelaki!row16,JADUAL A6 Sijil Perempuan!row16
A6,"Certificate holders, by age",Diploma,median_rm,2011,2500,2243,10.3,0.897,JADUAL A6 Sijil Lelaki!row16,JADUAL A6 Sijil Perempuan!row16
A6,"Certificate holders, by age",Diploma,median_rm,2012,2560,2343,8.5,0.915,JADUAL A6 Sijil Lelaki!row16,JADUAL A6 Sijil Perempuan!row16
A6,"Certificate holders, by age",Diploma,median_rm,2013,2700,2440,9.6,0.904,JADUAL A6 Sijil Lelaki!row16,JADUAL A6 Sijil Perempuan!row16
A6,"Certificate holders, by age",Diploma,median_rm,2014,2831,2500,11.7,0.883,JADUAL A6 Sijil Lelaki!row16,JADUAL A6 Sijil Perempuan!row16
A6,"Certificate holders, by age",Diploma,median_rm,2015,2953,2600,12.0,0.88,JADUAL A6 Sijil Lelaki!row16,JADUAL A6 Sijil Perempuan!row16
A6,"Certificate holders, by age",Diploma,median_rm,2016,3050,2640,13.4,0.866,JADUAL A6 Sijil Lelaki!row16,JADUAL A6 Sijil Perempuan!row16
A6,"Certificate holders, by age",Diploma,median_rm,2017,3100,2683,13.5,0.865,JADUAL A6 Sijil Lelaki!row16,JADUAL A6 Sijil Perempuan!row16
A6,"Certificate holders, by age",Diploma,median_rm,2018,3204,2886,9.9,0.901,JADUAL A6 Sijil Lelaki!row16,JADUAL A6 Sijil Perempuan!row16
A6,"Certificate holders, by age",Diploma,median_rm,2019,3450,2997,13.1,0.869,JADUAL A6 Sijil Lelaki!row16,JADUAL A6 Sijil Perempuan!row16
A6,"Certificate holders, by age",Diploma,median_rm,2020,2995,2810,6.2,0.938,JADUAL A6 Sijil Lelaki!row16,JADUAL A6 Sijil Perempuan!row16
A6,"Certificate holders, by age",Diploma,median_rm,2021,3346,2996,10.5,0.895,JADUAL A6 Sijil Lelaki!row16,JADUAL A6 Sijil Perempuan!row16
A6,"Certificate holders, by age",Diploma,median_rm,2022,3386,3015,11.0,0.89,JADUAL A6 Sijil Lelaki!row16,JADUAL A6 Sijil Perempuan!row16
A6,"Certificate holders, by age",Diploma,median_rm,2023,3587,3006,16.2,0.838,JADUAL A6 Sijil Lelaki!row16,JADUAL A6 Sijil Perempuan!row16
A6,"Certificate holders, by age",Diploma,median_rm,2024,3892,3085,20.7,0.793,JADUAL A6 Sijil Lelaki!row16,JADUAL A6 Sijil Perempuan!row16
A6,"Certificate holders, by age",Diploma,median_rm,2025,4358,3386,22.3,0.777,JADUAL A6 Sijil Lelaki!row16,JADUAL A6 Sijil Perempuan!row16
A6,"Certificate holders, by age",No certificate/Not applicable,median_rm,2010,900,600,33.3,0.667,JADUAL A6 Sijil Lelaki!row13,JADUAL A6 Sijil Perempuan!row13
A6,"Certificate holders, by age",No certificate/Not applicable,median_rm,2011,912,600,34.2,0.658,JADUAL A6 Sijil Lelaki!row13,JADUAL A6 Sijil Perempuan!row13
A6,"Certificate holders, by age",No certificate/Not applicable,median_rm,2012,1000,620,38.0,0.62,JADUAL A6 Sijil Lelaki!row13,JADUAL A6 Sijil Perempuan!row13
A6,"Certificate holders, by age",No certificate/Not applicable,median_rm,2013,1000,700,30.0,0.7,JADUAL A6 Sijil Lelaki!row13,JADUAL A6 Sijil Perempuan!row13
A6,"Certificate holders, by age",No certificate/Not applicable,median_rm,2014,1150,800,30.4,0.696,JADUAL A6 Sijil Lelaki!row13,JADUAL A6 Sijil Perempuan!row13
A6,"Certificate holders, by age",No certificate/Not applicable,median_rm,2015,1100,850,22.7,0.773,JADUAL A6 Sijil Lelaki!row13,JADUAL A6 Sijil Perempuan!row13
A6,"Certificate holders, by age",No certificate/Not applicable,median_rm,2016,1200,900,25.0,0.75,JADUAL A6 Sijil Lelaki!row13,JADUAL A6 Sijil Perempuan!row13
A6,"Certificate holders, by age",No certificate/Not applicable,median_rm,2017,1355,1000,26.2,0.738,JADUAL A6 Sijil Lelaki!row13,JADUAL A6 Sijil Perempuan!row13
A6,"Certificate holders, by age",No certificate/Not applicable,median_rm,2018,1573,1089,30.8,0.692,JADUAL A6 Sijil Lelaki!row13,JADUAL A6 Sijil Perempuan!row13
A6,"Certificate holders, by age",No certificate/Not applicable,median_rm,2019,1600,1205,24.7,0.753,JADUAL A6 Sijil Lelaki!row13,JADUAL A6 Sijil Perempuan!row13
A6,"Certificate holders, by age",No certificate/Not applicable,median_rm,2020,1274,1138,10.7,0.893,JADUAL A6 Sijil Lelaki!row13,JADUAL A6 Sijil Perempuan!row13
A6,"Certificate holders, by age",No certificate/Not applicable,median_rm,2021,1536,1349,12.2,0.878,JADUAL A6 Sijil Lelaki!row13,JADUAL A6 Sijil Perempuan!row13
A6,"Certificate holders, by age",No certificate/Not applicable,median_rm,2022,1555,1344,13.6,0.864,JADUAL A6 Sijil Lelaki!row13,JADUAL A6 Sijil Perempuan!row13
A6,"Certificate holders, by age",No certificate/Not applicable,median_rm,2023,1529,1343,12.2,0.878,JADUAL A6 Sijil Lelaki!row13,JADUAL A6 Sijil Perempuan!row13
A6,"Certificate holders, by age",No certificate/Not applicable,median_rm,2024,1627,1380,15.2,0.848,JADUAL A6 Sijil Lelaki!row13,JADUAL A6 Sijil Perempuan!row13
A6,"Certificate holders, by age",No certificate/Not applicable,median_rm,2025,1751,1608,8.2,0.918,JADUAL A6 Sijil Lelaki!row13,JADUAL A6 Sijil Perempuan!row13
A6,"Certificate holders, by age",SPM and below,median_rm,2010,1300,1035,20.4,0.796,JADUAL A6 Sijil Lelaki!row14,JADUAL A6 Sijil Perempuan!row14
A6,"Certificate holders, by age",SPM and below,median_rm,2011,1360,1030,24.3,0.757,JADUAL A6 Sijil Lelaki!row14,JADUAL A6 Sijil Perempuan!row14
A6,"Certificate holders, by age",SPM and below,median_rm,2012,1440,1100,23.6,0.764,JADUAL A6 Sijil Lelaki!row14,JADUAL A6 Sijil Perempuan!row14
A6,"Certificate holders, by age",SPM and below,median_rm,2013,1500,1200,20.0,0.8,JADUAL A6 Sijil Lelaki!row14,JADUAL A6 Sijil Perempuan!row14
A6,"Certificate holders, by age",SPM and below,median_rm,2014,1500,1200,20.0,0.8,JADUAL A6 Sijil Lelaki!row14,JADUAL A6 Sijil Perempuan!row14
A6,"Certificate holders, by age",SPM and below,median_rm,2015,1600,1200,25.0,0.75,JADUAL A6 Sijil Lelaki!row14,JADUAL A6 Sijil Perempuan!row14
A6,"Certificate holders, by age",SPM and below,median_rm,2016,1703,1300,23.7,0.763,JADUAL A6 Sijil Lelaki!row14,JADUAL A6 Sijil Perempuan!row14
A6,"Certificate holders, by age",SPM and below,median_rm,2017,1800,1500,16.7,0.833,JADUAL A6 Sijil Lelaki!row14,JADUAL A6 Sijil Perempuan!row14
A6,"Certificate holders, by age",SPM and below,median_rm,2018,1980,1567,20.9,0.791,JADUAL A6 Sijil Lelaki!row14,JADUAL A6 Sijil Perempuan!row14
A6,"Certificate holders, by age",SPM and below,median_rm,2019,2100,1689,19.6,0.804,JADUAL A6 Sijil Lelaki!row14,JADUAL A6 Sijil Perempuan!row14
A6,"Certificate holders, by age",SPM and below,median_rm,2020,1748,1494,14.5,0.855,JADUAL A6 Sijil Lelaki!row14,JADUAL A6 Sijil Perempuan!row14
A6,"Certificate holders, by age",SPM and below,median_rm,2021,1773,1578,11.0,0.89,JADUAL A6 Sijil Lelaki!row14,JADUAL A6 Sijil Perempuan!row14
A6,"Certificate holders, by age",SPM and below,median_rm,2022,1901,1752,7.8,0.922,JADUAL A6 Sijil Lelaki!row14,JADUAL A6 Sijil Perempuan!row14
A6,"Certificate holders, by age",SPM and below,median_rm,2023,2046,1794,12.3,0.877,JADUAL A6 Sijil Lelaki!row14,JADUAL A6 Sijil Perempuan!row14
A6,"Certificate holders, by age",SPM and below,median_rm,2024,2139,1947,9.0,0.91,JADUAL A6 Sijil Lelaki!row14,JADUAL A6 Sijil Perempuan!row14
A6,"Certificate holders, by age",SPM and below,median_rm,2025,2451,2013,17.9,0.821,JADUAL A6 Sijil Lelaki!row14,JADUAL A6 Sijil Perempuan!row14
A6,"Certificate holders, by age",STPM/Certificate,median_rm,2010,1740,1500,13.8,0.862,JADUAL A6 Sijil Lelaki!row15,JADUAL A6 Sijil Perempuan!row15
A6,"Certificate holders, by age",STPM/Certificate,median_rm,2011,1800,1486,17.4,0.826,JADUAL A6 Sijil Lelaki!row15,JADUAL A6 Sijil Perempuan!row15
A6,"Certificate holders, by age",STPM/Certificate,median_rm,2012,1875,1500,20.0,0.8,JADUAL A6 Sijil Lelaki!row15,JADUAL A6 Sijil Perempuan!row15
A6,"Certificate holders, by age",STPM/Certificate,median_rm,2013,2000,1596,20.2,0.798,JADUAL A6 Sijil Lelaki!row15,JADUAL A6 Sijil Perempuan!row15
A6,"Certificate holders, by age",STPM/Certificate,median_rm,2014,2045,1745,14.7,0.853,JADUAL A6 Sijil Lelaki!row15,JADUAL A6 Sijil Perempuan!row15
A6,"Certificate holders, by age",STPM/Certificate,median_rm,2015,2170,1822,16.0,0.84,JADUAL A6 Sijil Lelaki!row15,JADUAL A6 Sijil Perempuan!row15
A6,"Certificate holders, by age",STPM/Certificate,median_rm,2016,2324,1845,20.6,0.794,JADUAL A6 Sijil Lelaki!row15,JADUAL A6 Sijil Perempuan!row15
A6,"Certificate holders, by age",STPM/Certificate,median_rm,2017,2375,2145,9.7,0.903,JADUAL A6 Sijil Lelaki!row15,JADUAL A6 Sijil Perempuan!row15
A6,"Certificate holders, by age",STPM/Certificate,median_rm,2018,2498,2125,14.9,0.851,JADUAL A6 Sijil Lelaki!row15,JADUAL A6 Sijil Perempuan!row15
A6,"Certificate holders, by age",STPM/Certificate,median_rm,2019,2620,2261,13.7,0.863,JADUAL A6 Sijil Lelaki!row15,JADUAL A6 Sijil Perempuan!row15
A6,"Certificate holders, by age",STPM/Certificate,median_rm,2020,2383,1900,20.3,0.797,JADUAL A6 Sijil Lelaki!row15,JADUAL A6 Sijil Perempuan!row15
A6,"Certificate holders, by age",STPM/Certificate,median_rm,2021,2373,2032,14.4,0.856,JADUAL A6 Sijil Lelaki!row15,JADUAL A6 Sijil Perempuan!row15
A6,"Certificate holders, by age",STPM/Certificate,median_rm,2022,2552,2109,17.4,0.826,JADUAL A6 Sijil Lelaki!row15,JADUAL A6 Sijil Perempuan!row15
A6,"Certificate holders, by age",STPM/Certificate,median_rm,2023,2676,2276,14.9,0.851,JADUAL A6 Sijil Lelaki!row15,JADUAL A6 Sijil Perempuan!row15
A6,"Certificate holders, by age",STPM/Certificate,median_rm,2024,2851,2444,14.3,0.857,JADUAL A6 Sijil Lelaki!row15,JADUAL A6 Sijil Perempuan!row15
A6,"Certificate holders, by age",STPM/Certificate,median_rm,2025,3308,2641,20.2,0.798,JADUAL A6 Sijil Lelaki!row15,JADUAL A6 Sijil Perempuan!row15
A6,"Certificate holders, by age",Total,median_rm,2010,1500,1498,0.1,0.999,JADUAL A6 Sijil Lelaki!row12,JADUAL A6 Sijil Perempuan!row12
A6,"Certificate holders, by age",Total,median_rm,2011,1500,1467,2.2,0.978,JADUAL A6 Sijil Lelaki!row12,JADUAL A6 Sijil Perempuan!row12
A6,"Certificate holders, by age",Total,median_rm,2012,1600,1500,6.2,0.938,JADUAL A6 Sijil Lelaki!row12,JADUAL A6 Sijil Perempuan!row12
A6,"Certificate holders, by age",Total,median_rm,2013,1800,1600,11.1,0.889,JADUAL A6 Sijil Lelaki!row12,JADUAL A6 Sijil Perempuan!row12
A6,"Certificate holders, by age",Total,median_rm,2014,1888,1700,10.0,0.9,JADUAL A6 Sijil Lelaki!row12,JADUAL A6 Sijil Perempuan!row12
A6,"Certificate holders, by age",Total,median_rm,2015,2000,1855,7.2,0.927,JADUAL A6 Sijil Lelaki!row12,JADUAL A6 Sijil Perempuan!row12
A6,"Certificate holders, by age",Total,median_rm,2016,2000,2000,0.0,1.0,JADUAL A6 Sijil Lelaki!row12,JADUAL A6 Sijil Perempuan!row12
A6,"Certificate holders, by age",Total,median_rm,2017,2170,2145,1.2,0.988,JADUAL A6 Sijil Lelaki!row12,JADUAL A6 Sijil Perempuan!row12
A6,"Certificate holders, by age",Total,median_rm,2018,2342,2227,4.9,0.951,JADUAL A6 Sijil Lelaki!row12,JADUAL A6 Sijil Perempuan!row12
A6,"Certificate holders, by age",Total,median_rm,2019,2477,2370,4.3,0.957,JADUAL A6 Sijil Lelaki!row12,JADUAL A6 Sijil Perempuan!row12
A6,"Certificate holders, by age",Total,median_rm,2020,2107,2026,3.8,0.962,JADUAL A6 Sijil Lelaki!row12,JADUAL A6 Sijil Perempuan!row12
A6,"Certificate holders, by age",Total,median_rm,2021,2323,2150,7.4,0.926,JADUAL A6 Sijil Lelaki!row12,JADUAL A6 Sijil Perempuan!row12
A6,"Certificate holders, by age",Total,median_rm,2022,2498,2305,7.7,0.923,JADUAL A6 Sijil Lelaki!row12,JADUAL A6 Sijil Perempuan!row12
A6,"Certificate holders, by age",Total,median_rm,2023,2675,2464,7.9,0.921,JADUAL A6 Sijil Lelaki!row12,JADUAL A6 Sijil Perempuan!row12
A6,"Certificate holders, by age",Total,median_rm,2024,2850,2641,7.3,0.927,JADUAL A6 Sijil Lelaki!row12,JADUAL A6 Sijil Perempuan!row12
A6,"Certificate holders, by age",Total,median_rm,2025,3014,2788,7.5,0.925,JADUAL A6 Sijil Lelaki!row12,JADUAL A6 Sijil Perempuan!row12
A7,Strata (urban/rural),Rural,mean_rm,2010,1505,1436,4.6,0.954,JADUAL A7 Strata!row24,JADUAL A7 Strata!row34
A7,Strata (urban/rural),Rural,mean_rm,2011,1555,1505,3.2,0.968,JADUAL A7 Strata!row24,JADUAL A7 Strata!row34
A7,Strata (urban/rural),Rural,mean_rm,2012,1547,1491,3.6,0.964,JADUAL A7 Strata!row24,JADUAL A7 Strata!row34
A7,Strata (urban/rural),Rural,mean_rm,2013,1595,1600,-0.3,1.003,JADUAL A7 Strata!row24,JADUAL A7 Strata!row34
A7,Strata (urban/rural),Rural,mean_rm,2014,1701,1726,-1.5,1.015,JADUAL A7 Strata!row24,JADUAL A7 Strata!row34
A7,Strata (urban/rural),Rural,mean_rm,2015,1829,1834,-0.3,1.003,JADUAL A7 Strata!row24,JADUAL A7 Strata!row34
A7,Strata (urban/rural),Rural,mean_rm,2016,1937,1877,3.1,0.969,JADUAL A7 Strata!row24,JADUAL A7 Strata!row34
A7,Strata (urban/rural),Rural,mean_rm,2017,2021,2074,-2.6,1.026,JADUAL A7 Strata!row24,JADUAL A7 Strata!row34
A7,Strata (urban/rural),Rural,mean_rm,2018,2070,2106,-1.7,1.017,JADUAL A7 Strata!row24,JADUAL A7 Strata!row34
A7,Strata (urban/rural),Rural,mean_rm,2019,2178,2262,-3.9,1.039,JADUAL A7 Strata!row24,JADUAL A7 Strata!row34
A7,Strata (urban/rural),Rural,mean_rm,2020,2048,2203,-7.6,1.076,JADUAL A7 Strata!row24,JADUAL A7 Strata!row34
A7,Strata (urban/rural),Rural,mean_rm,2021,2158,2236,-3.6,1.036,JADUAL A7 Strata!row24,JADUAL A7 Strata!row34
A7,Strata (urban/rural),Rural,mean_rm,2022,2319,2480,-6.9,1.069,JADUAL A7 Strata!row24,JADUAL A7 Strata!row34
A7,Strata (urban/rural),Rural,mean_rm,2023,2534,2750,-8.5,1.085,JADUAL A7 Strata!row24,JADUAL A7 Strata!row34
A7,Strata (urban/rural),Rural,mean_rm,2024,2767,2996,-8.3,1.083,JADUAL A7 Strata!row24,JADUAL A7 Strata!row34
A7,Strata (urban/rural),Rural,mean_rm,2025,2993,3178,-6.2,1.062,JADUAL A7 Strata!row24,JADUAL A7 Strata!row34
A7,Strata (urban/rural),Total,mean_rm,2010,2003,1825,8.9,0.911,JADUAL A7 Strata!row22,JADUAL A7 Strata!row32
A7,Strata (urban/rural),Total,mean_rm,2011,2035,1838,9.7,0.903,JADUAL A7 Strata!row22,JADUAL A7 Strata!row32
A7,Strata (urban/rural),Total,mean_rm,2012,2126,1935,9.0,0.91,JADUAL A7 Strata!row22,JADUAL A7 Strata!row32
A7,Strata (urban/rural),Total,mean_rm,2013,2259,2072,8.3,0.917,JADUAL A7 Strata!row22,JADUAL A7 Strata!row32
A7,Strata (urban/rural),Total,mean_rm,2014,2455,2259,8.0,0.92,JADUAL A7 Strata!row22,JADUAL A7 Strata!row32
A7,Strata (urban/rural),Total,mean_rm,2015,2558,2380,7.0,0.93,JADUAL A7 Strata!row22,JADUAL A7 Strata!row32
A7,Strata (urban/rural),Total,mean_rm,2016,2741,2532,7.6,0.924,JADUAL A7 Strata!row22,JADUAL A7 Strata!row32
A7,Strata (urban/rural),Total,mean_rm,2017,2953,2772,6.1,0.939,JADUAL A7 Strata!row22,JADUAL A7 Strata!row32
A7,Strata (urban/rural),Total,mean_rm,2018,3174,2959,6.8,0.932,JADUAL A7 Strata!row22,JADUAL A7 Strata!row32
A7,Strata (urban/rural),Total,mean_rm,2019,3304,3108,5.9,0.941,JADUAL A7 Strata!row22,JADUAL A7 Strata!row32
A7,Strata (urban/rural),Total,mean_rm,2020,3011,2872,4.6,0.954,JADUAL A7 Strata!row22,JADUAL A7 Strata!row32
A7,Strata (urban/rural),Total,mean_rm,2021,3114,2955,5.1,0.949,JADUAL A7 Strata!row22,JADUAL A7 Strata!row32
A7,Strata (urban/rural),Total,mean_rm,2022,3288,3119,5.1,0.949,JADUAL A7 Strata!row22,JADUAL A7 Strata!row32
A7,Strata (urban/rural),Total,mean_rm,2023,3532,3311,6.3,0.937,JADUAL A7 Strata!row22,JADUAL A7 Strata!row32
A7,Strata (urban/rural),Total,mean_rm,2024,3759,3499,6.9,0.931,JADUAL A7 Strata!row22,JADUAL A7 Strata!row32
A7,Strata (urban/rural),Total,mean_rm,2025,3921,3635,7.3,0.927,JADUAL A7 Strata!row22,JADUAL A7 Strata!row32
A7,Strata (urban/rural),Urban,mean_rm,2010,2170,1933,10.9,0.891,JADUAL A7 Strata!row23,JADUAL A7 Strata!row33
A7,Strata (urban/rural),Urban,mean_rm,2011,2199,1926,12.4,0.876,JADUAL A7 Strata!row23,JADUAL A7 Strata!row33
A7,Strata (urban/rural),Urban,mean_rm,2012,2308,2049,11.2,0.888,JADUAL A7 Strata!row23,JADUAL A7 Strata!row33
A7,Strata (urban/rural),Urban,mean_rm,2013,2460,2183,11.3,0.887,JADUAL A7 Strata!row23,JADUAL A7 Strata!row33
A7,Strata (urban/rural),Urban,mean_rm,2014,2627,2356,10.3,0.897,JADUAL A7 Strata!row23,JADUAL A7 Strata!row33
A7,Strata (urban/rural),Urban,mean_rm,2015,2740,2489,9.2,0.908,JADUAL A7 Strata!row23,JADUAL A7 Strata!row33
A7,Strata (urban/rural),Urban,mean_rm,2016,2925,2651,9.4,0.906,JADUAL A7 Strata!row23,JADUAL A7 Strata!row33
A7,Strata (urban/rural),Urban,mean_rm,2017,3148,2884,8.4,0.916,JADUAL A7 Strata!row23,JADUAL A7 Strata!row33
A7,Strata (urban/rural),Urban,mean_rm,2018,3400,3096,8.9,0.911,JADUAL A7 Strata!row23,JADUAL A7 Strata!row33
A7,Strata (urban/rural),Urban,mean_rm,2019,3528,3234,8.3,0.917,JADUAL A7 Strata!row23,JADUAL A7 Strata!row33
A7,Strata (urban/rural),Urban,mean_rm,2020,3203,2972,7.2,0.928,JADUAL A7 Strata!row23,JADUAL A7 Strata!row33
A7,Strata (urban/rural),Urban,mean_rm,2021,3284,3055,7.0,0.93,JADUAL A7 Strata!row23,JADUAL A7 Strata!row33
A7,Strata (urban/rural),Urban,mean_rm,2022,3465,3202,7.6,0.924,JADUAL A7 Strata!row23,JADUAL A7 Strata!row33
A7,Strata (urban/rural),Urban,mean_rm,2023,3721,3387,9.0,0.91,JADUAL A7 Strata!row23,JADUAL A7 Strata!row33
A7,Strata (urban/rural),Urban,mean_rm,2024,3959,3573,9.7,0.903,JADUAL A7 Strata!row23,JADUAL A7 Strata!row33
A7,Strata (urban/rural),Urban,mean_rm,2025,4098,3705,9.6,0.904,JADUAL A7 Strata!row23,JADUAL A7 Strata!row33
A7,Strata (urban/rural),Rural,median_rm,2010,1102,1000,9.3,0.907,JADUAL A7 Strata!row21,JADUAL A7 Strata!row31
A7,Strata (urban/rural),Rural,median_rm,2011,1200,1000,16.7,0.833,JADUAL A7 Strata!row21,JADUAL A7 Strata!row31
A7,Strata (urban/rural),Rural,median_rm,2012,1200,1000,16.7,0.833,JADUAL A7 Strata!row21,JADUAL A7 Strata!row31
A7,Strata (urban/rural),Rural,median_rm,2013,1200,1000,16.7,0.833,JADUAL A7 Strata!row21,JADUAL A7 Strata!row31
A7,Strata (urban/rural),Rural,median_rm,2014,1200,1090,9.2,0.908,JADUAL A7 Strata!row21,JADUAL A7 Strata!row31
A7,Strata (urban/rural),Rural,median_rm,2015,1400,1200,14.3,0.857,JADUAL A7 Strata!row21,JADUAL A7 Strata!row31
A7,Strata (urban/rural),Rural,median_rm,2016,1400,1219,12.9,0.871,JADUAL A7 Strata!row21,JADUAL A7 Strata!row31
A7,Strata (urban/rural),Rural,median_rm,2017,1500,1300,13.3,0.867,JADUAL A7 Strata!row21,JADUAL A7 Strata!row31
A7,Strata (urban/rural),Rural,median_rm,2018,1527,1339,12.3,0.877,JADUAL A7 Strata!row21,JADUAL A7 Strata!row31
A7,Strata (urban/rural),Rural,median_rm,2019,1575,1473,6.5,0.935,JADUAL A7 Strata!row21,JADUAL A7 Strata!row31
A7,Strata (urban/rural),Rural,median_rm,2020,1332,1326,0.5,0.995,JADUAL A7 Strata!row21,JADUAL A7 Strata!row31
A7,Strata (urban/rural),Rural,median_rm,2021,1496,1445,3.4,0.966,JADUAL A7 Strata!row21,JADUAL A7 Strata!row31
A7,Strata (urban/rural),Rural,median_rm,2022,1666,1546,7.2,0.928,JADUAL A7 Strata!row21,JADUAL A7 Strata!row31
A7,Strata (urban/rural),Rural,median_rm,2023,1570,1590,-1.3,1.013,JADUAL A7 Strata!row21,JADUAL A7 Strata!row31
A7,Strata (urban/rural),Rural,median_rm,2024,1698,1655,2.5,0.975,JADUAL A7 Strata!row21,JADUAL A7 Strata!row31
A7,Strata (urban/rural),Rural,median_rm,2025,2035,1813,10.9,0.891,JADUAL A7 Strata!row21,JADUAL A7 Strata!row31
A7,Strata (urban/rural),Total,median_rm,2010,1500,1498,0.1,0.999,JADUAL A7 Strata!row19,JADUAL A7 Strata!row29
A7,Strata (urban/rural),Total,median_rm,2011,1500,1467,2.2,0.978,JADUAL A7 Strata!row19,JADUAL A7 Strata!row29
A7,Strata (urban/rural),Total,median_rm,2012,1600,1500,6.2,0.938,JADUAL A7 Strata!row19,JADUAL A7 Strata!row29
A7,Strata (urban/rural),Total,median_rm,2013,1800,1600,11.1,0.889,JADUAL A7 Strata!row19,JADUAL A7 Strata!row29
A7,Strata (urban/rural),Total,median_rm,2014,1888,1700,10.0,0.9,JADUAL A7 Strata!row19,JADUAL A7 Strata!row29
A7,Strata (urban/rural),Total,median_rm,2015,2000,1855,7.2,0.927,JADUAL A7 Strata!row19,JADUAL A7 Strata!row29
A7,Strata (urban/rural),Total,median_rm,2016,2000,2000,0.0,1.0,JADUAL A7 Strata!row19,JADUAL A7 Strata!row29
A7,Strata (urban/rural),Total,median_rm,2017,2170,2145,1.2,0.988,JADUAL A7 Strata!row19,JADUAL A7 Strata!row29
A7,Strata (urban/rural),Total,median_rm,2018,2342,2227,4.9,0.951,JADUAL A7 Strata!row19,JADUAL A7 Strata!row29
A7,Strata (urban/rural),Total,median_rm,2019,2477,2370,4.3,0.957,JADUAL A7 Strata!row19,JADUAL A7 Strata!row29
A7,Strata (urban/rural),Total,median_rm,2020,2107,2026,3.8,0.962,JADUAL A7 Strata!row19,JADUAL A7 Strata!row29
A7,Strata (urban/rural),Total,median_rm,2021,2323,2150,7.4,0.926,JADUAL A7 Strata!row19,JADUAL A7 Strata!row29
A7,Strata (urban/rural),Total,median_rm,2022,2498,2305,7.7,0.923,JADUAL A7 Strata!row19,JADUAL A7 Strata!row29
A7,Strata (urban/rural),Total,median_rm,2023,2675,2464,7.9,0.921,JADUAL A7 Strata!row19,JADUAL A7 Strata!row29
A7,Strata (urban/rural),Total,median_rm,2024,2850,2641,7.3,0.927,JADUAL A7 Strata!row19,JADUAL A7 Strata!row29
A7,Strata (urban/rural),Total,median_rm,2025,3014,2788,7.5,0.925,JADUAL A7 Strata!row19,JADUAL A7 Strata!row29
A7,Strata (urban/rural),Urban,median_rm,2010,1695,1500,11.5,0.885,JADUAL A7 Strata!row20,JADUAL A7 Strata!row30
A7,Strata (urban/rural),Urban,median_rm,2011,1700,1500,11.8,0.882,JADUAL A7 Strata!row20,JADUAL A7 Strata!row30
A7,Strata (urban/rural),Urban,median_rm,2012,1800,1614,10.3,0.897,JADUAL A7 Strata!row20,JADUAL A7 Strata!row30
A7,Strata (urban/rural),Urban,median_rm,2013,2000,1720,14.0,0.86,JADUAL A7 Strata!row20,JADUAL A7 Strata!row30
A7,Strata (urban/rural),Urban,median_rm,2014,2000,1800,10.0,0.9,JADUAL A7 Strata!row20,JADUAL A7 Strata!row30
A7,Strata (urban/rural),Urban,median_rm,2015,2100,2000,4.8,0.952,JADUAL A7 Strata!row20,JADUAL A7 Strata!row30
A7,Strata (urban/rural),Urban,median_rm,2016,2200,2000,9.1,0.909,JADUAL A7 Strata!row20,JADUAL A7 Strata!row30
A7,Strata (urban/rural),Urban,median_rm,2017,2300,2160,6.1,0.939,JADUAL A7 Strata!row20,JADUAL A7 Strata!row30
A7,Strata (urban/rural),Urban,median_rm,2018,2464,2316,6.0,0.94,JADUAL A7 Strata!row20,JADUAL A7 Strata!row30
A7,Strata (urban/rural),Urban,median_rm,2019,2712,2518,7.2,0.928,JADUAL A7 Strata!row20,JADUAL A7 Strata!row30
A7,Strata (urban/rural),Urban,median_rm,2020,2383,2126,10.8,0.892,JADUAL A7 Strata!row20,JADUAL A7 Strata!row30
A7,Strata (urban/rural),Urban,median_rm,2021,2484,2265,8.8,0.912,JADUAL A7 Strata!row20,JADUAL A7 Strata!row30
A7,Strata (urban/rural),Urban,median_rm,2022,2575,2397,6.9,0.931,JADUAL A7 Strata!row20,JADUAL A7 Strata!row30
A7,Strata (urban/rural),Urban,median_rm,2023,2712,2465,9.1,0.909,JADUAL A7 Strata!row20,JADUAL A7 Strata!row30
A7,Strata (urban/rural),Urban,median_rm,2024,2957,2703,8.6,0.914,JADUAL A7 Strata!row20,JADUAL A7 Strata!row30
A7,Strata (urban/rural),Urban,median_rm,2025,3265,2790,14.5,0.855,JADUAL A7 Strata!row20,JADUAL A7 Strata!row30
A9,State,Johor,mean_rm,2010,1921,1569,18.3,0.817,JADUAL A9 Negeri Lelaki Purata!row7,JADUAL A9 NG. Prmpuan. Purata!row7
A9,State,Johor,mean_rm,2011,2107,1649,21.7,0.783,JADUAL A9 Negeri Lelaki Purata!row7,JADUAL A9 NG. Prmpuan. Purata!row7
A9,State,Johor,mean_rm,2012,2169,1803,16.9,0.831,JADUAL A9 Negeri Lelaki Purata!row7,JADUAL A9 NG. Prmpuan. Purata!row7
A9,State,Johor,mean_rm,2013,2284,1829,19.9,0.801,JADUAL A9 Negeri Lelaki Purata!row7,JADUAL A9 NG. Prmpuan. Purata!row7
A9,State,Johor,mean_rm,2014,2644,2158,18.4,0.816,JADUAL A9 Negeri Lelaki Purata!row7,JADUAL A9 NG. Prmpuan. Purata!row7
A9,State,Johor,mean_rm,2015,2684,2320,13.6,0.864,JADUAL A9 Negeri Lelaki Purata!row7,JADUAL A9 NG. Prmpuan. Purata!row7
A9,State,Johor,mean_rm,2016,2852,2324,18.5,0.815,JADUAL A9 Negeri Lelaki Purata!row7,JADUAL A9 NG. Prmpuan. Purata!row7
A9,State,Johor,mean_rm,2017,3158,2564,18.8,0.812,JADUAL A9 Negeri Lelaki Purata!row7,JADUAL A9 NG. Prmpuan. Purata!row7
A9,State,Johor,mean_rm,2018,3483,2813,19.2,0.808,JADUAL A9 Negeri Lelaki Purata!row7,JADUAL A9 NG. Prmpuan. Purata!row7
A9,State,Johor,mean_rm,2019,3507,2873,18.1,0.819,JADUAL A9 Negeri Lelaki Purata!row7,JADUAL A9 NG. Prmpuan. Purata!row7
A9,State,Johor,mean_rm,2020,2937,2626,10.6,0.894,JADUAL A9 Negeri Lelaki Purata!row7,JADUAL A9 NG. Prmpuan. Purata!row7
A9,State,Johor,mean_rm,2021,2929,2715,7.3,0.927,JADUAL A9 Negeri Lelaki Purata!row7,JADUAL A9 NG. Prmpuan. Purata!row7
A9,State,Johor,mean_rm,2022,3073,2854,7.1,0.929,JADUAL A9 Negeri Lelaki Purata!row7,JADUAL A9 NG. Prmpuan. Purata!row7
A9,State,Johor,mean_rm,2023,3328,3010,9.6,0.904,JADUAL A9 Negeri Lelaki Purata!row7,JADUAL A9 NG. Prmpuan. Purata!row7
A9,State,Johor,mean_rm,2024,3543,3190,10.0,0.9,JADUAL A9 Negeri Lelaki Purata!row7,JADUAL A9 NG. Prmpuan. Purata!row7
A9,State,Johor,mean_rm,2025,3790,3287,13.3,0.867,JADUAL A9 Negeri Lelaki Purata!row7,JADUAL A9 NG. Prmpuan. Purata!row7
A9,State,Kedah,mean_rm,2010,1544,1429,7.4,0.926,JADUAL A9 Negeri Lelaki Purata!row8,JADUAL A9 NG. Prmpuan. Purata!row8
A9,State,Kedah,mean_rm,2011,1611,1464,9.1,0.909,JADUAL A9 Negeri Lelaki Purata!row8,JADUAL A9 NG. Prmpuan. Purata!row8
A9,State,Kedah,mean_rm,2012,1590,1464,7.9,0.921,JADUAL A9 Negeri Lelaki Purata!row8,JADUAL A9 NG. Prmpuan. Purata!row8
A9,State,Kedah,mean_rm,2013,1776,1732,2.5,0.975,JADUAL A9 Negeri Lelaki Purata!row8,JADUAL A9 NG. Prmpuan. Purata!row8
A9,State,Kedah,mean_rm,2014,1978,1963,0.8,0.992,JADUAL A9 Negeri Lelaki Purata!row8,JADUAL A9 NG. Prmpuan. Purata!row8
A9,State,Kedah,mean_rm,2015,2047,1990,2.8,0.972,JADUAL A9 Negeri Lelaki Purata!row8,JADUAL A9 NG. Prmpuan. Purata!row8
A9,State,Kedah,mean_rm,2016,2108,2111,-0.1,1.001,JADUAL A9 Negeri Lelaki Purata!row8,JADUAL A9 NG. Prmpuan. Purata!row8
A9,State,Kedah,mean_rm,2017,2148,2254,-4.9,1.049,JADUAL A9 Negeri Lelaki Purata!row8,JADUAL A9 NG. Prmpuan. Purata!row8
A9,State,Kedah,mean_rm,2018,2323,2253,3.0,0.97,JADUAL A9 Negeri Lelaki Purata!row8,JADUAL A9 NG. Prmpuan. Purata!row8
A9,State,Kedah,mean_rm,2019,2387,2450,-2.6,1.026,JADUAL A9 Negeri Lelaki Purata!row8,JADUAL A9 NG. Prmpuan. Purata!row8
A9,State,Kedah,mean_rm,2020,2236,2375,-6.2,1.062,JADUAL A9 Negeri Lelaki Purata!row8,JADUAL A9 NG. Prmpuan. Purata!row8
A9,State,Kedah,mean_rm,2021,2531,2495,1.4,0.986,JADUAL A9 Negeri Lelaki Purata!row8,JADUAL A9 NG. Prmpuan. Purata!row8
A9,State,Kedah,mean_rm,2022,2585,2697,-4.3,1.043,JADUAL A9 Negeri Lelaki Purata!row8,JADUAL A9 NG. Prmpuan. Purata!row8
A9,State,Kedah,mean_rm,2023,2806,2948,-5.1,1.051,JADUAL A9 Negeri Lelaki Purata!row8,JADUAL A9 NG. Prmpuan. Purata!row8
A9,State,Kedah,mean_rm,2024,2983,3171,-6.3,1.063,JADUAL A9 Negeri Lelaki Purata!row8,JADUAL A9 NG. Prmpuan. Purata!row8
A9,State,Kedah,mean_rm,2025,3050,3314,-8.7,1.087,JADUAL A9 Negeri Lelaki Purata!row8,JADUAL A9 NG. Prmpuan. Purata!row8
A9,State,Kelantan,mean_rm,2010,1548,1825,-17.9,1.179,JADUAL A9 Negeri Lelaki Purata!row9,JADUAL A9 NG. Prmpuan. Purata!row9
A9,State,Kelantan,mean_rm,2011,1504,1842,-22.5,1.225,JADUAL A9 Negeri Lelaki Purata!row9,JADUAL A9 NG. Prmpuan. Purata!row9
A9,State,Kelantan,mean_rm,2012,1533,1722,-12.3,1.123,JADUAL A9 Negeri Lelaki Purata!row9,JADUAL A9 NG. Prmpuan. Purata!row9
A9,State,Kelantan,mean_rm,2013,1535,1894,-23.4,1.234,JADUAL A9 Negeri Lelaki Purata!row9,JADUAL A9 NG. Prmpuan. Purata!row9
A9,State,Kelantan,mean_rm,2014,1704,2092,-22.8,1.228,JADUAL A9 Negeri Lelaki Purata!row9,JADUAL A9 NG. Prmpuan. Purata!row9
A9,State,Kelantan,mean_rm,2015,1926,2336,-21.3,1.213,JADUAL A9 Negeri Lelaki Purata!row9,JADUAL A9 NG. Prmpuan. Purata!row9
A9,State,Kelantan,mean_rm,2016,2078,2517,-21.1,1.211,JADUAL A9 Negeri Lelaki Purata!row9,JADUAL A9 NG. Prmpuan. Purata!row9
A9,State,Kelantan,mean_rm,2017,2156,2598,-20.5,1.205,JADUAL A9 Negeri Lelaki Purata!row9,JADUAL A9 NG. Prmpuan. Purata!row9
A9,State,Kelantan,mean_rm,2018,2272,2660,-17.1,1.171,JADUAL A9 Negeri Lelaki Purata!row9,JADUAL A9 NG. Prmpuan. Purata!row9
A9,State,Kelantan,mean_rm,2019,2371,2911,-22.8,1.228,JADUAL A9 Negeri Lelaki Purata!row9,JADUAL A9 NG. Prmpuan. Purata!row9
A9,State,Kelantan,mean_rm,2020,2358,2642,-12.0,1.12,JADUAL A9 Negeri Lelaki Purata!row9,JADUAL A9 NG. Prmpuan. Purata!row9
A9,State,Kelantan,mean_rm,2021,2401,2732,-13.8,1.138,JADUAL A9 Negeri Lelaki Purata!row9,JADUAL A9 NG. Prmpuan. Purata!row9
A9,State,Kelantan,mean_rm,2022,2416,2922,-20.9,1.209,JADUAL A9 Negeri Lelaki Purata!row9,JADUAL A9 NG. Prmpuan. Purata!row9
A9,State,Kelantan,mean_rm,2023,2695,3180,-18.0,1.18,JADUAL A9 Negeri Lelaki Purata!row9,JADUAL A9 NG. Prmpuan. Purata!row9
A9,State,Kelantan,mean_rm,2024,2906,3380,-16.3,1.163,JADUAL A9 Negeri Lelaki Purata!row9,JADUAL A9 NG. Prmpuan. Purata!row9
A9,State,Kelantan,mean_rm,2025,3002,3541,-18.0,1.18,JADUAL A9 Negeri Lelaki Purata!row9,JADUAL A9 NG. Prmpuan. Purata!row9
A9,State,Melaka,mean_rm,2010,1773,1638,7.6,0.924,JADUAL A9 Negeri Lelaki Purata!row10,JADUAL A9 NG. Prmpuan. Purata!row10
A9,State,Melaka,mean_rm,2011,1883,1596,15.2,0.848,JADUAL A9 Negeri Lelaki Purata!row10,JADUAL A9 NG. Prmpuan. Purata!row10
A9,State,Melaka,mean_rm,2012,1950,1774,9.0,0.91,JADUAL A9 Negeri Lelaki Purata!row10,JADUAL A9 NG. Prmpuan. Purata!row10
A9,State,Melaka,mean_rm,2013,2126,1971,7.3,0.927,JADUAL A9 Negeri Lelaki Purata!row10,JADUAL A9 NG. Prmpuan. Purata!row10
A9,State,Melaka,mean_rm,2014,2161,2073,4.1,0.959,JADUAL A9 Negeri Lelaki Purata!row10,JADUAL A9 NG. Prmpuan. Purata!row10
A9,State,Melaka,mean_rm,2015,2219,2106,5.1,0.949,JADUAL A9 Negeri Lelaki Purata!row10,JADUAL A9 NG. Prmpuan. Purata!row10
A9,State,Melaka,mean_rm,2016,2397,2162,9.8,0.902,JADUAL A9 Negeri Lelaki Purata!row10,JADUAL A9 NG. Prmpuan. Purata!row10
A9,State,Melaka,mean_rm,2017,2599,2519,3.1,0.969,JADUAL A9 Negeri Lelaki Purata!row10,JADUAL A9 NG. Prmpuan. Purata!row10
A9,State,Melaka,mean_rm,2018,2939,2739,6.8,0.932,JADUAL A9 Negeri Lelaki Purata!row10,JADUAL A9 NG. Prmpuan. Purata!row10
A9,State,Melaka,mean_rm,2019,3095,2853,7.8,0.922,JADUAL A9 Negeri Lelaki Purata!row10,JADUAL A9 NG. Prmpuan. Purata!row10
A9,State,Melaka,mean_rm,2020,2994,2830,5.5,0.945,JADUAL A9 Negeri Lelaki Purata!row10,JADUAL A9 NG. Prmpuan. Purata!row10
A9,State,Melaka,mean_rm,2021,2973,2920,1.8,0.982,JADUAL A9 Negeri Lelaki Purata!row10,JADUAL A9 NG. Prmpuan. Purata!row10
A9,State,Melaka,mean_rm,2022,3075,3118,-1.4,1.014,JADUAL A9 Negeri Lelaki Purata!row10,JADUAL A9 NG. Prmpuan. Purata!row10
A9,State,Melaka,mean_rm,2023,3292,3338,-1.4,1.014,JADUAL A9 Negeri Lelaki Purata!row10,JADUAL A9 NG. Prmpuan. Purata!row10
A9,State,Melaka,mean_rm,2024,3448,3498,-1.5,1.015,JADUAL A9 Negeri Lelaki Purata!row10,JADUAL A9 NG. Prmpuan. Purata!row10
A9,State,Melaka,mean_rm,2025,3542,3557,-0.4,1.004,JADUAL A9 Negeri Lelaki Purata!row10,JADUAL A9 NG. Prmpuan. Purata!row10
A9,State,Negeri Sembilan,mean_rm,2010,1936,1797,7.2,0.928,JADUAL A9 Negeri Lelaki Purata!row11,JADUAL A9 NG. Prmpuan. Purata!row11
A9,State,Negeri Sembilan,mean_rm,2011,2070,1826,11.8,0.882,JADUAL A9 Negeri Lelaki Purata!row11,JADUAL A9 NG. Prmpuan. Purata!row11
A9,State,Negeri Sembilan,mean_rm,2012,2014,1791,11.1,0.889,JADUAL A9 Negeri Lelaki Purata!row11,JADUAL A9 NG. Prmpuan. Purata!row11
A9,State,Negeri Sembilan,mean_rm,2013,2350,2091,11.0,0.89,JADUAL A9 Negeri Lelaki Purata!row11,JADUAL A9 NG. Prmpuan. Purata!row11
A9,State,Negeri Sembilan,mean_rm,2014,2597,2222,14.4,0.856,JADUAL A9 Negeri Lelaki Purata!row11,JADUAL A9 NG. Prmpuan. Purata!row11
A9,State,Negeri Sembilan,mean_rm,2015,2590,2267,12.5,0.875,JADUAL A9 Negeri Lelaki Purata!row11,JADUAL A9 NG. Prmpuan. Purata!row11
A9,State,Negeri Sembilan,mean_rm,2016,2815,2369,15.8,0.842,JADUAL A9 Negeri Lelaki Purata!row11,JADUAL A9 NG. Prmpuan. Purata!row11
A9,State,Negeri Sembilan,mean_rm,2017,3031,2639,12.9,0.871,JADUAL A9 Negeri Lelaki Purata!row11,JADUAL A9 NG. Prmpuan. Purata!row11
A9,State,Negeri Sembilan,mean_rm,2018,3189,2846,10.8,0.892,JADUAL A9 Negeri Lelaki Purata!row11,JADUAL A9 NG. Prmpuan. Purata!row11
A9,State,Negeri Sembilan,mean_rm,2019,3272,3138,4.1,0.959,JADUAL A9 Negeri Lelaki Purata!row11,JADUAL A9 NG. Prmpuan. Purata!row11
A9,State,Negeri Sembilan,mean_rm,2020,3062,2876,6.1,0.939,JADUAL A9 Negeri Lelaki Purata!row11,JADUAL A9 NG. Prmpuan. Purata!row11
A9,State,Negeri Sembilan,mean_rm,2021,3049,3077,-0.9,1.009,JADUAL A9 Negeri Lelaki Purata!row11,JADUAL A9 NG. Prmpuan. Purata!row11
A9,State,Negeri Sembilan,mean_rm,2022,3201,3135,2.1,0.979,JADUAL A9 Negeri Lelaki Purata!row11,JADUAL A9 NG. Prmpuan. Purata!row11
A9,State,Negeri Sembilan,mean_rm,2023,3368,3386,-0.5,1.005,JADUAL A9 Negeri Lelaki Purata!row11,JADUAL A9 NG. Prmpuan. Purata!row11
A9,State,Negeri Sembilan,mean_rm,2024,3682,3538,3.9,0.961,JADUAL A9 Negeri Lelaki Purata!row11,JADUAL A9 NG. Prmpuan. Purata!row11
A9,State,Negeri Sembilan,mean_rm,2025,3781,3652,3.4,0.966,JADUAL A9 Negeri Lelaki Purata!row11,JADUAL A9 NG. Prmpuan. Purata!row11
A9,State,Pahang,mean_rm,2010,1732,1533,11.5,0.885,JADUAL A9 Negeri Lelaki Purata!row12,JADUAL A9 NG. Prmpuan. Purata!row12
A9,State,Pahang,mean_rm,2011,1731,1627,6.0,0.94,JADUAL A9 Negeri Lelaki Purata!row12,JADUAL A9 NG. Prmpuan. Purata!row12
A9,State,Pahang,mean_rm,2012,1745,1669,4.4,0.956,JADUAL A9 Negeri Lelaki Purata!row12,JADUAL A9 NG. Prmpuan. Purata!row12
A9,State,Pahang,mean_rm,2013,1918,1919,-0.1,1.001,JADUAL A9 Negeri Lelaki Purata!row12,JADUAL A9 NG. Prmpuan. Purata!row12
A9,State,Pahang,mean_rm,2014,2094,2009,4.1,0.959,JADUAL A9 Negeri Lelaki Purata!row12,JADUAL A9 NG. Prmpuan. Purata!row12
A9,State,Pahang,mean_rm,2015,2168,2047,5.6,0.944,JADUAL A9 Negeri Lelaki Purata!row12,JADUAL A9 NG. Prmpuan. Purata!row12
A9,State,Pahang,mean_rm,2016,2219,2131,4.0,0.96,JADUAL A9 Negeri Lelaki Purata!row12,JADUAL A9 NG. Prmpuan. Purata!row12
A9,State,Pahang,mean_rm,2017,2406,2456,-2.1,1.021,JADUAL A9 Negeri Lelaki Purata!row12,JADUAL A9 NG. Prmpuan. Purata!row12
A9,State,Pahang,mean_rm,2018,2632,2712,-3.0,1.03,JADUAL A9 Negeri Lelaki Purata!row12,JADUAL A9 NG. Prmpuan. Purata!row12
A9,State,Pahang,mean_rm,2019,2718,2813,-3.5,1.035,JADUAL A9 Negeri Lelaki Purata!row12,JADUAL A9 NG. Prmpuan. Purata!row12
A9,State,Pahang,mean_rm,2020,2608,2825,-8.3,1.083,JADUAL A9 Negeri Lelaki Purata!row12,JADUAL A9 NG. Prmpuan. Purata!row12
A9,State,Pahang,mean_rm,2021,2672,2816,-5.4,1.054,JADUAL A9 Negeri Lelaki Purata!row12,JADUAL A9 NG. Prmpuan. Purata!row12
A9,State,Pahang,mean_rm,2022,2769,2970,-7.3,1.073,JADUAL A9 Negeri Lelaki Purata!row12,JADUAL A9 NG. Prmpuan. Purata!row12
A9,State,Pahang,mean_rm,2023,3057,3236,-5.9,1.059,JADUAL A9 Negeri Lelaki Purata!row12,JADUAL A9 NG. Prmpuan. Purata!row12
A9,State,Pahang,mean_rm,2024,3314,3375,-1.8,1.018,JADUAL A9 Negeri Lelaki Purata!row12,JADUAL A9 NG. Prmpuan. Purata!row12
A9,State,Pahang,mean_rm,2025,3429,3443,-0.4,1.004,JADUAL A9 Negeri Lelaki Purata!row12,JADUAL A9 NG. Prmpuan. Purata!row12
A9,State,Perak,mean_rm,2010,1681,1511,10.1,0.899,JADUAL A9 Negeri Lelaki Purata!row14,JADUAL A9 NG. Prmpuan. Purata!row14
A9,State,Perak,mean_rm,2011,1660,1518,8.6,0.914,JADUAL A9 Negeri Lelaki Purata!row14,JADUAL A9 NG. Prmpuan. Purata!row14
A9,State,Perak,mean_rm,2012,1765,1627,7.8,0.922,JADUAL A9 Negeri Lelaki Purata!row14,JADUAL A9 NG. Prmpuan. Purata!row14
A9,State,Perak,mean_rm,2013,1766,1677,5.0,0.95,JADUAL A9 Negeri Lelaki Purata!row14,JADUAL A9 NG. Prmpuan. Purata!row14
A9,State,Perak,mean_rm,2014,1926,1756,8.8,0.912,JADUAL A9 Negeri Lelaki Purata!row14,JADUAL A9 NG. Prmpuan. Purata!row14
A9,State,Perak,mean_rm,2015,2082,1947,6.5,0.935,JADUAL A9 Negeri Lelaki Purata!row14,JADUAL A9 NG. Prmpuan. Purata!row14
A9,State,Perak,mean_rm,2016,2260,2122,6.1,0.939,JADUAL A9 Negeri Lelaki Purata!row14,JADUAL A9 NG. Prmpuan. Purata!row14
A9,State,Perak,mean_rm,2017,2310,2240,3.0,0.97,JADUAL A9 Negeri Lelaki Purata!row14,JADUAL A9 NG. Prmpuan. Purata!row14
A9,State,Perak,mean_rm,2018,2461,2280,7.4,0.926,JADUAL A9 Negeri Lelaki Purata!row14,JADUAL A9 NG. Prmpuan. Purata!row14
A9,State,Perak,mean_rm,2019,2653,2452,7.6,0.924,JADUAL A9 Negeri Lelaki Purata!row14,JADUAL A9 NG. Prmpuan. Purata!row14
A9,State,Perak,mean_rm,2020,2466,2471,-0.2,1.002,JADUAL A9 Negeri Lelaki Purata!row14,JADUAL A9 NG. Prmpuan. Purata!row14
A9,State,Perak,mean_rm,2021,2622,2616,0.2,0.998,JADUAL A9 Negeri Lelaki Purata!row14,JADUAL A9 NG. Prmpuan. Purata!row14
A9,State,Perak,mean_rm,2022,2778,2692,3.1,0.969,JADUAL A9 Negeri Lelaki Purata!row14,JADUAL A9 NG. Prmpuan. Purata!row14
A9,State,Perak,mean_rm,2023,2993,2945,1.6,0.984,JADUAL A9 Negeri Lelaki Purata!row14,JADUAL A9 NG. Prmpuan. Purata!row14
A9,State,Perak,mean_rm,2024,3186,3153,1.0,0.99,JADUAL A9 Negeri Lelaki Purata!row14,JADUAL A9 NG. Prmpuan. Purata!row14
A9,State,Perak,mean_rm,2025,3203,3273,-2.2,1.022,JADUAL A9 Negeri Lelaki Purata!row14,JADUAL A9 NG. Prmpuan. Purata!row14
A9,State,Perlis,mean_rm,2010,1722,1688,2.0,0.98,JADUAL A9 Negeri Lelaki Purata!row15,JADUAL A9 NG. Prmpuan. Purata!row15
A9,State,Perlis,mean_rm,2011,1663,1710,-2.8,1.028,JADUAL A9 Negeri Lelaki Purata!row15,JADUAL A9 NG. Prmpuan. Purata!row15
A9,State,Perlis,mean_rm,2012,1602,1620,-1.1,1.011,JADUAL A9 Negeri Lelaki Purata!row15,JADUAL A9 NG. Prmpuan. Purata!row15
A9,State,Perlis,mean_rm,2013,1717,1701,0.9,0.991,JADUAL A9 Negeri Lelaki Purata!row15,JADUAL A9 NG. Prmpuan. Purata!row15
A9,State,Perlis,mean_rm,2014,2074,2099,-1.2,1.012,JADUAL A9 Negeri Lelaki Purata!row15,JADUAL A9 NG. Prmpuan. Purata!row15
A9,State,Perlis,mean_rm,2015,2144,2397,-11.8,1.118,JADUAL A9 Negeri Lelaki Purata!row15,JADUAL A9 NG. Prmpuan. Purata!row15
A9,State,Perlis,mean_rm,2016,2302,2225,3.3,0.967,JADUAL A9 Negeri Lelaki Purata!row15,JADUAL A9 NG. Prmpuan. Purata!row15
A9,State,Perlis,mean_rm,2017,2388,2589,-8.4,1.084,JADUAL A9 Negeri Lelaki Purata!row15,JADUAL A9 NG. Prmpuan. Purata!row15
A9,State,Perlis,mean_rm,2018,2522,2805,-11.2,1.112,JADUAL A9 Negeri Lelaki Purata!row15,JADUAL A9 NG. Prmpuan. Purata!row15
A9,State,Perlis,mean_rm,2019,2640,2847,-7.8,1.078,JADUAL A9 Negeri Lelaki Purata!row15,JADUAL A9 NG. Prmpuan. Purata!row15
A9,State,Perlis,mean_rm,2020,2525,2720,-7.7,1.077,JADUAL A9 Negeri Lelaki Purata!row15,JADUAL A9 NG. Prmpuan. Purata!row15
A9,State,Perlis,mean_rm,2021,2657,2703,-1.7,1.017,JADUAL A9 Negeri Lelaki Purata!row15,JADUAL A9 NG. Prmpuan. Purata!row15
A9,State,Perlis,mean_rm,2022,2674,2845,-6.4,1.064,JADUAL A9 Negeri Lelaki Purata!row15,JADUAL A9 NG. Prmpuan. Purata!row15
A9,State,Perlis,mean_rm,2023,2891,3069,-6.2,1.062,JADUAL A9 Negeri Lelaki Purata!row15,JADUAL A9 NG. Prmpuan. Purata!row15
A9,State,Perlis,mean_rm,2024,3170,3375,-6.5,1.065,JADUAL A9 Negeri Lelaki Purata!row15,JADUAL A9 NG. Prmpuan. Purata!row15
A9,State,Perlis,mean_rm,2025,3377,3434,-1.7,1.017,JADUAL A9 Negeri Lelaki Purata!row15,JADUAL A9 NG. Prmpuan. Purata!row15
A9,State,Pulau Pinang,mean_rm,2010,2052,1791,12.7,0.873,JADUAL A9 Negeri Lelaki Purata!row13,JADUAL A9 NG. Prmpuan. Purata!row13
A9,State,Pulau Pinang,mean_rm,2011,2119,1867,11.9,0.881,JADUAL A9 Negeri Lelaki Purata!row13,JADUAL A9 NG. Prmpuan. Purata!row13
A9,State,Pulau Pinang,mean_rm,2012,2115,1893,10.5,0.895,JADUAL A9 Negeri Lelaki Purata!row13,JADUAL A9 NG. Prmpuan. Purata!row13
A9,State,Pulau Pinang,mean_rm,2013,2234,1927,13.7,0.863,JADUAL A9 Negeri Lelaki Purata!row13,JADUAL A9 NG. Prmpuan. Purata!row13
A9,State,Pulau Pinang,mean_rm,2014,2474,2154,12.9,0.871,JADUAL A9 Negeri Lelaki Purata!row13,JADUAL A9 NG. Prmpuan. Purata!row13
A9,State,Pulau Pinang,mean_rm,2015,2555,2217,13.2,0.868,JADUAL A9 Negeri Lelaki Purata!row13,JADUAL A9 NG. Prmpuan. Purata!row13
A9,State,Pulau Pinang,mean_rm,2016,2734,2424,11.3,0.887,JADUAL A9 Negeri Lelaki Purata!row13,JADUAL A9 NG. Prmpuan. Purata!row13
A9,State,Pulau Pinang,mean_rm,2017,2791,2512,10.0,0.9,JADUAL A9 Negeri Lelaki Purata!row13,JADUAL A9 NG. Prmpuan. Purata!row13
A9,State,Pulau Pinang,mean_rm,2018,3010,2549,15.3,0.847,JADUAL A9 Negeri Lelaki Purata!row13,JADUAL A9 NG. Prmpuan. Purata!row13
A9,State,Pulau Pinang,mean_rm,2019,3186,2800,12.1,0.879,JADUAL A9 Negeri Lelaki Purata!row13,JADUAL A9 NG. Prmpuan. Purata!row13
A9,State,Pulau Pinang,mean_rm,2020,3034,2677,11.8,0.882,JADUAL A9 Negeri Lelaki Purata!row13,JADUAL A9 NG. Prmpuan. Purata!row13
A9,State,Pulau Pinang,mean_rm,2021,3164,2990,5.5,0.945,JADUAL A9 Negeri Lelaki Purata!row13,JADUAL A9 NG. Prmpuan. Purata!row13
A9,State,Pulau Pinang,mean_rm,2022,3423,3176,7.2,0.928,JADUAL A9 Negeri Lelaki Purata!row13,JADUAL A9 NG. Prmpuan. Purata!row13
A9,State,Pulau Pinang,mean_rm,2023,3680,3402,7.6,0.924,JADUAL A9 Negeri Lelaki Purata!row13,JADUAL A9 NG. Prmpuan. Purata!row13
A9,State,Pulau Pinang,mean_rm,2024,3938,3594,8.7,0.913,JADUAL A9 Negeri Lelaki Purata!row13,JADUAL A9 NG. Prmpuan. Purata!row13
A9,State,Pulau Pinang,mean_rm,2025,4104,3675,10.5,0.895,JADUAL A9 Negeri Lelaki Purata!row13,JADUAL A9 NG. Prmpuan. Purata!row13
A9,State,Sabah,mean_rm,2010,1603,1535,4.2,0.958,JADUAL A9 Negeri Lelaki Purata!row18,JADUAL A9 NG. Prmpuan. Purata!row18
A9,State,Sabah,mean_rm,2011,1619,1629,-0.6,1.006,JADUAL A9 Negeri Lelaki Purata!row18,JADUAL A9 NG. Prmpuan. Purata!row18
A9,State,Sabah,mean_rm,2012,1637,1630,0.4,0.996,JADUAL A9 Negeri Lelaki Purata!row18,JADUAL A9 NG. Prmpuan. Purata!row18
A9,State,Sabah,mean_rm,2013,1853,1911,-3.1,1.031,JADUAL A9 Negeri Lelaki Purata!row18,JADUAL A9 NG. Prmpuan. Purata!row18
A9,State,Sabah,mean_rm,2014,1977,2029,-2.6,1.026,JADUAL A9 Negeri Lelaki Purata!row18,JADUAL A9 NG. Prmpuan. Purata!row18
A9,State,Sabah,mean_rm,2015,2026,2075,-2.4,1.024,JADUAL A9 Negeri Lelaki Purata!row18,JADUAL A9 NG. Prmpuan. Purata!row18
A9,State,Sabah,mean_rm,2016,2243,2194,2.2,0.978,JADUAL A9 Negeri Lelaki Purata!row18,JADUAL A9 NG. Prmpuan. Purata!row18
A9,State,Sabah,mean_rm,2017,2509,2503,0.2,0.998,JADUAL A9 Negeri Lelaki Purata!row18,JADUAL A9 NG. Prmpuan. Purata!row18
A9,State,Sabah,mean_rm,2018,2703,2807,-3.8,1.038,JADUAL A9 Negeri Lelaki Purata!row18,JADUAL A9 NG. Prmpuan. Purata!row18
A9,State,Sabah,mean_rm,2019,2830,2845,-0.5,1.005,JADUAL A9 Negeri Lelaki Purata!row18,JADUAL A9 NG. Prmpuan. Purata!row18
A9,State,Sabah,mean_rm,2020,2604,2716,-4.3,1.043,JADUAL A9 Negeri Lelaki Purata!row18,JADUAL A9 NG. Prmpuan. Purata!row18
A9,State,Sabah,mean_rm,2021,2785,2782,0.1,0.999,JADUAL A9 Negeri Lelaki Purata!row18,JADUAL A9 NG. Prmpuan. Purata!row18
A9,State,Sabah,mean_rm,2022,2851,2902,-1.8,1.018,JADUAL A9 Negeri Lelaki Purata!row18,JADUAL A9 NG. Prmpuan. Purata!row18
A9,State,Sabah,mean_rm,2023,3133,3118,0.5,0.995,JADUAL A9 Negeri Lelaki Purata!row18,JADUAL A9 NG. Prmpuan. Purata!row18
A9,State,Sabah,mean_rm,2024,3455,3285,4.9,0.951,JADUAL A9 Negeri Lelaki Purata!row18,JADUAL A9 NG. Prmpuan. Purata!row18
A9,State,Sabah,mean_rm,2025,3478,3333,4.2,0.958,JADUAL A9 Negeri Lelaki Purata!row18,JADUAL A9 NG. Prmpuan. Purata!row18
A9,State,Sarawak,mean_rm,2010,1759,1593,9.4,0.906,JADUAL A9 Negeri Lelaki Purata!row19,JADUAL A9 NG. Prmpuan. Purata!row19
A9,State,Sarawak,mean_rm,2011,1800,1654,8.1,0.919,JADUAL A9 Negeri Lelaki Purata!row19,JADUAL A9 NG. Prmpuan. Purata!row19
A9,State,Sarawak,mean_rm,2012,1776,1652,7.0,0.93,JADUAL A9 Negeri Lelaki Purata!row19,JADUAL A9 NG. Prmpuan. Purata!row19
A9,State,Sarawak,mean_rm,2013,1986,1817,8.5,0.915,JADUAL A9 Negeri Lelaki Purata!row19,JADUAL A9 NG. Prmpuan. Purata!row19
A9,State,Sarawak,mean_rm,2014,2126,1959,7.9,0.921,JADUAL A9 Negeri Lelaki Purata!row19,JADUAL A9 NG. Prmpuan. Purata!row19
A9,State,Sarawak,mean_rm,2015,2068,2094,-1.3,1.013,JADUAL A9 Negeri Lelaki Purata!row19,JADUAL A9 NG. Prmpuan. Purata!row19
A9,State,Sarawak,mean_rm,2016,2295,2179,5.1,0.949,JADUAL A9 Negeri Lelaki Purata!row19,JADUAL A9 NG. Prmpuan. Purata!row19
A9,State,Sarawak,mean_rm,2017,2504,2529,-1.0,1.01,JADUAL A9 Negeri Lelaki Purata!row19,JADUAL A9 NG. Prmpuan. Purata!row19
A9,State,Sarawak,mean_rm,2018,2751,2767,-0.6,1.006,JADUAL A9 Negeri Lelaki Purata!row19,JADUAL A9 NG. Prmpuan. Purata!row19
A9,State,Sarawak,mean_rm,2019,2827,2805,0.8,0.992,JADUAL A9 Negeri Lelaki Purata!row19,JADUAL A9 NG. Prmpuan. Purata!row19
A9,State,Sarawak,mean_rm,2020,2508,2528,-0.8,1.008,JADUAL A9 Negeri Lelaki Purata!row19,JADUAL A9 NG. Prmpuan. Purata!row19
A9,State,Sarawak,mean_rm,2021,2691,2940,-9.3,1.093,JADUAL A9 Negeri Lelaki Purata!row19,JADUAL A9 NG. Prmpuan. Purata!row19
A9,State,Sarawak,mean_rm,2022,2840,3101,-9.2,1.092,JADUAL A9 Negeri Lelaki Purata!row19,JADUAL A9 NG. Prmpuan. Purata!row19
A9,State,Sarawak,mean_rm,2023,3110,3237,-4.1,1.041,JADUAL A9 Negeri Lelaki Purata!row19,JADUAL A9 NG. Prmpuan. Purata!row19
A9,State,Sarawak,mean_rm,2024,3402,3460,-1.7,1.017,JADUAL A9 Negeri Lelaki Purata!row19,JADUAL A9 NG. Prmpuan. Purata!row19
A9,State,Sarawak,mean_rm,2025,3711,3538,4.7,0.953,JADUAL A9 Negeri Lelaki Purata!row19,JADUAL A9 NG. Prmpuan. Purata!row19
A9,State,Selangor,mean_rm,2010,2538,2269,10.6,0.894,JADUAL A9 Negeri Lelaki Purata!row16,JADUAL A9 NG. Prmpuan. Purata!row16
A9,State,Selangor,mean_rm,2011,2466,2096,15.0,0.85,JADUAL A9 Negeri Lelaki Purata!row16,JADUAL A9 NG. Prmpuan. Purata!row16
A9,State,Selangor,mean_rm,2012,2659,2279,14.3,0.857,JADUAL A9 Negeri Lelaki Purata!row16,JADUAL A9 NG. Prmpuan. Purata!row16
A9,State,Selangor,mean_rm,2013,2825,2447,13.4,0.866,JADUAL A9 Negeri Lelaki Purata!row16,JADUAL A9 NG. Prmpuan. Purata!row16
A9,State,Selangor,mean_rm,2014,2975,2602,12.5,0.875,JADUAL A9 Negeri Lelaki Purata!row16,JADUAL A9 NG. Prmpuan. Purata!row16
A9,State,Selangor,mean_rm,2015,3236,2843,12.1,0.879,JADUAL A9 Negeri Lelaki Purata!row16,JADUAL A9 NG. Prmpuan. Purata!row16
A9,State,Selangor,mean_rm,2016,3404,3016,11.4,0.886,JADUAL A9 Negeri Lelaki Purata!row16,JADUAL A9 NG. Prmpuan. Purata!row16
A9,State,Selangor,mean_rm,2017,3651,3198,12.4,0.876,JADUAL A9 Negeri Lelaki Purata!row16,JADUAL A9 NG. Prmpuan. Purata!row16
A9,State,Selangor,mean_rm,2018,3855,3419,11.3,0.887,JADUAL A9 Negeri Lelaki Purata!row16,JADUAL A9 NG. Prmpuan. Purata!row16
A9,State,Selangor,mean_rm,2019,4114,3621,12.0,0.88,JADUAL A9 Negeri Lelaki Purata!row16,JADUAL A9 NG. Prmpuan. Purata!row16
A9,State,Selangor,mean_rm,2020,3696,3220,12.9,0.871,JADUAL A9 Negeri Lelaki Purata!row16,JADUAL A9 NG. Prmpuan. Purata!row16
A9,State,Selangor,mean_rm,2021,3728,3151,15.5,0.845,JADUAL A9 Negeri Lelaki Purata!row16,JADUAL A9 NG. Prmpuan. Purata!row16
A9,State,Selangor,mean_rm,2022,4063,3313,18.5,0.815,JADUAL A9 Negeri Lelaki Purata!row16,JADUAL A9 NG. Prmpuan. Purata!row16
A9,State,Selangor,mean_rm,2023,4267,3426,19.7,0.803,JADUAL A9 Negeri Lelaki Purata!row16,JADUAL A9 NG. Prmpuan. Purata!row16
A9,State,Selangor,mean_rm,2024,4452,3576,19.7,0.803,JADUAL A9 Negeri Lelaki Purata!row16,JADUAL A9 NG. Prmpuan. Purata!row16
A9,State,Selangor,mean_rm,2025,4692,3727,20.6,0.794,JADUAL A9 Negeri Lelaki Purata!row16,JADUAL A9 NG. Prmpuan. Purata!row16
A9,State,Terengganu,mean_rm,2010,1770,1674,5.4,0.946,JADUAL A9 Negeri Lelaki Purata!row17,JADUAL A9 NG. Prmpuan. Purata!row17
A9,State,Terengganu,mean_rm,2011,1665,1608,3.4,0.966,JADUAL A9 Negeri Lelaki Purata!row17,JADUAL A9 NG. Prmpuan. Purata!row17
A9,State,Terengganu,mean_rm,2012,1775,1735,2.3,0.977,JADUAL A9 Negeri Lelaki Purata!row17,JADUAL A9 NG. Prmpuan. Purata!row17
A9,State,Terengganu,mean_rm,2013,1826,1804,1.2,0.988,JADUAL A9 Negeri Lelaki Purata!row17,JADUAL A9 NG. Prmpuan. Purata!row17
A9,State,Terengganu,mean_rm,2014,1947,1904,2.2,0.978,JADUAL A9 Negeri Lelaki Purata!row17,JADUAL A9 NG. Prmpuan. Purata!row17
A9,State,Terengganu,mean_rm,2015,2105,2112,-0.3,1.003,JADUAL A9 Negeri Lelaki Purata!row17,JADUAL A9 NG. Prmpuan. Purata!row17
A9,State,Terengganu,mean_rm,2016,2358,2309,2.1,0.979,JADUAL A9 Negeri Lelaki Purata!row17,JADUAL A9 NG. Prmpuan. Purata!row17
A9,State,Terengganu,mean_rm,2017,2521,2524,-0.1,1.001,JADUAL A9 Negeri Lelaki Purata!row17,JADUAL A9 NG. Prmpuan. Purata!row17
A9,State,Terengganu,mean_rm,2018,2705,2678,1.0,0.99,JADUAL A9 Negeri Lelaki Purata!row17,JADUAL A9 NG. Prmpuan. Purata!row17
A9,State,Terengganu,mean_rm,2019,2793,2721,2.6,0.974,JADUAL A9 Negeri Lelaki Purata!row17,JADUAL A9 NG. Prmpuan. Purata!row17
A9,State,Terengganu,mean_rm,2020,2443,2435,0.3,0.997,JADUAL A9 Negeri Lelaki Purata!row17,JADUAL A9 NG. Prmpuan. Purata!row17
A9,State,Terengganu,mean_rm,2021,2568,2499,2.7,0.973,JADUAL A9 Negeri Lelaki Purata!row17,JADUAL A9 NG. Prmpuan. Purata!row17
A9,State,Terengganu,mean_rm,2022,2620,2603,0.6,0.994,JADUAL A9 Negeri Lelaki Purata!row17,JADUAL A9 NG. Prmpuan. Purata!row17
A9,State,Terengganu,mean_rm,2023,2857,2980,-4.3,1.043,JADUAL A9 Negeri Lelaki Purata!row17,JADUAL A9 NG. Prmpuan. Purata!row17
A9,State,Terengganu,mean_rm,2024,3036,3248,-7.0,1.07,JADUAL A9 Negeri Lelaki Purata!row17,JADUAL A9 NG. Prmpuan. Purata!row17
A9,State,Terengganu,mean_rm,2025,3069,3472,-13.1,1.131,JADUAL A9 Negeri Lelaki Purata!row17,JADUAL A9 NG. Prmpuan. Purata!row17
A9,State,Total,mean_rm,2010,2003,1825,8.9,0.911,JADUAL A9 Negeri Lelaki Purata!row6,JADUAL A9 NG. Prmpuan. Purata!row6
A9,State,Total,mean_rm,2011,2035,1838,9.7,0.903,JADUAL A9 Negeri Lelaki Purata!row6,JADUAL A9 NG. Prmpuan. Purata!row6
A9,State,Total,mean_rm,2012,2126,1935,9.0,0.91,JADUAL A9 Negeri Lelaki Purata!row6,JADUAL A9 NG. Prmpuan. Purata!row6
A9,State,Total,mean_rm,2013,2259,2072,8.3,0.917,JADUAL A9 Negeri Lelaki Purata!row6,JADUAL A9 NG. Prmpuan. Purata!row6
A9,State,Total,mean_rm,2014,2455,2259,8.0,0.92,JADUAL A9 Negeri Lelaki Purata!row6,JADUAL A9 NG. Prmpuan. Purata!row6
A9,State,Total,mean_rm,2015,2558,2380,7.0,0.93,JADUAL A9 Negeri Lelaki Purata!row6,JADUAL A9 NG. Prmpuan. Purata!row6
A9,State,Total,mean_rm,2016,2741,2532,7.6,0.924,JADUAL A9 Negeri Lelaki Purata!row6,JADUAL A9 NG. Prmpuan. Purata!row6
A9,State,Total,mean_rm,2017,2953,2772,6.1,0.939,JADUAL A9 Negeri Lelaki Purata!row6,JADUAL A9 NG. Prmpuan. Purata!row6
A9,State,Total,mean_rm,2018,3174,2959,6.8,0.932,JADUAL A9 Negeri Lelaki Purata!row6,JADUAL A9 NG. Prmpuan. Purata!row6
A9,State,Total,mean_rm,2019,3304,3108,5.9,0.941,JADUAL A9 Negeri Lelaki Purata!row6,JADUAL A9 NG. Prmpuan. Purata!row6
A9,State,Total,mean_rm,2020,3011,2872,4.6,0.954,JADUAL A9 Negeri Lelaki Purata!row6,JADUAL A9 NG. Prmpuan. Purata!row6
A9,State,Total,mean_rm,2021,3114,2955,5.1,0.949,JADUAL A9 Negeri Lelaki Purata!row6,JADUAL A9 NG. Prmpuan. Purata!row6
A9,State,Total,mean_rm,2022,3288,3119,5.1,0.949,JADUAL A9 Negeri Lelaki Purata!row6,JADUAL A9 NG. Prmpuan. Purata!row6
A9,State,Total,mean_rm,2023,3532,3311,6.3,0.937,JADUAL A9 Negeri Lelaki Purata!row6,JADUAL A9 NG. Prmpuan. Purata!row6
A9,State,Total,mean_rm,2024,3759,3499,6.9,0.931,JADUAL A9 Negeri Lelaki Purata!row6,JADUAL A9 NG. Prmpuan. Purata!row6
A9,State,Total,mean_rm,2025,3921,3635,7.3,0.927,JADUAL A9 Negeri Lelaki Purata!row6,JADUAL A9 NG. Prmpuan. Purata!row6
A9,State,"W.P. 
Kuala Lumpur",mean_rm,2010,2451,2082,15.1,0.849,JADUAL A9 Negeri Lelaki Purata!row20,JADUAL A9 NG. Prmpuan. Purata!row20
A9,State,"W.P. 
Kuala Lumpur",mean_rm,2011,2637,2359,10.5,0.895,JADUAL A9 Negeri Lelaki Purata!row20,JADUAL A9 NG. Prmpuan. Purata!row20
A9,State,"W.P. 
Kuala Lumpur",mean_rm,2012,2887,2514,12.9,0.871,JADUAL A9 Negeri Lelaki Purata!row20,JADUAL A9 NG. Prmpuan. Purata!row20
A9,State,"W.P. 
Kuala Lumpur",mean_rm,2013,2887,2510,13.1,0.869,JADUAL A9 Negeri Lelaki Purata!row20,JADUAL A9 NG. Prmpuan. Purata!row20
A9,State,"W.P. 
Kuala Lumpur",mean_rm,2014,3249,2939,9.5,0.905,JADUAL A9 Negeri Lelaki Purata!row20,JADUAL A9 NG. Prmpuan. Purata!row20
A9,State,"W.P. 
Kuala Lumpur",mean_rm,2015,3366,2899,13.9,0.861,JADUAL A9 Negeri Lelaki Purata!row20,JADUAL A9 NG. Prmpuan. Purata!row20
A9,State,"W.P. 
Kuala Lumpur",mean_rm,2016,3635,3281,9.7,0.903,JADUAL A9 Negeri Lelaki Purata!row20,JADUAL A9 NG. Prmpuan. Purata!row20
A9,State,"W.P. 
Kuala Lumpur",mean_rm,2017,4129,3774,8.6,0.914,JADUAL A9 Negeri Lelaki Purata!row20,JADUAL A9 NG. Prmpuan. Purata!row20
A9,State,"W.P. 
Kuala Lumpur",mean_rm,2018,4465,4173,6.5,0.935,JADUAL A9 Negeri Lelaki Purata!row20,JADUAL A9 NG. Prmpuan. Purata!row20
A9,State,"W.P. 
Kuala Lumpur",mean_rm,2019,4528,4145,8.5,0.915,JADUAL A9 Negeri Lelaki Purata!row20,JADUAL A9 NG. Prmpuan. Purata!row20
A9,State,"W.P. 
Kuala Lumpur",mean_rm,2020,4131,3504,15.2,0.848,JADUAL A9 Negeri Lelaki Purata!row20,JADUAL A9 NG. Prmpuan. Purata!row20
A9,State,"W.P. 
Kuala Lumpur",mean_rm,2021,4321,3613,16.4,0.836,JADUAL A9 Negeri Lelaki Purata!row20,JADUAL A9 NG. Prmpuan. Purata!row20
A9,State,"W.P. 
Kuala Lumpur",mean_rm,2022,4649,3877,16.6,0.834,JADUAL A9 Negeri Lelaki Purata!row20,JADUAL A9 NG. Prmpuan. Purata!row20
A9,State,"W.P. 
Kuala Lumpur",mean_rm,2023,4883,4126,15.5,0.845,JADUAL A9 Negeri Lelaki Purata!row20,JADUAL A9 NG. Prmpuan. Purata!row20
A9,State,"W.P. 
Kuala Lumpur",mean_rm,2024,5132,4395,14.4,0.856,JADUAL A9 Negeri Lelaki Purata!row20,JADUAL A9 NG. Prmpuan. Purata!row20
A9,State,"W.P. 
Kuala Lumpur",mean_rm,2025,5195,4704,9.5,0.905,JADUAL A9 Negeri Lelaki Purata!row20,JADUAL A9 NG. Prmpuan. Purata!row20
A9,State,W.P. Labuan,mean_rm,2010,2161,1685,22.0,0.78,JADUAL A9 Negeri Lelaki Purata!row21,JADUAL A9 NG. Prmpuan. Purata!row21
A9,State,W.P. Labuan,mean_rm,2011,1941,1833,5.6,0.944,JADUAL A9 Negeri Lelaki Purata!row21,JADUAL A9 NG. Prmpuan. Purata!row21
A9,State,W.P. Labuan,mean_rm,2012,2008,1794,10.7,0.893,JADUAL A9 Negeri Lelaki Purata!row21,JADUAL A9 NG. Prmpuan. Purata!row21
A9,State,W.P. Labuan,mean_rm,2013,2347,2071,11.8,0.882,JADUAL A9 Negeri Lelaki Purata!row21,JADUAL A9 NG. Prmpuan. Purata!row21
A9,State,W.P. Labuan,mean_rm,2014,2397,2165,9.7,0.903,JADUAL A9 Negeri Lelaki Purata!row21,JADUAL A9 NG. Prmpuan. Purata!row21
A9,State,W.P. Labuan,mean_rm,2015,2556,2185,14.5,0.855,JADUAL A9 Negeri Lelaki Purata!row21,JADUAL A9 NG. Prmpuan. Purata!row21
A9,State,W.P. Labuan,mean_rm,2016,2775,2332,16.0,0.84,JADUAL A9 Negeri Lelaki Purata!row21,JADUAL A9 NG. Prmpuan. Purata!row21
A9,State,W.P. Labuan,mean_rm,2017,3054,2439,20.1,0.799,JADUAL A9 Negeri Lelaki Purata!row21,JADUAL A9 NG. Prmpuan. Purata!row21
A9,State,W.P. Labuan,mean_rm,2018,3166,2858,9.7,0.903,JADUAL A9 Negeri Lelaki Purata!row21,JADUAL A9 NG. Prmpuan. Purata!row21
A9,State,W.P. Labuan,mean_rm,2019,3457,3075,11.1,0.889,JADUAL A9 Negeri Lelaki Purata!row21,JADUAL A9 NG. Prmpuan. Purata!row21
A9,State,W.P. Labuan,mean_rm,2020,3140,2552,18.7,0.813,JADUAL A9 Negeri Lelaki Purata!row21,JADUAL A9 NG. Prmpuan. Purata!row21
A9,State,W.P. Labuan,mean_rm,2021,3341,3170,5.1,0.949,JADUAL A9 Negeri Lelaki Purata!row21,JADUAL A9 NG. Prmpuan. Purata!row21
A9,State,W.P. Labuan,mean_rm,2022,3453,3192,7.6,0.924,JADUAL A9 Negeri Lelaki Purata!row21,JADUAL A9 NG. Prmpuan. Purata!row21
A9,State,W.P. Labuan,mean_rm,2023,3738,3442,7.9,0.921,JADUAL A9 Negeri Lelaki Purata!row21,JADUAL A9 NG. Prmpuan. Purata!row21
A9,State,W.P. Labuan,mean_rm,2024,3955,3547,10.3,0.897,JADUAL A9 Negeri Lelaki Purata!row21,JADUAL A9 NG. Prmpuan. Purata!row21
A9,State,W.P. Labuan,mean_rm,2025,3992,3697,7.4,0.926,JADUAL A9 Negeri Lelaki Purata!row21,JADUAL A9 NG. Prmpuan. Purata!row21
A9,State,W.P. Putrajaya,mean_rm,2010,3024,2393,20.9,0.791,JADUAL A9 Negeri Lelaki Purata!row22,JADUAL A9 NG. Prmpuan. Purata!row22
A9,State,W.P. Putrajaya,mean_rm,2011,3031,2670,11.9,0.881,JADUAL A9 Negeri Lelaki Purata!row22,JADUAL A9 NG. Prmpuan. Purata!row22
A9,State,W.P. Putrajaya,mean_rm,2012,3440,2862,16.8,0.832,JADUAL A9 Negeri Lelaki Purata!row22,JADUAL A9 NG. Prmpuan. Purata!row22
A9,State,W.P. Putrajaya,mean_rm,2013,3484,2925,16.0,0.84,JADUAL A9 Negeri Lelaki Purata!row22,JADUAL A9 NG. Prmpuan. Purata!row22
A9,State,W.P. Putrajaya,mean_rm,2014,3151,3358,-6.6,1.066,JADUAL A9 Negeri Lelaki Purata!row22,JADUAL A9 NG. Prmpuan. Purata!row22
A9,State,W.P. Putrajaya,mean_rm,2015,3944,3541,10.2,0.898,JADUAL A9 Negeri Lelaki Purata!row22,JADUAL A9 NG. Prmpuan. Purata!row22
A9,State,W.P. Putrajaya,mean_rm,2016,4282,3762,12.1,0.879,JADUAL A9 Negeri Lelaki Purata!row22,JADUAL A9 NG. Prmpuan. Purata!row22
A9,State,W.P. Putrajaya,mean_rm,2017,4538,3971,12.5,0.875,JADUAL A9 Negeri Lelaki Purata!row22,JADUAL A9 NG. Prmpuan. Purata!row22
A9,State,W.P. Putrajaya,mean_rm,2018,5074,4120,18.8,0.812,JADUAL A9 Negeri Lelaki Purata!row22,JADUAL A9 NG. Prmpuan. Purata!row22
A9,State,W.P. Putrajaya,mean_rm,2019,4991,4453,10.8,0.892,JADUAL A9 Negeri Lelaki Purata!row22,JADUAL A9 NG. Prmpuan. Purata!row22
A9,State,W.P. Putrajaya,mean_rm,2020,4645,4384,5.6,0.944,JADUAL A9 Negeri Lelaki Purata!row22,JADUAL A9 NG. Prmpuan. Purata!row22
A9,State,W.P. Putrajaya,mean_rm,2021,4494,4683,-4.2,1.042,JADUAL A9 Negeri Lelaki Purata!row22,JADUAL A9 NG. Prmpuan. Purata!row22
A9,State,W.P. Putrajaya,mean_rm,2022,4892,4592,6.1,0.939,JADUAL A9 Negeri Lelaki Purata!row22,JADUAL A9 NG. Prmpuan. Purata!row22
A9,State,W.P. Putrajaya,mean_rm,2023,5041,4738,6.0,0.94,JADUAL A9 Negeri Lelaki Purata!row22,JADUAL A9 NG. Prmpuan. Purata!row22
A9,State,W.P. Putrajaya,mean_rm,2024,5291,4956,6.3,0.937,JADUAL A9 Negeri Lelaki Purata!row22,JADUAL A9 NG. Prmpuan. Purata!row22
A9,State,W.P. Putrajaya,mean_rm,2025,5733,5207,9.2,0.908,JADUAL A9 Negeri Lelaki Purata!row22,JADUAL A9 NG. Prmpuan. Purata!row22
A9,State,Johor,median_rm,2010,1550,1200,22.6,0.774,JADUAL A9Negeri Lelaki Penengah!row7,JADUAL A9 NG. Prmpuan. Penengah!row7
A9,State,Johor,median_rm,2011,1745,1280,26.6,0.734,JADUAL A9Negeri Lelaki Penengah!row7,JADUAL A9 NG. Prmpuan. Penengah!row7
A9,State,Johor,median_rm,2012,1800,1475,18.1,0.819,JADUAL A9Negeri Lelaki Penengah!row7,JADUAL A9 NG. Prmpuan. Penengah!row7
A9,State,Johor,median_rm,2013,1885,1480,21.5,0.785,JADUAL A9Negeri Lelaki Penengah!row7,JADUAL A9 NG. Prmpuan. Penengah!row7
A9,State,Johor,median_rm,2014,2050,1600,22.0,0.78,JADUAL A9Negeri Lelaki Penengah!row7,JADUAL A9 NG. Prmpuan. Penengah!row7
A9,State,Johor,median_rm,2015,2300,1700,26.1,0.739,JADUAL A9Negeri Lelaki Penengah!row7,JADUAL A9 NG. Prmpuan. Penengah!row7
A9,State,Johor,median_rm,2016,2200,1685,23.4,0.766,JADUAL A9Negeri Lelaki Penengah!row7,JADUAL A9 NG. Prmpuan. Penengah!row7
A9,State,Johor,median_rm,2017,2400,1800,25.0,0.75,JADUAL A9Negeri Lelaki Penengah!row7,JADUAL A9 NG. Prmpuan. Penengah!row7
A9,State,Johor,median_rm,2018,2556,2104,17.7,0.823,JADUAL A9Negeri Lelaki Penengah!row7,JADUAL A9 NG. Prmpuan. Penengah!row7
A9,State,Johor,median_rm,2019,2646,2254,14.8,0.852,JADUAL A9Negeri Lelaki Penengah!row7,JADUAL A9 NG. Prmpuan. Penengah!row7
A9,State,Johor,median_rm,2020,2199,1870,15.0,0.85,JADUAL A9Negeri Lelaki Penengah!row7,JADUAL A9 NG. Prmpuan. Penengah!row7
A9,State,Johor,median_rm,2021,2258,2003,11.3,0.887,JADUAL A9Negeri Lelaki Penengah!row7,JADUAL A9 NG. Prmpuan. Penengah!row7
A9,State,Johor,median_rm,2022,2216,1865,15.8,0.842,JADUAL A9Negeri Lelaki Penengah!row7,JADUAL A9 NG. Prmpuan. Penengah!row7
A9,State,Johor,median_rm,2023,2603,2276,12.6,0.874,JADUAL A9Negeri Lelaki Penengah!row7,JADUAL A9 NG. Prmpuan. Penengah!row7
A9,State,Johor,median_rm,2024,2850,2444,14.2,0.858,JADUAL A9Negeri Lelaki Penengah!row7,JADUAL A9 NG. Prmpuan. Penengah!row7
A9,State,Johor,median_rm,2025,2896,2560,11.6,0.884,JADUAL A9Negeri Lelaki Penengah!row7,JADUAL A9 NG. Prmpuan. Penengah!row7
A9,State,Kedah,median_rm,2010,1170,950,18.8,0.812,JADUAL A9Negeri Lelaki Penengah!row8,JADUAL A9 NG. Prmpuan. Penengah!row8
A9,State,Kedah,median_rm,2011,1200,900,25.0,0.75,JADUAL A9Negeri Lelaki Penengah!row8,JADUAL A9 NG. Prmpuan. Penengah!row8
A9,State,Kedah,median_rm,2012,1200,1000,16.7,0.833,JADUAL A9Negeri Lelaki Penengah!row8,JADUAL A9 NG. Prmpuan. Penengah!row8
A9,State,Kedah,median_rm,2013,1300,1100,15.4,0.846,JADUAL A9Negeri Lelaki Penengah!row8,JADUAL A9 NG. Prmpuan. Penengah!row8
A9,State,Kedah,median_rm,2014,1400,1200,14.3,0.857,JADUAL A9Negeri Lelaki Penengah!row8,JADUAL A9 NG. Prmpuan. Penengah!row8
A9,State,Kedah,median_rm,2015,1500,1200,20.0,0.8,JADUAL A9Negeri Lelaki Penengah!row8,JADUAL A9 NG. Prmpuan. Penengah!row8
A9,State,Kedah,median_rm,2016,1600,1200,25.0,0.75,JADUAL A9Negeri Lelaki Penengah!row8,JADUAL A9 NG. Prmpuan. Penengah!row8
A9,State,Kedah,median_rm,2017,1650,1550,6.1,0.939,JADUAL A9Negeri Lelaki Penengah!row8,JADUAL A9 NG. Prmpuan. Penengah!row8
A9,State,Kedah,median_rm,2018,1760,1533,12.9,0.871,JADUAL A9Negeri Lelaki Penengah!row8,JADUAL A9 NG. Prmpuan. Penengah!row8
A9,State,Kedah,median_rm,2019,1812,1670,7.8,0.922,JADUAL A9Negeri Lelaki Penengah!row8,JADUAL A9 NG. Prmpuan. Penengah!row8
A9,State,Kedah,median_rm,2020,1509,1447,4.1,0.959,JADUAL A9Negeri Lelaki Penengah!row8,JADUAL A9 NG. Prmpuan. Penengah!row8
A9,State,Kedah,median_rm,2021,1733,1619,6.6,0.934,JADUAL A9Negeri Lelaki Penengah!row8,JADUAL A9 NG. Prmpuan. Penengah!row8
A9,State,Kedah,median_rm,2022,1863,1760,5.5,0.945,JADUAL A9Negeri Lelaki Penengah!row8,JADUAL A9 NG. Prmpuan. Penengah!row8
A9,State,Kedah,median_rm,2023,1882,1916,-1.8,1.018,JADUAL A9Negeri Lelaki Penengah!row8,JADUAL A9 NG. Prmpuan. Penengah!row8
A9,State,Kedah,median_rm,2024,2051,2051,0.0,1.0,JADUAL A9Negeri Lelaki Penengah!row8,JADUAL A9 NG. Prmpuan. Penengah!row8
A9,State,Kedah,median_rm,2025,2255,2151,4.6,0.954,JADUAL A9Negeri Lelaki Penengah!row8,JADUAL A9 NG. Prmpuan. Penengah!row8
A9,State,Kelantan,median_rm,2010,1000,1210,-21.0,1.21,JADUAL A9Negeri Lelaki Penengah!row9,JADUAL A9 NG. Prmpuan. Penengah!row9
A9,State,Kelantan,median_rm,2011,1000,1325,-32.5,1.325,JADUAL A9Negeri Lelaki Penengah!row9,JADUAL A9 NG. Prmpuan. Penengah!row9
A9,State,Kelantan,median_rm,2012,1000,900,10.0,0.9,JADUAL A9Negeri Lelaki Penengah!row9,JADUAL A9 NG. Prmpuan. Penengah!row9
A9,State,Kelantan,median_rm,2013,1000,1000,0.0,1.0,JADUAL A9Negeri Lelaki Penengah!row9,JADUAL A9 NG. Prmpuan. Penengah!row9
A9,State,Kelantan,median_rm,2014,1000,1155,-15.5,1.155,JADUAL A9Negeri Lelaki Penengah!row9,JADUAL A9 NG. Prmpuan. Penengah!row9
A9,State,Kelantan,median_rm,2015,1200,1300,-8.3,1.083,JADUAL A9Negeri Lelaki Penengah!row9,JADUAL A9 NG. Prmpuan. Penengah!row9
A9,State,Kelantan,median_rm,2016,1225,1600,-30.6,1.306,JADUAL A9Negeri Lelaki Penengah!row9,JADUAL A9 NG. Prmpuan. Penengah!row9
A9,State,Kelantan,median_rm,2017,1400,1800,-28.6,1.286,JADUAL A9Negeri Lelaki Penengah!row9,JADUAL A9 NG. Prmpuan. Penengah!row9
A9,State,Kelantan,median_rm,2018,1604,1605,-0.1,1.001,JADUAL A9Negeri Lelaki Penengah!row9,JADUAL A9 NG. Prmpuan. Penengah!row9
A9,State,Kelantan,median_rm,2019,1601,1670,-4.3,1.043,JADUAL A9Negeri Lelaki Penengah!row9,JADUAL A9 NG. Prmpuan. Penengah!row9
A9,State,Kelantan,median_rm,2020,1390,1345,3.2,0.968,JADUAL A9Negeri Lelaki Penengah!row9,JADUAL A9 NG. Prmpuan. Penengah!row9
A9,State,Kelantan,median_rm,2021,1536,1615,-5.1,1.051,JADUAL A9Negeri Lelaki Penengah!row9,JADUAL A9 NG. Prmpuan. Penengah!row9
A9,State,Kelantan,median_rm,2022,1568,1699,-8.4,1.084,JADUAL A9Negeri Lelaki Penengah!row9,JADUAL A9 NG. Prmpuan. Penengah!row9
A9,State,Kelantan,median_rm,2023,1731,1878,-8.5,1.085,JADUAL A9Negeri Lelaki Penengah!row9,JADUAL A9 NG. Prmpuan. Penengah!row9
A9,State,Kelantan,median_rm,2024,1831,2018,-10.2,1.102,JADUAL A9Negeri Lelaki Penengah!row9,JADUAL A9 NG. Prmpuan. Penengah!row9
A9,State,Kelantan,median_rm,2025,1837,2003,-9.0,1.09,JADUAL A9Negeri Lelaki Penengah!row9,JADUAL A9 NG. Prmpuan. Penengah!row9
A9,State,Melaka,median_rm,2010,1400,1200,14.3,0.857,JADUAL A9Negeri Lelaki Penengah!row10,JADUAL A9 NG. Prmpuan. Penengah!row10
A9,State,Melaka,median_rm,2011,1500,1200,20.0,0.8,JADUAL A9Negeri Lelaki Penengah!row10,JADUAL A9 NG. Prmpuan. Penengah!row10
A9,State,Melaka,median_rm,2012,1500,1330,11.3,0.887,JADUAL A9Negeri Lelaki Penengah!row10,JADUAL A9 NG. Prmpuan. Penengah!row10
A9,State,Melaka,median_rm,2013,1656,1420,14.3,0.857,JADUAL A9Negeri Lelaki Penengah!row10,JADUAL A9 NG. Prmpuan. Penengah!row10
A9,State,Melaka,median_rm,2014,1700,1540,9.4,0.906,JADUAL A9Negeri Lelaki Penengah!row10,JADUAL A9 NG. Prmpuan. Penengah!row10
A9,State,Melaka,median_rm,2015,1700,1500,11.8,0.882,JADUAL A9Negeri Lelaki Penengah!row10,JADUAL A9 NG. Prmpuan. Penengah!row10
A9,State,Melaka,median_rm,2016,1800,1680,6.7,0.933,JADUAL A9Negeri Lelaki Penengah!row10,JADUAL A9 NG. Prmpuan. Penengah!row10
A9,State,Melaka,median_rm,2017,2170,2000,7.8,0.922,JADUAL A9Negeri Lelaki Penengah!row10,JADUAL A9 NG. Prmpuan. Penengah!row10
A9,State,Melaka,median_rm,2018,2382,2154,9.6,0.904,JADUAL A9Negeri Lelaki Penengah!row10,JADUAL A9 NG. Prmpuan. Penengah!row10
A9,State,Melaka,median_rm,2019,2489,2158,13.3,0.867,JADUAL A9Negeri Lelaki Penengah!row10,JADUAL A9 NG. Prmpuan. Penengah!row10
A9,State,Melaka,median_rm,2020,2190,2025,7.5,0.925,JADUAL A9Negeri Lelaki Penengah!row10,JADUAL A9 NG. Prmpuan. Penengah!row10
A9,State,Melaka,median_rm,2021,2277,2110,7.3,0.927,JADUAL A9Negeri Lelaki Penengah!row10,JADUAL A9 NG. Prmpuan. Penengah!row10
A9,State,Melaka,median_rm,2022,2314,2280,1.5,0.985,JADUAL A9Negeri Lelaki Penengah!row10,JADUAL A9 NG. Prmpuan. Penengah!row10
A9,State,Melaka,median_rm,2023,2360,2465,-4.4,1.044,JADUAL A9Negeri Lelaki Penengah!row10,JADUAL A9 NG. Prmpuan. Penengah!row10
A9,State,Melaka,median_rm,2024,2606,2527,3.0,0.97,JADUAL A9Negeri Lelaki Penengah!row10,JADUAL A9 NG. Prmpuan. Penengah!row10
A9,State,Melaka,median_rm,2025,2773,2675,3.5,0.965,JADUAL A9Negeri Lelaki Penengah!row10,JADUAL A9 NG. Prmpuan. Penengah!row10
A9,State,Negeri Sembilan,median_rm,2010,1540,1350,12.3,0.877,JADUAL A9Negeri Lelaki Penengah!row11,JADUAL A9 NG. Prmpuan. Penengah!row11
A9,State,Negeri Sembilan,median_rm,2011,1600,1350,15.6,0.844,JADUAL A9Negeri Lelaki Penengah!row11,JADUAL A9 NG. Prmpuan. Penengah!row11
A9,State,Negeri Sembilan,median_rm,2012,1620,1300,19.8,0.802,JADUAL A9Negeri Lelaki Penengah!row11,JADUAL A9 NG. Prmpuan. Penengah!row11
A9,State,Negeri Sembilan,median_rm,2013,1900,1600,15.8,0.842,JADUAL A9Negeri Lelaki Penengah!row11,JADUAL A9 NG. Prmpuan. Penengah!row11
A9,State,Negeri Sembilan,median_rm,2014,1900,1527,19.6,0.804,JADUAL A9Negeri Lelaki Penengah!row11,JADUAL A9 NG. Prmpuan. Penengah!row11
A9,State,Negeri Sembilan,median_rm,2015,2000,1850,7.5,0.925,JADUAL A9Negeri Lelaki Penengah!row11,JADUAL A9 NG. Prmpuan. Penengah!row11
A9,State,Negeri Sembilan,median_rm,2016,2080,1800,13.5,0.865,JADUAL A9Negeri Lelaki Penengah!row11,JADUAL A9 NG. Prmpuan. Penengah!row11
A9,State,Negeri Sembilan,median_rm,2017,2250,2015,10.4,0.896,JADUAL A9Negeri Lelaki Penengah!row11,JADUAL A9 NG. Prmpuan. Penengah!row11
A9,State,Negeri Sembilan,median_rm,2018,2442,2137,12.5,0.875,JADUAL A9Negeri Lelaki Penengah!row11,JADUAL A9 NG. Prmpuan. Penengah!row11
A9,State,Negeri Sembilan,median_rm,2019,2513,2261,10.0,0.9,JADUAL A9Negeri Lelaki Penengah!row11,JADUAL A9 NG. Prmpuan. Penengah!row11
A9,State,Negeri Sembilan,median_rm,2020,2167,1883,13.1,0.869,JADUAL A9Negeri Lelaki Penengah!row11,JADUAL A9 NG. Prmpuan. Penengah!row11
A9,State,Negeri Sembilan,median_rm,2021,2323,2166,6.8,0.932,JADUAL A9Negeri Lelaki Penengah!row11,JADUAL A9 NG. Prmpuan. Penengah!row11
A9,State,Negeri Sembilan,median_rm,2022,2359,2218,6.0,0.94,JADUAL A9Negeri Lelaki Penengah!row11,JADUAL A9 NG. Prmpuan. Penengah!row11
A9,State,Negeri Sembilan,median_rm,2023,2402,2343,2.5,0.975,JADUAL A9Negeri Lelaki Penengah!row11,JADUAL A9 NG. Prmpuan. Penengah!row11
A9,State,Negeri Sembilan,median_rm,2024,2606,2475,5.0,0.95,JADUAL A9Negeri Lelaki Penengah!row11,JADUAL A9 NG. Prmpuan. Penengah!row11
A9,State,Negeri Sembilan,median_rm,2025,2725,2693,1.2,0.988,JADUAL A9Negeri Lelaki Penengah!row11,JADUAL A9 NG. Prmpuan. Penengah!row11
A9,State,Pahang,median_rm,2010,1418,1200,15.4,0.846,JADUAL A9Negeri Lelaki Penengah!row12,JADUAL A9 NG. Prmpuan. Penengah!row12
A9,State,Pahang,median_rm,2011,1430,1269,11.3,0.887,JADUAL A9Negeri Lelaki Penengah!row12,JADUAL A9 NG. Prmpuan. Penengah!row12
A9,State,Pahang,median_rm,2012,1400,1200,14.3,0.857,JADUAL A9Negeri Lelaki Penengah!row12,JADUAL A9 NG. Prmpuan. Penengah!row12
A9,State,Pahang,median_rm,2013,1500,1500,0.0,1.0,JADUAL A9Negeri Lelaki Penengah!row12,JADUAL A9 NG. Prmpuan. Penengah!row12
A9,State,Pahang,median_rm,2014,1620,1500,7.4,0.926,JADUAL A9Negeri Lelaki Penengah!row12,JADUAL A9 NG. Prmpuan. Penengah!row12
A9,State,Pahang,median_rm,2015,1700,1500,11.8,0.882,JADUAL A9Negeri Lelaki Penengah!row12,JADUAL A9 NG. Prmpuan. Penengah!row12
A9,State,Pahang,median_rm,2016,1682,1650,1.9,0.981,JADUAL A9Negeri Lelaki Penengah!row12,JADUAL A9 NG. Prmpuan. Penengah!row12
A9,State,Pahang,median_rm,2017,1865,2000,-7.2,1.072,JADUAL A9Negeri Lelaki Penengah!row12,JADUAL A9 NG. Prmpuan. Penengah!row12
A9,State,Pahang,median_rm,2018,2140,1967,8.1,0.919,JADUAL A9Negeri Lelaki Penengah!row12,JADUAL A9 NG. Prmpuan. Penengah!row12
A9,State,Pahang,median_rm,2019,2260,1980,12.4,0.876,JADUAL A9Negeri Lelaki Penengah!row12,JADUAL A9 NG. Prmpuan. Penengah!row12
A9,State,Pahang,median_rm,2020,1705,2011,-17.9,1.179,JADUAL A9Negeri Lelaki Penengah!row12,JADUAL A9 NG. Prmpuan. Penengah!row12
A9,State,Pahang,median_rm,2021,1868,1927,-3.2,1.032,JADUAL A9Negeri Lelaki Penengah!row12,JADUAL A9 NG. Prmpuan. Penengah!row12
A9,State,Pahang,median_rm,2022,2013,2087,-3.7,1.037,JADUAL A9Negeri Lelaki Penengah!row12,JADUAL A9 NG. Prmpuan. Penengah!row12
A9,State,Pahang,median_rm,2023,2045,2439,-19.3,1.193,JADUAL A9Negeri Lelaki Penengah!row12,JADUAL A9 NG. Prmpuan. Penengah!row12
A9,State,Pahang,median_rm,2024,2213,2641,-19.3,1.193,JADUAL A9Negeri Lelaki Penengah!row12,JADUAL A9 NG. Prmpuan. Penengah!row12
A9,State,Pahang,median_rm,2025,2526,2627,-4.0,1.04,JADUAL A9Negeri Lelaki Penengah!row12,JADUAL A9 NG. Prmpuan. Penengah!row12
A9,State,Perak,median_rm,2010,1300,1000,23.1,0.769,JADUAL A9Negeri Lelaki Penengah!row14,JADUAL A9 NG. Prmpuan. Penengah!row14
A9,State,Perak,median_rm,2011,1300,1000,23.1,0.769,JADUAL A9Negeri Lelaki Penengah!row14,JADUAL A9 NG. Prmpuan. Penengah!row14
A9,State,Perak,median_rm,2012,1415,1100,22.3,0.777,JADUAL A9Negeri Lelaki Penengah!row14,JADUAL A9 NG. Prmpuan. Penengah!row14
A9,State,Perak,median_rm,2013,1400,1100,21.4,0.786,JADUAL A9Negeri Lelaki Penengah!row14,JADUAL A9 NG. Prmpuan. Penengah!row14
A9,State,Perak,median_rm,2014,1500,1200,20.0,0.8,JADUAL A9Negeri Lelaki Penengah!row14,JADUAL A9 NG. Prmpuan. Penengah!row14
A9,State,Perak,median_rm,2015,1560,1200,23.1,0.769,JADUAL A9Negeri Lelaki Penengah!row14,JADUAL A9 NG. Prmpuan. Penengah!row14
A9,State,Perak,median_rm,2016,1703,1500,11.9,0.881,JADUAL A9Negeri Lelaki Penengah!row14,JADUAL A9 NG. Prmpuan. Penengah!row14
A9,State,Perak,median_rm,2017,1760,1650,6.2,0.938,JADUAL A9Negeri Lelaki Penengah!row14,JADUAL A9 NG. Prmpuan. Penengah!row14
A9,State,Perak,median_rm,2018,1935,1640,15.2,0.848,JADUAL A9Negeri Lelaki Penengah!row14,JADUAL A9 NG. Prmpuan. Penengah!row14
A9,State,Perak,median_rm,2019,2013,1650,18.0,0.82,JADUAL A9Negeri Lelaki Penengah!row14,JADUAL A9 NG. Prmpuan. Penengah!row14
A9,State,Perak,median_rm,2020,1713,1545,9.8,0.902,JADUAL A9Negeri Lelaki Penengah!row14,JADUAL A9 NG. Prmpuan. Penengah!row14
A9,State,Perak,median_rm,2021,1947,1645,15.5,0.845,JADUAL A9Negeri Lelaki Penengah!row14,JADUAL A9 NG. Prmpuan. Penengah!row14
A9,State,Perak,median_rm,2022,1953,1677,14.1,0.859,JADUAL A9Negeri Lelaki Penengah!row14,JADUAL A9 NG. Prmpuan. Penengah!row14
A9,State,Perak,median_rm,2023,2045,1916,6.3,0.937,JADUAL A9Negeri Lelaki Penengah!row14,JADUAL A9 NG. Prmpuan. Penengah!row14
A9,State,Perak,median_rm,2024,2200,1947,11.5,0.885,JADUAL A9Negeri Lelaki Penengah!row14,JADUAL A9 NG. Prmpuan. Penengah!row14
A9,State,Perak,median_rm,2025,2301,2053,10.8,0.892,JADUAL A9Negeri Lelaki Penengah!row14,JADUAL A9 NG. Prmpuan. Penengah!row14
A9,State,Perlis,median_rm,2010,1200,1125,6.2,0.938,JADUAL A9Negeri Lelaki Penengah!row15,JADUAL A9 NG. Prmpuan. Penengah!row15
A9,State,Perlis,median_rm,2011,1200,1240,-3.3,1.033,JADUAL A9Negeri Lelaki Penengah!row15,JADUAL A9 NG. Prmpuan. Penengah!row15
A9,State,Perlis,median_rm,2012,1200,900,25.0,0.75,JADUAL A9Negeri Lelaki Penengah!row15,JADUAL A9 NG. Prmpuan. Penengah!row15
A9,State,Perlis,median_rm,2013,1200,900,25.0,0.75,JADUAL A9Negeri Lelaki Penengah!row15,JADUAL A9 NG. Prmpuan. Penengah!row15
A9,State,Perlis,median_rm,2014,1445,1200,17.0,0.83,JADUAL A9Negeri Lelaki Penengah!row15,JADUAL A9 NG. Prmpuan. Penengah!row15
A9,State,Perlis,median_rm,2015,1410,1500,-6.4,1.064,JADUAL A9Negeri Lelaki Penengah!row15,JADUAL A9 NG. Prmpuan. Penengah!row15
A9,State,Perlis,median_rm,2016,1630,1600,1.8,0.982,JADUAL A9Negeri Lelaki Penengah!row15,JADUAL A9 NG. Prmpuan. Penengah!row15
A9,State,Perlis,median_rm,2017,1650,2145,-30.0,1.3,JADUAL A9Negeri Lelaki Penengah!row15,JADUAL A9 NG. Prmpuan. Penengah!row15
A9,State,Perlis,median_rm,2018,2011,1959,2.6,0.974,JADUAL A9Negeri Lelaki Penengah!row15,JADUAL A9 NG. Prmpuan. Penengah!row15
A9,State,Perlis,median_rm,2019,2070,1900,8.2,0.918,JADUAL A9Negeri Lelaki Penengah!row15,JADUAL A9 NG. Prmpuan. Penengah!row15
A9,State,Perlis,median_rm,2020,1541,1395,9.5,0.905,JADUAL A9Negeri Lelaki Penengah!row15,JADUAL A9 NG. Prmpuan. Penengah!row15
A9,State,Perlis,median_rm,2021,1698,1926,-13.4,1.134,JADUAL A9Negeri Lelaki Penengah!row15,JADUAL A9 NG. Prmpuan. Penengah!row15
A9,State,Perlis,median_rm,2022,1781,1908,-7.1,1.071,JADUAL A9Negeri Lelaki Penengah!row15,JADUAL A9 NG. Prmpuan. Penengah!row15
A9,State,Perlis,median_rm,2023,1818,1978,-8.8,1.088,JADUAL A9Negeri Lelaki Penengah!row15,JADUAL A9 NG. Prmpuan. Penengah!row15
A9,State,Perlis,median_rm,2024,1970,2038,-3.5,1.035,JADUAL A9Negeri Lelaki Penengah!row15,JADUAL A9 NG. Prmpuan. Penengah!row15
A9,State,Perlis,median_rm,2025,2067,1991,3.7,0.963,JADUAL A9Negeri Lelaki Penengah!row15,JADUAL A9 NG. Prmpuan. Penengah!row15
A9,State,Pulau Pinang,median_rm,2010,1530,1466,4.2,0.958,JADUAL A9Negeri Lelaki Penengah!row13,JADUAL A9 NG. Prmpuan. Penengah!row13
A9,State,Pulau Pinang,median_rm,2011,1560,1368,12.3,0.877,JADUAL A9Negeri Lelaki Penengah!row13,JADUAL A9 NG. Prmpuan. Penengah!row13
A9,State,Pulau Pinang,median_rm,2012,1600,1500,6.2,0.938,JADUAL A9Negeri Lelaki Penengah!row13,JADUAL A9 NG. Prmpuan. Penengah!row13
A9,State,Pulau Pinang,median_rm,2013,1775,1500,15.5,0.845,JADUAL A9Negeri Lelaki Penengah!row13,JADUAL A9 NG. Prmpuan. Penengah!row13
A9,State,Pulau Pinang,median_rm,2014,2000,1600,20.0,0.8,JADUAL A9Negeri Lelaki Penengah!row13,JADUAL A9 NG. Prmpuan. Penengah!row13
A9,State,Pulau Pinang,median_rm,2015,2000,1700,15.0,0.85,JADUAL A9Negeri Lelaki Penengah!row13,JADUAL A9 NG. Prmpuan. Penengah!row13
A9,State,Pulau Pinang,median_rm,2016,2000,2000,0.0,1.0,JADUAL A9Negeri Lelaki Penengah!row13,JADUAL A9 NG. Prmpuan. Penengah!row13
A9,State,Pulau Pinang,median_rm,2017,2170,2160,0.5,0.995,JADUAL A9Negeri Lelaki Penengah!row13,JADUAL A9 NG. Prmpuan. Penengah!row13
A9,State,Pulau Pinang,median_rm,2018,2241,2082,7.1,0.929,JADUAL A9Negeri Lelaki Penengah!row13,JADUAL A9 NG. Prmpuan. Penengah!row13
A9,State,Pulau Pinang,median_rm,2019,2481,2206,11.1,0.889,JADUAL A9Negeri Lelaki Penengah!row13,JADUAL A9 NG. Prmpuan. Penengah!row13
A9,State,Pulau Pinang,median_rm,2020,2244,1965,12.4,0.876,JADUAL A9Negeri Lelaki Penengah!row13,JADUAL A9 NG. Prmpuan. Penengah!row13
A9,State,Pulau Pinang,median_rm,2021,2414,2265,6.2,0.938,JADUAL A9Negeri Lelaki Penengah!row13,JADUAL A9 NG. Prmpuan. Penengah!row13
A9,State,Pulau Pinang,median_rm,2022,2558,2297,10.2,0.898,JADUAL A9Negeri Lelaki Penengah!row13,JADUAL A9 NG. Prmpuan. Penengah!row13
A9,State,Pulau Pinang,median_rm,2023,2836,2715,4.3,0.957,JADUAL A9Negeri Lelaki Penengah!row13,JADUAL A9 NG. Prmpuan. Penengah!row13
A9,State,Pulau Pinang,median_rm,2024,3125,2894,7.4,0.926,JADUAL A9Negeri Lelaki Penengah!row13,JADUAL A9 NG. Prmpuan. Penengah!row13
A9,State,Pulau Pinang,median_rm,2025,3334,2923,12.3,0.877,JADUAL A9Negeri Lelaki Penengah!row13,JADUAL A9 NG. Prmpuan. Penengah!row13
A9,State,Sabah,median_rm,2010,1150,1200,-4.3,1.043,JADUAL A9Negeri Lelaki Penengah!row18,JADUAL A9 NG. Prmpuan. Penengah!row18
A9,State,Sabah,median_rm,2011,1115,1200,-7.6,1.076,JADUAL A9Negeri Lelaki Penengah!row18,JADUAL A9 NG. Prmpuan. Penengah!row18
A9,State,Sabah,median_rm,2012,1100,1200,-9.1,1.091,JADUAL A9Negeri Lelaki Penengah!row18,JADUAL A9 NG. Prmpuan. Penengah!row18
A9,State,Sabah,median_rm,2013,1300,1400,-7.7,1.077,JADUAL A9Negeri Lelaki Penengah!row18,JADUAL A9 NG. Prmpuan. Penengah!row18
A9,State,Sabah,median_rm,2014,1379,1450,-5.1,1.051,JADUAL A9Negeri Lelaki Penengah!row18,JADUAL A9 NG. Prmpuan. Penengah!row18
A9,State,Sabah,median_rm,2015,1500,1400,6.7,0.933,JADUAL A9Negeri Lelaki Penengah!row18,JADUAL A9 NG. Prmpuan. Penengah!row18
A9,State,Sabah,median_rm,2016,1600,1542,3.6,0.964,JADUAL A9Negeri Lelaki Penengah!row18,JADUAL A9 NG. Prmpuan. Penengah!row18
A9,State,Sabah,median_rm,2017,1750,1800,-2.9,1.029,JADUAL A9Negeri Lelaki Penengah!row18,JADUAL A9 NG. Prmpuan. Penengah!row18
A9,State,Sabah,median_rm,2018,1947,1964,-0.9,1.009,JADUAL A9Negeri Lelaki Penengah!row18,JADUAL A9 NG. Prmpuan. Penengah!row18
A9,State,Sabah,median_rm,2019,1980,2060,-4.0,1.04,JADUAL A9Negeri Lelaki Penengah!row18,JADUAL A9 NG. Prmpuan. Penengah!row18
A9,State,Sabah,median_rm,2020,1670,1793,-7.4,1.074,JADUAL A9Negeri Lelaki Penengah!row18,JADUAL A9 NG. Prmpuan. Penengah!row18
A9,State,Sabah,median_rm,2021,1878,1931,-2.8,1.028,JADUAL A9Negeri Lelaki Penengah!row18,JADUAL A9 NG. Prmpuan. Penengah!row18
A9,State,Sabah,median_rm,2022,2011,2115,-5.2,1.052,JADUAL A9Negeri Lelaki Penengah!row18,JADUAL A9 NG. Prmpuan. Penengah!row18
A9,State,Sabah,median_rm,2023,1916,2276,-18.8,1.188,JADUAL A9Negeri Lelaki Penengah!row18,JADUAL A9 NG. Prmpuan. Penengah!row18
A9,State,Sabah,median_rm,2024,2094,2476,-18.2,1.182,JADUAL A9Negeri Lelaki Penengah!row18,JADUAL A9 NG. Prmpuan. Penengah!row18
A9,State,Sabah,median_rm,2025,2482,2562,-3.2,1.032,JADUAL A9Negeri Lelaki Penengah!row18,JADUAL A9 NG. Prmpuan. Penengah!row18
A9,State,Sarawak,median_rm,2010,1100,1100,0.0,1.0,JADUAL A9Negeri Lelaki Penengah!row19,JADUAL A9 NG. Prmpuan. Penengah!row19
A9,State,Sarawak,median_rm,2011,1200,1141,4.9,0.951,JADUAL A9Negeri Lelaki Penengah!row19,JADUAL A9 NG. Prmpuan. Penengah!row19
A9,State,Sarawak,median_rm,2012,1200,1100,8.3,0.917,JADUAL A9Negeri Lelaki Penengah!row19,JADUAL A9 NG. Prmpuan. Penengah!row19
A9,State,Sarawak,median_rm,2013,1475,1300,11.9,0.881,JADUAL A9Negeri Lelaki Penengah!row19,JADUAL A9 NG. Prmpuan. Penengah!row19
A9,State,Sarawak,median_rm,2014,1472,1250,15.1,0.849,JADUAL A9Negeri Lelaki Penengah!row19,JADUAL A9 NG. Prmpuan. Penengah!row19
A9,State,Sarawak,median_rm,2015,1440,1500,-4.2,1.042,JADUAL A9Negeri Lelaki Penengah!row19,JADUAL A9 NG. Prmpuan. Penengah!row19
A9,State,Sarawak,median_rm,2016,1600,1500,6.2,0.938,JADUAL A9Negeri Lelaki Penengah!row19,JADUAL A9 NG. Prmpuan. Penengah!row19
A9,State,Sarawak,median_rm,2017,1750,2145,-22.6,1.226,JADUAL A9Negeri Lelaki Penengah!row19,JADUAL A9 NG. Prmpuan. Penengah!row19
A9,State,Sarawak,median_rm,2018,2063,1952,5.4,0.946,JADUAL A9Negeri Lelaki Penengah!row19,JADUAL A9 NG. Prmpuan. Penengah!row19
A9,State,Sarawak,median_rm,2019,2081,2070,0.5,0.995,JADUAL A9Negeri Lelaki Penengah!row19,JADUAL A9 NG. Prmpuan. Penengah!row19
A9,State,Sarawak,median_rm,2020,1669,1595,4.4,0.956,JADUAL A9Negeri Lelaki Penengah!row19,JADUAL A9 NG. Prmpuan. Penengah!row19
A9,State,Sarawak,median_rm,2021,1927,2295,-19.1,1.191,JADUAL A9Negeri Lelaki Penengah!row19,JADUAL A9 NG. Prmpuan. Penengah!row19
A9,State,Sarawak,median_rm,2022,2069,2397,-15.9,1.159,JADUAL A9Negeri Lelaki Penengah!row19,JADUAL A9 NG. Prmpuan. Penengah!row19
A9,State,Sarawak,median_rm,2023,1974,2551,-29.2,1.292,JADUAL A9Negeri Lelaki Penengah!row19,JADUAL A9 NG. Prmpuan. Penengah!row19
A9,State,Sarawak,median_rm,2024,2140,2750,-28.5,1.285,JADUAL A9Negeri Lelaki Penengah!row19,JADUAL A9 NG. Prmpuan. Penengah!row19
A9,State,Sarawak,median_rm,2025,2688,2747,-2.2,1.022,JADUAL A9Negeri Lelaki Penengah!row19,JADUAL A9 NG. Prmpuan. Penengah!row19
A9,State,Selangor,median_rm,2010,2000,1800,10.0,0.9,JADUAL A9Negeri Lelaki Penengah!row16,JADUAL A9 NG. Prmpuan. Penengah!row16
A9,State,Selangor,median_rm,2011,1990,1650,17.1,0.829,JADUAL A9Negeri Lelaki Penengah!row16,JADUAL A9 NG. Prmpuan. Penengah!row16
A9,State,Selangor,median_rm,2012,2000,2000,0.0,1.0,JADUAL A9Negeri Lelaki Penengah!row16,JADUAL A9 NG. Prmpuan. Penengah!row16
A9,State,Selangor,median_rm,2013,2200,2000,9.1,0.909,JADUAL A9Negeri Lelaki Penengah!row16,JADUAL A9 NG. Prmpuan. Penengah!row16
A9,State,Selangor,median_rm,2014,2400,2050,14.6,0.854,JADUAL A9Negeri Lelaki Penengah!row16,JADUAL A9 NG. Prmpuan. Penengah!row16
A9,State,Selangor,median_rm,2015,2500,2500,0.0,1.0,JADUAL A9Negeri Lelaki Penengah!row16,JADUAL A9 NG. Prmpuan. Penengah!row16
A9,State,Selangor,median_rm,2016,2600,2500,3.8,0.962,JADUAL A9Negeri Lelaki Penengah!row16,JADUAL A9 NG. Prmpuan. Penengah!row16
A9,State,Selangor,median_rm,2017,2745,2515,8.4,0.916,JADUAL A9Negeri Lelaki Penengah!row16,JADUAL A9 NG. Prmpuan. Penengah!row16
A9,State,Selangor,median_rm,2018,2888,2549,11.7,0.883,JADUAL A9Negeri Lelaki Penengah!row16,JADUAL A9 NG. Prmpuan. Penengah!row16
A9,State,Selangor,median_rm,2019,3169,2788,12.0,0.88,JADUAL A9Negeri Lelaki Penengah!row16,JADUAL A9 NG. Prmpuan. Penengah!row16
A9,State,Selangor,median_rm,2020,2874,2540,11.6,0.884,JADUAL A9Negeri Lelaki Penengah!row16,JADUAL A9 NG. Prmpuan. Penengah!row16
A9,State,Selangor,median_rm,2021,2979,2303,22.7,0.773,JADUAL A9Negeri Lelaki Penengah!row16,JADUAL A9 NG. Prmpuan. Penengah!row16
A9,State,Selangor,median_rm,2022,3400,2647,22.1,0.779,JADUAL A9Negeri Lelaki Penengah!row16,JADUAL A9 NG. Prmpuan. Penengah!row16
A9,State,Selangor,median_rm,2023,3667,2465,32.8,0.672,JADUAL A9Negeri Lelaki Penengah!row16,JADUAL A9 NG. Prmpuan. Penengah!row16
A9,State,Selangor,median_rm,2024,3751,2641,29.6,0.704,JADUAL A9Negeri Lelaki Penengah!row16,JADUAL A9 NG. Prmpuan. Penengah!row16
A9,State,Selangor,median_rm,2025,3873,3024,21.9,0.781,JADUAL A9Negeri Lelaki Penengah!row16,JADUAL A9 NG. Prmpuan. Penengah!row16
A9,State,Terengganu,median_rm,2010,1200,1200,0.0,1.0,JADUAL A9Negeri Lelaki Penengah!row17,JADUAL A9 NG. Prmpuan. Penengah!row17
A9,State,Terengganu,median_rm,2011,1150,1174,-2.1,1.021,JADUAL A9Negeri Lelaki Penengah!row17,JADUAL A9 NG. Prmpuan. Penengah!row17
A9,State,Terengganu,median_rm,2012,1200,1200,0.0,1.0,JADUAL A9Negeri Lelaki Penengah!row17,JADUAL A9 NG. Prmpuan. Penengah!row17
A9,State,Terengganu,median_rm,2013,1200,1000,16.7,0.833,JADUAL A9Negeri Lelaki Penengah!row17,JADUAL A9 NG. Prmpuan. Penengah!row17
A9,State,Terengganu,median_rm,2014,1300,1000,23.1,0.769,JADUAL A9Negeri Lelaki Penengah!row17,JADUAL A9 NG. Prmpuan. Penengah!row17
A9,State,Terengganu,median_rm,2015,1500,1300,13.3,0.867,JADUAL A9Negeri Lelaki Penengah!row17,JADUAL A9 NG. Prmpuan. Penengah!row17
A9,State,Terengganu,median_rm,2016,1600,1300,18.8,0.812,JADUAL A9Negeri Lelaki Penengah!row17,JADUAL A9 NG. Prmpuan. Penengah!row17
A9,State,Terengganu,median_rm,2017,1680,2145,-27.7,1.277,JADUAL A9Negeri Lelaki Penengah!row17,JADUAL A9 NG. Prmpuan. Penengah!row17
A9,State,Terengganu,median_rm,2018,1860,1903,-2.3,1.023,JADUAL A9Negeri Lelaki Penengah!row17,JADUAL A9 NG. Prmpuan. Penengah!row17
A9,State,Terengganu,median_rm,2019,1911,1853,3.0,0.97,JADUAL A9Negeri Lelaki Penengah!row17,JADUAL A9 NG. Prmpuan. Penengah!row17
A9,State,Terengganu,median_rm,2020,1635,1343,17.9,0.821,JADUAL A9Negeri Lelaki Penengah!row17,JADUAL A9 NG. Prmpuan. Penengah!row17
A9,State,Terengganu,median_rm,2021,1669,1549,7.2,0.928,JADUAL A9Negeri Lelaki Penengah!row17,JADUAL A9 NG. Prmpuan. Penengah!row17
A9,State,Terengganu,median_rm,2022,1760,1595,9.4,0.906,JADUAL A9Negeri Lelaki Penengah!row17,JADUAL A9 NG. Prmpuan. Penengah!row17
A9,State,Terengganu,median_rm,2023,1849,1807,2.3,0.977,JADUAL A9Negeri Lelaki Penengah!row17,JADUAL A9 NG. Prmpuan. Penengah!row17
A9,State,Terengganu,median_rm,2024,2025,1946,3.9,0.961,JADUAL A9Negeri Lelaki Penengah!row17,JADUAL A9 NG. Prmpuan. Penengah!row17
A9,State,Terengganu,median_rm,2025,2195,2124,3.2,0.968,JADUAL A9Negeri Lelaki Penengah!row17,JADUAL A9 NG. Prmpuan. Penengah!row17
A9,State,Total,median_rm,2010,1500,1498,0.1,0.999,JADUAL A9Negeri Lelaki Penengah!row6,JADUAL A9 NG. Prmpuan. Penengah!row6
A9,State,Total,median_rm,2011,1500,1467,2.2,0.978,JADUAL A9Negeri Lelaki Penengah!row6,JADUAL A9 NG. Prmpuan. Penengah!row6
A9,State,Total,median_rm,2012,1600,1500,6.2,0.938,JADUAL A9Negeri Lelaki Penengah!row6,JADUAL A9 NG. Prmpuan. Penengah!row6
A9,State,Total,median_rm,2013,1800,1600,11.1,0.889,JADUAL A9Negeri Lelaki Penengah!row6,JADUAL A9 NG. Prmpuan. Penengah!row6
A9,State,Total,median_rm,2014,1888,1700,10.0,0.9,JADUAL A9Negeri Lelaki Penengah!row6,JADUAL A9 NG. Prmpuan. Penengah!row6
A9,State,Total,median_rm,2015,2000,1855,7.2,0.927,JADUAL A9Negeri Lelaki Penengah!row6,JADUAL A9 NG. Prmpuan. Penengah!row6
A9,State,Total,median_rm,2016,2000,2000,0.0,1.0,JADUAL A9Negeri Lelaki Penengah!row6,JADUAL A9 NG. Prmpuan. Penengah!row6
A9,State,Total,median_rm,2017,2170,2145,1.2,0.988,JADUAL A9Negeri Lelaki Penengah!row6,JADUAL A9 NG. Prmpuan. Penengah!row6
A9,State,Total,median_rm,2018,2342,2227,4.9,0.951,JADUAL A9Negeri Lelaki Penengah!row6,JADUAL A9 NG. Prmpuan. Penengah!row6
A9,State,Total,median_rm,2019,2477,2370,4.3,0.957,JADUAL A9Negeri Lelaki Penengah!row6,JADUAL A9 NG. Prmpuan. Penengah!row6
A9,State,Total,median_rm,2020,2107,2026,3.8,0.962,JADUAL A9Negeri Lelaki Penengah!row6,JADUAL A9 NG. Prmpuan. Penengah!row6
A9,State,Total,median_rm,2021,2323,2150,7.4,0.926,JADUAL A9Negeri Lelaki Penengah!row6,JADUAL A9 NG. Prmpuan. Penengah!row6
A9,State,Total,median_rm,2022,2498,2305,7.7,0.923,JADUAL A9Negeri Lelaki Penengah!row6,JADUAL A9 NG. Prmpuan. Penengah!row6
A9,State,Total,median_rm,2023,2675,2464,7.9,0.921,JADUAL A9Negeri Lelaki Penengah!row6,JADUAL A9 NG. Prmpuan. Penengah!row6
A9,State,Total,median_rm,2024,2850,2641,7.3,0.927,JADUAL A9Negeri Lelaki Penengah!row6,JADUAL A9 NG. Prmpuan. Penengah!row6
A9,State,Total,median_rm,2025,3014,2788,7.5,0.925,JADUAL A9Negeri Lelaki Penengah!row6,JADUAL A9 NG. Prmpuan. Penengah!row6
A9,State,"W.P. 
Kuala Lumpur",median_rm,2010,1965,1800,8.4,0.916,JADUAL A9Negeri Lelaki Penengah!row20,JADUAL A9 NG. Prmpuan. Penengah!row20
A9,State,"W.P. 
Kuala Lumpur",median_rm,2011,2000,2000,0.0,1.0,JADUAL A9Negeri Lelaki Penengah!row20,JADUAL A9 NG. Prmpuan. Penengah!row20
A9,State,"W.P. 
Kuala Lumpur",median_rm,2012,2000,2000,0.0,1.0,JADUAL A9Negeri Lelaki Penengah!row20,JADUAL A9 NG. Prmpuan. Penengah!row20
A9,State,"W.P. 
Kuala Lumpur",median_rm,2013,2400,2050,14.6,0.854,JADUAL A9Negeri Lelaki Penengah!row20,JADUAL A9 NG. Prmpuan. Penengah!row20
A9,State,"W.P. 
Kuala Lumpur",median_rm,2014,2500,2350,6.0,0.94,JADUAL A9Negeri Lelaki Penengah!row20,JADUAL A9 NG. Prmpuan. Penengah!row20
A9,State,"W.P. 
Kuala Lumpur",median_rm,2015,2500,2500,0.0,1.0,JADUAL A9Negeri Lelaki Penengah!row20,JADUAL A9 NG. Prmpuan. Penengah!row20
A9,State,"W.P. 
Kuala Lumpur",median_rm,2016,2500,2420,3.2,0.968,JADUAL A9Negeri Lelaki Penengah!row20,JADUAL A9 NG. Prmpuan. Penengah!row20
A9,State,"W.P. 
Kuala Lumpur",median_rm,2017,2800,2500,10.7,0.893,JADUAL A9Negeri Lelaki Penengah!row20,JADUAL A9 NG. Prmpuan. Penengah!row20
A9,State,"W.P. 
Kuala Lumpur",median_rm,2018,2963,2930,1.1,0.989,JADUAL A9Negeri Lelaki Penengah!row20,JADUAL A9 NG. Prmpuan. Penengah!row20
A9,State,"W.P. 
Kuala Lumpur",median_rm,2019,3096,3179,-2.7,1.027,JADUAL A9Negeri Lelaki Penengah!row20,JADUAL A9 NG. Prmpuan. Penengah!row20
A9,State,"W.P. 
Kuala Lumpur",median_rm,2020,3085,2993,3.0,0.97,JADUAL A9Negeri Lelaki Penengah!row20,JADUAL A9 NG. Prmpuan. Penengah!row20
A9,State,"W.P. 
Kuala Lumpur",median_rm,2021,3250,2805,13.7,0.863,JADUAL A9Negeri Lelaki Penengah!row20,JADUAL A9 NG. Prmpuan. Penengah!row20
A9,State,"W.P. 
Kuala Lumpur",median_rm,2022,3636,2957,18.7,0.813,JADUAL A9Negeri Lelaki Penengah!row20,JADUAL A9 NG. Prmpuan. Penengah!row20
A9,State,"W.P. 
Kuala Lumpur",median_rm,2023,4023,3077,23.5,0.765,JADUAL A9Negeri Lelaki Penengah!row20,JADUAL A9 NG. Prmpuan. Penengah!row20
A9,State,"W.P. 
Kuala Lumpur",median_rm,2024,4298,3322,22.7,0.773,JADUAL A9Negeri Lelaki Penengah!row20,JADUAL A9 NG. Prmpuan. Penengah!row20
A9,State,"W.P. 
Kuala Lumpur",median_rm,2025,4325,3440,20.5,0.795,JADUAL A9Negeri Lelaki Penengah!row20,JADUAL A9 NG. Prmpuan. Penengah!row20
A9,State,W.P. Labuan,median_rm,2010,1800,1324,26.4,0.736,JADUAL A9Negeri Lelaki Penengah!row21,JADUAL A9 NG. Prmpuan. Penengah!row21
A9,State,W.P. Labuan,median_rm,2011,1500,1459,2.7,0.973,JADUAL A9Negeri Lelaki Penengah!row21,JADUAL A9 NG. Prmpuan. Penengah!row21
A9,State,W.P. Labuan,median_rm,2012,1685,1360,19.3,0.807,JADUAL A9Negeri Lelaki Penengah!row21,JADUAL A9 NG. Prmpuan. Penengah!row21
A9,State,W.P. Labuan,median_rm,2013,1850,1500,18.9,0.811,JADUAL A9Negeri Lelaki Penengah!row21,JADUAL A9 NG. Prmpuan. Penengah!row21
A9,State,W.P. Labuan,median_rm,2014,1800,1500,16.7,0.833,JADUAL A9Negeri Lelaki Penengah!row21,JADUAL A9 NG. Prmpuan. Penengah!row21
A9,State,W.P. Labuan,median_rm,2015,2000,1500,25.0,0.75,JADUAL A9Negeri Lelaki Penengah!row21,JADUAL A9 NG. Prmpuan. Penengah!row21
A9,State,W.P. Labuan,median_rm,2016,2100,1762,16.1,0.839,JADUAL A9Negeri Lelaki Penengah!row21,JADUAL A9 NG. Prmpuan. Penengah!row21
A9,State,W.P. Labuan,median_rm,2017,2250,1800,20.0,0.8,JADUAL A9Negeri Lelaki Penengah!row21,JADUAL A9 NG. Prmpuan. Penengah!row21
A9,State,W.P. Labuan,median_rm,2018,2513,2024,19.5,0.805,JADUAL A9Negeri Lelaki Penengah!row21,JADUAL A9 NG. Prmpuan. Penengah!row21
A9,State,W.P. Labuan,median_rm,2019,2841,2261,20.4,0.796,JADUAL A9Negeri Lelaki Penengah!row21,JADUAL A9 NG. Prmpuan. Penengah!row21
A9,State,W.P. Labuan,median_rm,2020,2383,1785,25.1,0.749,JADUAL A9Negeri Lelaki Penengah!row21,JADUAL A9 NG. Prmpuan. Penengah!row21
A9,State,W.P. Labuan,median_rm,2021,2775,2000,27.9,0.721,JADUAL A9Negeri Lelaki Penengah!row21,JADUAL A9 NG. Prmpuan. Penengah!row21
A9,State,W.P. Labuan,median_rm,2022,2657,2305,13.2,0.868,JADUAL A9Negeri Lelaki Penengah!row21,JADUAL A9 NG. Prmpuan. Penengah!row21
A9,State,W.P. Labuan,median_rm,2023,2852,2464,13.6,0.864,JADUAL A9Negeri Lelaki Penengah!row21,JADUAL A9 NG. Prmpuan. Penengah!row21
A9,State,W.P. Labuan,median_rm,2024,3057,2549,16.6,0.834,JADUAL A9Negeri Lelaki Penengah!row21,JADUAL A9 NG. Prmpuan. Penengah!row21
A9,State,W.P. Labuan,median_rm,2025,2688,2642,1.7,0.983,JADUAL A9Negeri Lelaki Penengah!row21,JADUAL A9 NG. Prmpuan. Penengah!row21
A9,State,W.P. Putrajaya,median_rm,2010,2300,1989,13.5,0.865,JADUAL A9Negeri Lelaki Penengah!row22,JADUAL A9 NG. Prmpuan. Penengah!row22
A9,State,W.P. Putrajaya,median_rm,2011,2440,2240,8.2,0.918,JADUAL A9Negeri Lelaki Penengah!row22,JADUAL A9 NG. Prmpuan. Penengah!row22
A9,State,W.P. Putrajaya,median_rm,2012,2847,2514,11.7,0.883,JADUAL A9Negeri Lelaki Penengah!row22,JADUAL A9 NG. Prmpuan. Penengah!row22
A9,State,W.P. Putrajaya,median_rm,2013,2735,2347,14.2,0.858,JADUAL A9Negeri Lelaki Penengah!row22,JADUAL A9 NG. Prmpuan. Penengah!row22
A9,State,W.P. Putrajaya,median_rm,2014,2640,2775,-5.1,1.051,JADUAL A9Negeri Lelaki Penengah!row22,JADUAL A9 NG. Prmpuan. Penengah!row22
A9,State,W.P. Putrajaya,median_rm,2015,3015,3000,0.5,0.995,JADUAL A9Negeri Lelaki Penengah!row22,JADUAL A9 NG. Prmpuan. Penengah!row22
A9,State,W.P. Putrajaya,median_rm,2016,3500,3250,7.1,0.929,JADUAL A9Negeri Lelaki Penengah!row22,JADUAL A9 NG. Prmpuan. Penengah!row22
A9,State,W.P. Putrajaya,median_rm,2017,3535,3500,1.0,0.99,JADUAL A9Negeri Lelaki Penengah!row22,JADUAL A9 NG. Prmpuan. Penengah!row22
A9,State,W.P. Putrajaya,median_rm,2018,3849,3563,7.4,0.926,JADUAL A9Negeri Lelaki Penengah!row22,JADUAL A9 NG. Prmpuan. Penengah!row22
A9,State,W.P. Putrajaya,median_rm,2019,3985,3710,6.9,0.931,JADUAL A9Negeri Lelaki Penengah!row22,JADUAL A9 NG. Prmpuan. Penengah!row22
A9,State,W.P. Putrajaya,median_rm,2020,3682,3682,0.0,1.0,JADUAL A9Negeri Lelaki Penengah!row22,JADUAL A9 NG. Prmpuan. Penengah!row22
A9,State,W.P. Putrajaya,median_rm,2021,3806,3858,-1.4,1.014,JADUAL A9Negeri Lelaki Penengah!row22,JADUAL A9 NG. Prmpuan. Penengah!row22
A9,State,W.P. Putrajaya,median_rm,2022,3907,3995,-2.3,1.023,JADUAL A9Negeri Lelaki Penengah!row22,JADUAL A9 NG. Prmpuan. Penengah!row22
A9,State,W.P. Putrajaya,median_rm,2023,4095,4443,-8.5,1.085,JADUAL A9Negeri Lelaki Penengah!row22,JADUAL A9 NG. Prmpuan. Penengah!row22
A9,State,W.P. Putrajaya,median_rm,2024,4315,4709,-9.1,1.091,JADUAL A9Negeri Lelaki Penengah!row22,JADUAL A9 NG. Prmpuan. Penengah!row22
A9,State,W.P. Putrajaya,median_rm,2025,4826,4932,-2.2,1.022,JADUAL A9Negeri Lelaki Penengah!row22,JADUAL A9 NG. Prmpuan. Penengah!row22
B2,Ethnic group,Bumiputera,mean_rm,2010,1913,1808,5.5,0.945,JADUAL B2 Etnik Lelaki!row22,JADUAL B2 Etnik Perempuan!row22
B2,Ethnic group,Bumiputera,mean_rm,2011,1887,1797,4.8,0.952,JADUAL B2 Etnik Lelaki!row22,JADUAL B2 Etnik Perempuan!row22
B2,Ethnic group,Bumiputera,mean_rm,2012,1995,1871,6.2,0.938,JADUAL B2 Etnik Lelaki!row22,JADUAL B2 Etnik Perempuan!row22
B2,Ethnic group,Bumiputera,mean_rm,2013,2140,2062,3.6,0.964,JADUAL B2 Etnik Lelaki!row22,JADUAL B2 Etnik Perempuan!row22
B2,Ethnic group,Bumiputera,mean_rm,2014,2318,2236,3.5,0.965,JADUAL B2 Etnik Lelaki!row22,JADUAL B2 Etnik Perempuan!row22
B2,Ethnic group,Bumiputera,mean_rm,2015,2428,2350,3.2,0.968,JADUAL B2 Etnik Lelaki!row22,JADUAL B2 Etnik Perempuan!row22
B2,Ethnic group,Bumiputera,mean_rm,2016,2607,2490,4.5,0.955,JADUAL B2 Etnik Lelaki!row22,JADUAL B2 Etnik Perempuan!row22
B2,Ethnic group,Bumiputera,mean_rm,2017,2778,2739,1.4,0.986,JADUAL B2 Etnik Lelaki!row22,JADUAL B2 Etnik Perempuan!row22
B2,Ethnic group,Bumiputera,mean_rm,2018,2981.021073915445,2931.7296911263816,1.7,0.983,JADUAL B2 Etnik Lelaki!row22,JADUAL B2 Etnik Perempuan!row22
B2,Ethnic group,Bumiputera,mean_rm,2019,3109,3126,-0.5,1.005,JADUAL B2 Etnik Lelaki!row22,JADUAL B2 Etnik Perempuan!row22
B2,Ethnic group,Bumiputera,mean_rm,2020,2860,2818,1.5,0.985,JADUAL B2 Etnik Lelaki!row22,JADUAL B2 Etnik Perempuan!row22
B2,Ethnic group,Bumiputera,mean_rm,2021,2960,2864,3.2,0.968,JADUAL B2 Etnik Lelaki!row22,JADUAL B2 Etnik Perempuan!row22
B2,Ethnic group,Bumiputera,mean_rm,2022,3150,3043,3.4,0.966,JADUAL B2 Etnik Lelaki!row22,JADUAL B2 Etnik Perempuan!row22
B2,Ethnic group,Bumiputera,mean_rm,2023,3386,3234,4.5,0.955,JADUAL B2 Etnik Lelaki!row22,JADUAL B2 Etnik Perempuan!row22
B2,Ethnic group,Bumiputera,mean_rm,2024,3595,3416,5.0,0.95,JADUAL B2 Etnik Lelaki!row22,JADUAL B2 Etnik Perempuan!row22
B2,Ethnic group,Bumiputera,mean_rm,2025,3729,3573,4.2,0.958,JADUAL B2 Etnik Lelaki!row22,JADUAL B2 Etnik Perempuan!row22
B2,Ethnic group,Chinese,mean_rm,2010,2277,2000,12.2,0.878,JADUAL B2 Etnik Lelaki!row23,JADUAL B2 Etnik Perempuan!row23
B2,Ethnic group,Chinese,mean_rm,2011,2421,2029,16.2,0.838,JADUAL B2 Etnik Lelaki!row23,JADUAL B2 Etnik Perempuan!row23
B2,Ethnic group,Chinese,mean_rm,2012,2485,2164,12.9,0.871,JADUAL B2 Etnik Lelaki!row23,JADUAL B2 Etnik Perempuan!row23
B2,Ethnic group,Chinese,mean_rm,2013,2617,2199,16.0,0.84,JADUAL B2 Etnik Lelaki!row23,JADUAL B2 Etnik Perempuan!row23
B2,Ethnic group,Chinese,mean_rm,2014,2856,2426,15.1,0.849,JADUAL B2 Etnik Lelaki!row23,JADUAL B2 Etnik Perempuan!row23
B2,Ethnic group,Chinese,mean_rm,2015,2983,2579,13.5,0.865,JADUAL B2 Etnik Lelaki!row23,JADUAL B2 Etnik Perempuan!row23
B2,Ethnic group,Chinese,mean_rm,2016,3172,2793,11.9,0.881,JADUAL B2 Etnik Lelaki!row23,JADUAL B2 Etnik Perempuan!row23
B2,Ethnic group,Chinese,mean_rm,2017,3486,2956,15.2,0.848,JADUAL B2 Etnik Lelaki!row23,JADUAL B2 Etnik Perempuan!row23
B2,Ethnic group,Chinese,mean_rm,2018,3768.6174501896517,3160.3080034707673,16.1,0.839,JADUAL B2 Etnik Lelaki!row23,JADUAL B2 Etnik Perempuan!row23
B2,Ethnic group,Chinese,mean_rm,2019,3926,3229,17.8,0.822,JADUAL B2 Etnik Lelaki!row23,JADUAL B2 Etnik Perempuan!row23
B2,Ethnic group,Chinese,mean_rm,2020,3519,3108,11.7,0.883,JADUAL B2 Etnik Lelaki!row23,JADUAL B2 Etnik Perempuan!row23
B2,Ethnic group,Chinese,mean_rm,2021,3638,3283,9.8,0.902,JADUAL B2 Etnik Lelaki!row23,JADUAL B2 Etnik Perempuan!row23
B2,Ethnic group,Chinese,mean_rm,2022,3749,3408,9.1,0.909,JADUAL B2 Etnik Lelaki!row23,JADUAL B2 Etnik Perempuan!row23
B2,Ethnic group,Chinese,mean_rm,2023,4014,3610,10.1,0.899,JADUAL B2 Etnik Lelaki!row23,JADUAL B2 Etnik Perempuan!row23
B2,Ethnic group,Chinese,mean_rm,2024,4304,3828,11.1,0.889,JADUAL B2 Etnik Lelaki!row23,JADUAL B2 Etnik Perempuan!row23
B2,Ethnic group,Chinese,mean_rm,2025,4561,3934,13.7,0.863,JADUAL B2 Etnik Lelaki!row23,JADUAL B2 Etnik Perempuan!row23
B2,Ethnic group,Citizen,mean_rm,2010,2003,1825,8.9,0.911,JADUAL B2 Etnik Lelaki!row21,JADUAL B2 Etnik Perempuan!row21
B2,Ethnic group,Citizen,mean_rm,2011,2035,1838,9.7,0.903,JADUAL B2 Etnik Lelaki!row21,JADUAL B2 Etnik Perempuan!row21
B2,Ethnic group,Citizen,mean_rm,2012,2126,1935,9.0,0.91,JADUAL B2 Etnik Lelaki!row21,JADUAL B2 Etnik Perempuan!row21
B2,Ethnic group,Citizen,mean_rm,2013,2259,2072,8.3,0.917,JADUAL B2 Etnik Lelaki!row21,JADUAL B2 Etnik Perempuan!row21
B2,Ethnic group,Citizen,mean_rm,2014,2455,2259,8.0,0.92,JADUAL B2 Etnik Lelaki!row21,JADUAL B2 Etnik Perempuan!row21
B2,Ethnic group,Citizen,mean_rm,2015,2558,2380,7.0,0.93,JADUAL B2 Etnik Lelaki!row21,JADUAL B2 Etnik Perempuan!row21
B2,Ethnic group,Citizen,mean_rm,2016,2741,2532,7.6,0.924,JADUAL B2 Etnik Lelaki!row21,JADUAL B2 Etnik Perempuan!row21
B2,Ethnic group,Citizen,mean_rm,2017,2953,2772,6.1,0.939,JADUAL B2 Etnik Lelaki!row21,JADUAL B2 Etnik Perempuan!row21
B2,Ethnic group,Citizen,mean_rm,2018,3174,2959,6.8,0.932,JADUAL B2 Etnik Lelaki!row21,JADUAL B2 Etnik Perempuan!row21
B2,Ethnic group,Citizen,mean_rm,2019,3303.5449018515005,3108.307588832497,5.9,0.941,JADUAL B2 Etnik Lelaki!row21,JADUAL B2 Etnik Perempuan!row21
B2,Ethnic group,Citizen,mean_rm,2020,3011,2872,4.6,0.954,JADUAL B2 Etnik Lelaki!row21,JADUAL B2 Etnik Perempuan!row21
B2,Ethnic group,Citizen,mean_rm,2021,3114,2955,5.1,0.949,JADUAL B2 Etnik Lelaki!row21,JADUAL B2 Etnik Perempuan!row21
B2,Ethnic group,Citizen,mean_rm,2022,3288,3119,5.1,0.949,JADUAL B2 Etnik Lelaki!row21,JADUAL B2 Etnik Perempuan!row21
B2,Ethnic group,Citizen,mean_rm,2023,3532,3311,6.3,0.937,JADUAL B2 Etnik Lelaki!row21,JADUAL B2 Etnik Perempuan!row21
B2,Ethnic group,Citizen,mean_rm,2024,3759,3499,6.9,0.931,JADUAL B2 Etnik Lelaki!row21,JADUAL B2 Etnik Perempuan!row21
B2,Ethnic group,Citizen,mean_rm,2025,3921,3635,7.3,0.927,JADUAL B2 Etnik Lelaki!row21,JADUAL B2 Etnik Perempuan!row21
B2,Ethnic group,Indians,mean_rm,2010,1964,1460,25.7,0.743,JADUAL B2 Etnik Lelaki!row24,JADUAL B2 Etnik Perempuan!row24
B2,Ethnic group,Indians,mean_rm,2011,2049,1550,24.4,0.756,JADUAL B2 Etnik Lelaki!row24,JADUAL B2 Etnik Perempuan!row24
B2,Ethnic group,Indians,mean_rm,2012,2116,1665,21.3,0.787,JADUAL B2 Etnik Lelaki!row24,JADUAL B2 Etnik Perempuan!row24
B2,Ethnic group,Indians,mean_rm,2013,2172,1816,16.4,0.836,JADUAL B2 Etnik Lelaki!row24,JADUAL B2 Etnik Perempuan!row24
B2,Ethnic group,Indians,mean_rm,2014,2431,1930,20.6,0.794,JADUAL B2 Etnik Lelaki!row24,JADUAL B2 Etnik Perempuan!row24
B2,Ethnic group,Indians,mean_rm,2015,2450,2029,17.2,0.828,JADUAL B2 Etnik Lelaki!row24,JADUAL B2 Etnik Perempuan!row24
B2,Ethnic group,Indians,mean_rm,2016,2645,2013,23.9,0.761,JADUAL B2 Etnik Lelaki!row24,JADUAL B2 Etnik Perempuan!row24
B2,Ethnic group,Indians,mean_rm,2017,2921,2452,16.1,0.839,JADUAL B2 Etnik Lelaki!row24,JADUAL B2 Etnik Perempuan!row24
B2,Ethnic group,Indians,mean_rm,2018,3177.7557622289337,2539.1779034258684,20.1,0.799,JADUAL B2 Etnik Lelaki!row24,JADUAL B2 Etnik Perempuan!row24
B2,Ethnic group,Indians,mean_rm,2019,3415,2688,21.3,0.787,JADUAL B2 Etnik Lelaki!row24,JADUAL B2 Etnik Perempuan!row24
B2,Ethnic group,Indians,mean_rm,2020,3031,2613,13.8,0.862,JADUAL B2 Etnik Lelaki!row24,JADUAL B2 Etnik Perempuan!row24
B2,Ethnic group,Indians,mean_rm,2021,3051,2711,11.1,0.889,JADUAL B2 Etnik Lelaki!row24,JADUAL B2 Etnik Perempuan!row24
B2,Ethnic group,Indians,mean_rm,2022,3280,2894,11.8,0.882,JADUAL B2 Etnik Lelaki!row24,JADUAL B2 Etnik Perempuan!row24
B2,Ethnic group,Indians,mean_rm,2023,3568,3069,14.0,0.86,JADUAL B2 Etnik Lelaki!row24,JADUAL B2 Etnik Perempuan!row24
B2,Ethnic group,Indians,mean_rm,2024,3828,3242,15.3,0.847,JADUAL B2 Etnik Lelaki!row24,JADUAL B2 Etnik Perempuan!row24
B2,Ethnic group,Indians,mean_rm,2025,3999,3310,17.2,0.828,JADUAL B2 Etnik Lelaki!row24,JADUAL B2 Etnik Perempuan!row24
B2,Ethnic group,Non-Citizen,mean_rm,2010,1033,761,26.3,0.737,JADUAL B2 Etnik Lelaki!row26,JADUAL B2 Etnik Perempuan!row26
B2,Ethnic group,Non-Citizen,mean_rm,2011,1016,745,26.7,0.733,JADUAL B2 Etnik Lelaki!row26,JADUAL B2 Etnik Perempuan!row26
B2,Ethnic group,Non-Citizen,mean_rm,2012,1122,924,17.6,0.824,JADUAL B2 Etnik Lelaki!row26,JADUAL B2 Etnik Perempuan!row26
B2,Ethnic group,Non-Citizen,mean_rm,2013,1289,1010,21.6,0.784,JADUAL B2 Etnik Lelaki!row26,JADUAL B2 Etnik Perempuan!row26
B2,Ethnic group,Non-Citizen,mean_rm,2014,1396,1025,26.6,0.734,JADUAL B2 Etnik Lelaki!row26,JADUAL B2 Etnik Perempuan!row26
B2,Ethnic group,Non-Citizen,mean_rm,2015,1604,1086,32.3,0.677,JADUAL B2 Etnik Lelaki!row26,JADUAL B2 Etnik Perempuan!row26
B2,Ethnic group,Non-Citizen,mean_rm,2016,1609,1184,26.4,0.736,JADUAL B2 Etnik Lelaki!row26,JADUAL B2 Etnik Perempuan!row26
B2,Ethnic group,Non-Citizen,mean_rm,2017,1678,1205,28.2,0.718,JADUAL B2 Etnik Lelaki!row26,JADUAL B2 Etnik Perempuan!row26
B2,Ethnic group,Non-Citizen,mean_rm,2018,1671,1364,18.4,0.816,JADUAL B2 Etnik Lelaki!row26,JADUAL B2 Etnik Perempuan!row26
B2,Ethnic group,Non-Citizen,mean_rm,2019,1877.4206593060383,1407,25.1,0.749,JADUAL B2 Etnik Lelaki!row26,JADUAL B2 Etnik Perempuan!row26
B2,Ethnic group,Non-Citizen,mean_rm,2020,1799,1393,22.6,0.774,JADUAL B2 Etnik Lelaki!row26,JADUAL B2 Etnik Perempuan!row26
B2,Ethnic group,Non-Citizen,mean_rm,2021,1657,1414,14.7,0.853,JADUAL B2 Etnik Lelaki!row26,JADUAL B2 Etnik Perempuan!row26
B2,Ethnic group,Non-Citizen,mean_rm,2022,1805,1473,18.4,0.816,JADUAL B2 Etnik Lelaki!row26,JADUAL B2 Etnik Perempuan!row26
B2,Ethnic group,Non-Citizen,mean_rm,2023,1907,1532,19.7,0.803,JADUAL B2 Etnik Lelaki!row26,JADUAL B2 Etnik Perempuan!row26
B2,Ethnic group,Non-Citizen,mean_rm,2024,2068,1641,20.6,0.794,JADUAL B2 Etnik Lelaki!row26,JADUAL B2 Etnik Perempuan!row26
B2,Ethnic group,Non-Citizen,mean_rm,2025,2192,1722,21.4,0.786,JADUAL B2 Etnik Lelaki!row26,JADUAL B2 Etnik Perempuan!row26
B2,Ethnic group,Others,mean_rm,2010,1201,1038,13.6,0.864,JADUAL B2 Etnik Lelaki!row25,JADUAL B2 Etnik Perempuan!row25
B2,Ethnic group,Others,mean_rm,2011,1379,1016,26.3,0.737,JADUAL B2 Etnik Lelaki!row25,JADUAL B2 Etnik Perempuan!row25
B2,Ethnic group,Others,mean_rm,2012,1262,1621,-28.4,1.284,JADUAL B2 Etnik Lelaki!row25,JADUAL B2 Etnik Perempuan!row25
B2,Ethnic group,Others,mean_rm,2013,1334,1229,7.9,0.921,JADUAL B2 Etnik Lelaki!row25,JADUAL B2 Etnik Perempuan!row25
B2,Ethnic group,Others,mean_rm,2014,1385,1549,-11.8,1.118,JADUAL B2 Etnik Lelaki!row25,JADUAL B2 Etnik Perempuan!row25
B2,Ethnic group,Others,mean_rm,2015,2030,1412,30.4,0.696,JADUAL B2 Etnik Lelaki!row25,JADUAL B2 Etnik Perempuan!row25
B2,Ethnic group,Others,mean_rm,2016,1862,2283,-22.6,1.226,JADUAL B2 Etnik Lelaki!row25,JADUAL B2 Etnik Perempuan!row25
B2,Ethnic group,Others,mean_rm,2017,2050,2395,-16.8,1.168,JADUAL B2 Etnik Lelaki!row25,JADUAL B2 Etnik Perempuan!row25
B2,Ethnic group,Others,mean_rm,2018,2271.5494031702065,2465.569612260473,-8.5,1.085,JADUAL B2 Etnik Lelaki!row25,JADUAL B2 Etnik Perempuan!row25
B2,Ethnic group,Others,mean_rm,2019,2427,2355,3.0,0.97,JADUAL B2 Etnik Lelaki!row25,JADUAL B2 Etnik Perempuan!row25
B2,Ethnic group,Others,mean_rm,2020,2092,2154,-3.0,1.03,JADUAL B2 Etnik Lelaki!row25,JADUAL B2 Etnik Perempuan!row25
B2,Ethnic group,Others,mean_rm,2021,2267,2208,2.6,0.974,JADUAL B2 Etnik Lelaki!row25,JADUAL B2 Etnik Perempuan!row25
B2,Ethnic group,Others,mean_rm,2022,2304,2308,-0.2,1.002,JADUAL B2 Etnik Lelaki!row25,JADUAL B2 Etnik Perempuan!row25
B2,Ethnic group,Others,mean_rm,2023,2451,2448,0.1,0.999,JADUAL B2 Etnik Lelaki!row25,JADUAL B2 Etnik Perempuan!row25
B2,Ethnic group,Others,mean_rm,2024,2535,2337,7.8,0.922,JADUAL B2 Etnik Lelaki!row25,JADUAL B2 Etnik Perempuan!row25
B2,Ethnic group,Others,mean_rm,2025,2607,2441,6.4,0.936,JADUAL B2 Etnik Lelaki!row25,JADUAL B2 Etnik Perempuan!row25
B2,Ethnic group,Total,mean_rm,2010,1823.3081122929336,1733,5.0,0.95,JADUAL B2 Etnik Lelaki!row20,JADUAL B2 Etnik Perempuan!row20
B2,Ethnic group,Total,mean_rm,2011,1841.7678773708444,1751,4.9,0.951,JADUAL B2 Etnik Lelaki!row20,JADUAL B2 Etnik Perempuan!row20
B2,Ethnic group,Total,mean_rm,2012,1933.3286490409862,1857,3.9,0.961,JADUAL B2 Etnik Lelaki!row20,JADUAL B2 Etnik Perempuan!row20
B2,Ethnic group,Total,mean_rm,2013,2048.497923851892,1977,3.5,0.965,JADUAL B2 Etnik Lelaki!row20,JADUAL B2 Etnik Perempuan!row20
B2,Ethnic group,Total,mean_rm,2014,2232.042142874269,2125,4.8,0.952,JADUAL B2 Etnik Lelaki!row20,JADUAL B2 Etnik Perempuan!row20
B2,Ethnic group,Total,mean_rm,2015,2345.1301333000724,2254,3.9,0.961,JADUAL B2 Etnik Lelaki!row20,JADUAL B2 Etnik Perempuan!row20
B2,Ethnic group,Total,mean_rm,2016,2500.40230867142,2398,4.1,0.959,JADUAL B2 Etnik Lelaki!row20,JADUAL B2 Etnik Perempuan!row20
B2,Ethnic group,Total,mean_rm,2017,2677.7686199374175,2605,2.7,0.973,JADUAL B2 Etnik Lelaki!row20,JADUAL B2 Etnik Perempuan!row20
B2,Ethnic group,Total,mean_rm,2018,2864.405529392426,2804,2.1,0.979,JADUAL B2 Etnik Lelaki!row20,JADUAL B2 Etnik Perempuan!row20
B2,Ethnic group,Total,mean_rm,2019,3021.6084190912757,2937,2.8,0.972,JADUAL B2 Etnik Lelaki!row20,JADUAL B2 Etnik Perempuan!row20
B2,Ethnic group,Total,mean_rm,2020,2807,2773,1.2,0.988,JADUAL B2 Etnik Lelaki!row20,JADUAL B2 Etnik Perempuan!row20
B2,Ethnic group,Total,mean_rm,2021,2893,2862,1.1,0.989,JADUAL B2 Etnik Lelaki!row20,JADUAL B2 Etnik Perempuan!row20
B2,Ethnic group,Total,mean_rm,2022,3063,3025,1.2,0.988,JADUAL B2 Etnik Lelaki!row20,JADUAL B2 Etnik Perempuan!row20
B2,Ethnic group,Total,mean_rm,2023,3268,3199,2.1,0.979,JADUAL B2 Etnik Lelaki!row20,JADUAL B2 Etnik Perempuan!row20
B2,Ethnic group,Total,mean_rm,2024,3443,3364,2.3,0.977,JADUAL B2 Etnik Lelaki!row20,JADUAL B2 Etnik Perempuan!row20
B2,Ethnic group,Total,mean_rm,2025,3593,3550,1.2,0.988,JADUAL B2 Etnik Lelaki!row20,JADUAL B2 Etnik Perempuan!row20
B2,Ethnic group,Bumiputera,median_rm,2010,1483,1442,2.8,0.972,JADUAL B2 Etnik Lelaki!row15,JADUAL B2 Etnik Perempuan!row15
B2,Ethnic group,Bumiputera,median_rm,2011,1500,1400,6.7,0.933,JADUAL B2 Etnik Lelaki!row15,JADUAL B2 Etnik Perempuan!row15
B2,Ethnic group,Bumiputera,median_rm,2012,1500,1500,0.0,1.0,JADUAL B2 Etnik Lelaki!row15,JADUAL B2 Etnik Perempuan!row15
B2,Ethnic group,Bumiputera,median_rm,2013,1625,1560,4.0,0.96,JADUAL B2 Etnik Lelaki!row15,JADUAL B2 Etnik Perempuan!row15
B2,Ethnic group,Bumiputera,median_rm,2014,1770,1675,5.4,0.946,JADUAL B2 Etnik Lelaki!row15,JADUAL B2 Etnik Perempuan!row15
B2,Ethnic group,Bumiputera,median_rm,2015,1800,1745,3.1,0.969,JADUAL B2 Etnik Lelaki!row15,JADUAL B2 Etnik Perempuan!row15
B2,Ethnic group,Bumiputera,median_rm,2016,1940,1915,1.3,0.987,JADUAL B2 Etnik Lelaki!row15,JADUAL B2 Etnik Perempuan!row15
B2,Ethnic group,Bumiputera,median_rm,2017,2160,2145,0.7,0.993,JADUAL B2 Etnik Lelaki!row15,JADUAL B2 Etnik Perempuan!row15
B2,Ethnic group,Bumiputera,median_rm,2018,2310,2284,1.1,0.989,JADUAL B2 Etnik Lelaki!row15,JADUAL B2 Etnik Perempuan!row15
B2,Ethnic group,Bumiputera,median_rm,2019,2415,2415,0.0,1.0,JADUAL B2 Etnik Lelaki!row15,JADUAL B2 Etnik Perempuan!row15
B2,Ethnic group,Bumiputera,median_rm,2020,2035,2025,0.5,0.995,JADUAL B2 Etnik Lelaki!row15,JADUAL B2 Etnik Perempuan!row15
B2,Ethnic group,Bumiputera,median_rm,2021,2161,2000,7.5,0.925,JADUAL B2 Etnik Lelaki!row15,JADUAL B2 Etnik Perempuan!row15
B2,Ethnic group,Bumiputera,median_rm,2022,2321,2149,7.4,0.926,JADUAL B2 Etnik Lelaki!row15,JADUAL B2 Etnik Perempuan!row15
B2,Ethnic group,Bumiputera,median_rm,2023,2360,2343,0.7,0.993,JADUAL B2 Etnik Lelaki!row15,JADUAL B2 Etnik Perempuan!row15
B2,Ethnic group,Bumiputera,median_rm,2024,2564,2476,3.4,0.966,JADUAL B2 Etnik Lelaki!row15,JADUAL B2 Etnik Perempuan!row15
B2,Ethnic group,Bumiputera,median_rm,2025,2688,2691,-0.1,1.001,JADUAL B2 Etnik Lelaki!row15,JADUAL B2 Etnik Perempuan!row15
B2,Ethnic group,Chinese,median_rm,2010,1800,1527,15.2,0.848,JADUAL B2 Etnik Lelaki!row16,JADUAL B2 Etnik Perempuan!row16
B2,Ethnic group,Chinese,median_rm,2011,2000,1600,20.0,0.8,JADUAL B2 Etnik Lelaki!row16,JADUAL B2 Etnik Perempuan!row16
B2,Ethnic group,Chinese,median_rm,2012,2000,1800,10.0,0.9,JADUAL B2 Etnik Lelaki!row16,JADUAL B2 Etnik Perempuan!row16
B2,Ethnic group,Chinese,median_rm,2013,2000,1800,10.0,0.9,JADUAL B2 Etnik Lelaki!row16,JADUAL B2 Etnik Perempuan!row16
B2,Ethnic group,Chinese,median_rm,2014,2200,2000,9.1,0.909,JADUAL B2 Etnik Lelaki!row16,JADUAL B2 Etnik Perempuan!row16
B2,Ethnic group,Chinese,median_rm,2015,2400,2000,16.7,0.833,JADUAL B2 Etnik Lelaki!row16,JADUAL B2 Etnik Perempuan!row16
B2,Ethnic group,Chinese,median_rm,2016,2500,2160,13.6,0.864,JADUAL B2 Etnik Lelaki!row16,JADUAL B2 Etnik Perempuan!row16
B2,Ethnic group,Chinese,median_rm,2017,2500,2260,9.6,0.904,JADUAL B2 Etnik Lelaki!row16,JADUAL B2 Etnik Perempuan!row16
B2,Ethnic group,Chinese,median_rm,2018,2619,2270,13.3,0.867,JADUAL B2 Etnik Lelaki!row16,JADUAL B2 Etnik Perempuan!row16
B2,Ethnic group,Chinese,median_rm,2019,3140,2512,20.0,0.8,JADUAL B2 Etnik Lelaki!row16,JADUAL B2 Etnik Perempuan!row16
B2,Ethnic group,Chinese,median_rm,2020,2713,2367,12.8,0.872,JADUAL B2 Etnik Lelaki!row16,JADUAL B2 Etnik Perempuan!row16
B2,Ethnic group,Chinese,median_rm,2021,2878,2506,12.9,0.871,JADUAL B2 Etnik Lelaki!row16,JADUAL B2 Etnik Perempuan!row16
B2,Ethnic group,Chinese,median_rm,2022,2897,2534,12.5,0.875,JADUAL B2 Etnik Lelaki!row16,JADUAL B2 Etnik Perempuan!row16
B2,Ethnic group,Chinese,median_rm,2023,3216,2713,15.6,0.844,JADUAL B2 Etnik Lelaki!row16,JADUAL B2 Etnik Perempuan!row16
B2,Ethnic group,Chinese,median_rm,2024,3463,2941,15.1,0.849,JADUAL B2 Etnik Lelaki!row16,JADUAL B2 Etnik Perempuan!row16
B2,Ethnic group,Chinese,median_rm,2025,3597,3103,13.7,0.863,JADUAL B2 Etnik Lelaki!row16,JADUAL B2 Etnik Perempuan!row16
B2,Ethnic group,Citizen,median_rm,2010,1500,1498,0.1,0.999,JADUAL B2 Etnik Lelaki!row14,JADUAL B2 Etnik Perempuan!row14
B2,Ethnic group,Citizen,median_rm,2011,1500,1467,2.2,0.978,JADUAL B2 Etnik Lelaki!row14,JADUAL B2 Etnik Perempuan!row14
B2,Ethnic group,Citizen,median_rm,2012,1600,1500,6.2,0.938,JADUAL B2 Etnik Lelaki!row14,JADUAL B2 Etnik Perempuan!row14
B2,Ethnic group,Citizen,median_rm,2013,1800,1600,11.1,0.889,JADUAL B2 Etnik Lelaki!row14,JADUAL B2 Etnik Perempuan!row14
B2,Ethnic group,Citizen,median_rm,2014,1888,1700,10.0,0.9,JADUAL B2 Etnik Lelaki!row14,JADUAL B2 Etnik Perempuan!row14
B2,Ethnic group,Citizen,median_rm,2015,2000,1855,7.2,0.927,JADUAL B2 Etnik Lelaki!row14,JADUAL B2 Etnik Perempuan!row14
B2,Ethnic group,Citizen,median_rm,2016,2000,2000,0.0,1.0,JADUAL B2 Etnik Lelaki!row14,JADUAL B2 Etnik Perempuan!row14
B2,Ethnic group,Citizen,median_rm,2017,2170,2145,1.2,0.988,JADUAL B2 Etnik Lelaki!row14,JADUAL B2 Etnik Perempuan!row14
B2,Ethnic group,Citizen,median_rm,2018,2342,2227,4.9,0.951,JADUAL B2 Etnik Lelaki!row14,JADUAL B2 Etnik Perempuan!row14
B2,Ethnic group,Citizen,median_rm,2019,2477,2370,4.3,0.957,JADUAL B2 Etnik Lelaki!row14,JADUAL B2 Etnik Perempuan!row14
B2,Ethnic group,Citizen,median_rm,2020,2107,2026,3.8,0.962,JADUAL B2 Etnik Lelaki!row14,JADUAL B2 Etnik Perempuan!row14
B2,Ethnic group,Citizen,median_rm,2021,2323,2150,7.4,0.926,JADUAL B2 Etnik Lelaki!row14,JADUAL B2 Etnik Perempuan!row14
B2,Ethnic group,Citizen,median_rm,2022,2498,2305,7.7,0.923,JADUAL B2 Etnik Lelaki!row14,JADUAL B2 Etnik Perempuan!row14
B2,Ethnic group,Citizen,median_rm,2023,2675,2464,7.9,0.921,JADUAL B2 Etnik Lelaki!row14,JADUAL B2 Etnik Perempuan!row14
B2,Ethnic group,Citizen,median_rm,2024,2850,2641,7.3,0.927,JADUAL B2 Etnik Lelaki!row14,JADUAL B2 Etnik Perempuan!row14
B2,Ethnic group,Citizen,median_rm,2025,3014,2788,7.5,0.925,JADUAL B2 Etnik Lelaki!row14,JADUAL B2 Etnik Perempuan!row14
B2,Ethnic group,Indians,median_rm,2010,1500,1005,33.0,0.67,JADUAL B2 Etnik Lelaki!row17,JADUAL B2 Etnik Perempuan!row17
B2,Ethnic group,Indians,median_rm,2011,1500,1000,33.3,0.667,JADUAL B2 Etnik Lelaki!row17,JADUAL B2 Etnik Perempuan!row17
B2,Ethnic group,Indians,median_rm,2012,1500,1210,19.3,0.807,JADUAL B2 Etnik Lelaki!row17,JADUAL B2 Etnik Perempuan!row17
B2,Ethnic group,Indians,median_rm,2013,1700,1300,23.5,0.765,JADUAL B2 Etnik Lelaki!row17,JADUAL B2 Etnik Perempuan!row17
B2,Ethnic group,Indians,median_rm,2014,1800,1300,27.8,0.722,JADUAL B2 Etnik Lelaki!row17,JADUAL B2 Etnik Perempuan!row17
B2,Ethnic group,Indians,median_rm,2015,1900,1500,21.1,0.789,JADUAL B2 Etnik Lelaki!row17,JADUAL B2 Etnik Perempuan!row17
B2,Ethnic group,Indians,median_rm,2016,1970,1400,28.9,0.711,JADUAL B2 Etnik Lelaki!row17,JADUAL B2 Etnik Perempuan!row17
B2,Ethnic group,Indians,median_rm,2017,2000,1700,15.0,0.85,JADUAL B2 Etnik Lelaki!row17,JADUAL B2 Etnik Perempuan!row17
B2,Ethnic group,Indians,median_rm,2018,2258,1748,22.6,0.774,JADUAL B2 Etnik Lelaki!row17,JADUAL B2 Etnik Perempuan!row17
B2,Ethnic group,Indians,median_rm,2019,2525,1783,29.4,0.706,JADUAL B2 Etnik Lelaki!row17,JADUAL B2 Etnik Perempuan!row17
B2,Ethnic group,Indians,median_rm,2020,2066,1816,12.1,0.879,JADUAL B2 Etnik Lelaki!row17,JADUAL B2 Etnik Perempuan!row17
B2,Ethnic group,Indians,median_rm,2021,2061,1806,12.4,0.876,JADUAL B2 Etnik Lelaki!row17,JADUAL B2 Etnik Perempuan!row17
B2,Ethnic group,Indians,median_rm,2022,2379,2034,14.5,0.855,JADUAL B2 Etnik Lelaki!row17,JADUAL B2 Etnik Perempuan!row17
B2,Ethnic group,Indians,median_rm,2023,2702,2276,15.8,0.842,JADUAL B2 Etnik Lelaki!row17,JADUAL B2 Etnik Perempuan!row17
B2,Ethnic group,Indians,median_rm,2024,2775,2462,11.3,0.887,JADUAL B2 Etnik Lelaki!row17,JADUAL B2 Etnik Perempuan!row17
B2,Ethnic group,Indians,median_rm,2025,3014,2562,15.0,0.85,JADUAL B2 Etnik Lelaki!row17,JADUAL B2 Etnik Perempuan!row17
B2,Ethnic group,Non-Citizen,median_rm,2010,800,600,25.0,0.75,JADUAL B2 Etnik Lelaki!row19,JADUAL B2 Etnik Perempuan!row19
B2,Ethnic group,Non-Citizen,median_rm,2011,800,600,25.0,0.75,JADUAL B2 Etnik Lelaki!row19,JADUAL B2 Etnik Perempuan!row19
B2,Ethnic group,Non-Citizen,median_rm,2012,900,700,22.2,0.778,JADUAL B2 Etnik Lelaki!row19,JADUAL B2 Etnik Perempuan!row19
B2,Ethnic group,Non-Citizen,median_rm,2013,1000,800,20.0,0.8,JADUAL B2 Etnik Lelaki!row19,JADUAL B2 Etnik Perempuan!row19
B2,Ethnic group,Non-Citizen,median_rm,2014,1100,829,24.6,0.754,JADUAL B2 Etnik Lelaki!row19,JADUAL B2 Etnik Perempuan!row19
B2,Ethnic group,Non-Citizen,median_rm,2015,1200,826,31.2,0.688,JADUAL B2 Etnik Lelaki!row19,JADUAL B2 Etnik Perempuan!row19
B2,Ethnic group,Non-Citizen,median_rm,2016,1252,910,27.3,0.727,JADUAL B2 Etnik Lelaki!row19,JADUAL B2 Etnik Perempuan!row19
B2,Ethnic group,Non-Citizen,median_rm,2017,1335,1060,20.6,0.794,JADUAL B2 Etnik Lelaki!row19,JADUAL B2 Etnik Perempuan!row19
B2,Ethnic group,Non-Citizen,median_rm,2018,1439,1258,12.6,0.874,JADUAL B2 Etnik Lelaki!row19,JADUAL B2 Etnik Perempuan!row19
B2,Ethnic group,Non-Citizen,median_rm,2019,1540,1270,17.5,0.825,JADUAL B2 Etnik Lelaki!row19,JADUAL B2 Etnik Perempuan!row19
B2,Ethnic group,Non-Citizen,median_rm,2020,1354,1143,15.6,0.844,JADUAL B2 Etnik Lelaki!row19,JADUAL B2 Etnik Perempuan!row19
B2,Ethnic group,Non-Citizen,median_rm,2021,1419,1224,13.7,0.863,JADUAL B2 Etnik Lelaki!row19,JADUAL B2 Etnik Perempuan!row19
B2,Ethnic group,Non-Citizen,median_rm,2022,1565,1366,12.7,0.873,JADUAL B2 Etnik Lelaki!row19,JADUAL B2 Etnik Perempuan!row19
B2,Ethnic group,Non-Citizen,median_rm,2023,1598,1399,12.5,0.875,JADUAL B2 Etnik Lelaki!row19,JADUAL B2 Etnik Perempuan!row19
B2,Ethnic group,Non-Citizen,median_rm,2024,1630,1470,9.8,0.902,JADUAL B2 Etnik Lelaki!row19,JADUAL B2 Etnik Perempuan!row19
B2,Ethnic group,Non-Citizen,median_rm,2025,1713,1586,7.4,0.926,JADUAL B2 Etnik Lelaki!row19,JADUAL B2 Etnik Perempuan!row19
B2,Ethnic group,Others,median_rm,2010,900,920,-2.2,1.022,JADUAL B2 Etnik Lelaki!row18,JADUAL B2 Etnik Perempuan!row18
B2,Ethnic group,Others,median_rm,2011,900,800,11.1,0.889,JADUAL B2 Etnik Lelaki!row18,JADUAL B2 Etnik Perempuan!row18
B2,Ethnic group,Others,median_rm,2012,990,950,4.0,0.96,JADUAL B2 Etnik Lelaki!row18,JADUAL B2 Etnik Perempuan!row18
B2,Ethnic group,Others,median_rm,2013,1000,850,15.0,0.85,JADUAL B2 Etnik Lelaki!row18,JADUAL B2 Etnik Perempuan!row18
B2,Ethnic group,Others,median_rm,2014,1100,1000,9.1,0.909,JADUAL B2 Etnik Lelaki!row18,JADUAL B2 Etnik Perempuan!row18
B2,Ethnic group,Others,median_rm,2015,1600,1080,32.5,0.675,JADUAL B2 Etnik Lelaki!row18,JADUAL B2 Etnik Perempuan!row18
B2,Ethnic group,Others,median_rm,2016,1515,1560,-3.0,1.03,JADUAL B2 Etnik Lelaki!row18,JADUAL B2 Etnik Perempuan!row18
B2,Ethnic group,Others,median_rm,2017,1550,1600,-3.2,1.032,JADUAL B2 Etnik Lelaki!row18,JADUAL B2 Etnik Perempuan!row18
B2,Ethnic group,Others,median_rm,2018,1797,1561,13.1,0.869,JADUAL B2 Etnik Lelaki!row18,JADUAL B2 Etnik Perempuan!row18
B2,Ethnic group,Others,median_rm,2019,1900,1577,17.0,0.83,JADUAL B2 Etnik Lelaki!row18,JADUAL B2 Etnik Perempuan!row18
B2,Ethnic group,Others,median_rm,2020,1415,1207,14.7,0.853,JADUAL B2 Etnik Lelaki!row18,JADUAL B2 Etnik Perempuan!row18
B2,Ethnic group,Others,median_rm,2021,1639,1332,18.7,0.813,JADUAL B2 Etnik Lelaki!row18,JADUAL B2 Etnik Perempuan!row18
B2,Ethnic group,Others,median_rm,2022,1666,1463,12.2,0.878,JADUAL B2 Etnik Lelaki!row18,JADUAL B2 Etnik Perempuan!row18
B2,Ethnic group,Others,median_rm,2023,1769,1542,12.8,0.872,JADUAL B2 Etnik Lelaki!row18,JADUAL B2 Etnik Perempuan!row18
B2,Ethnic group,Others,median_rm,2024,1642,1660,-1.1,1.011,JADUAL B2 Etnik Lelaki!row18,JADUAL B2 Etnik Perempuan!row18
B2,Ethnic group,Others,median_rm,2025,1758,1750,0.5,0.995,JADUAL B2 Etnik Lelaki!row18,JADUAL B2 Etnik Perempuan!row18
B2,Ethnic group,Total,median_rm,2010,1300,1320,-1.5,1.015,JADUAL B2 Etnik Lelaki!row13,JADUAL B2 Etnik Perempuan!row13
B2,Ethnic group,Total,median_rm,2011,1350,1300,3.7,0.963,JADUAL B2 Etnik Lelaki!row13,JADUAL B2 Etnik Perempuan!row13
B2,Ethnic group,Total,median_rm,2012,1427,1500,-5.1,1.051,JADUAL B2 Etnik Lelaki!row13,JADUAL B2 Etnik Perempuan!row13
B2,Ethnic group,Total,median_rm,2013,1500,1500,0.0,1.0,JADUAL B2 Etnik Lelaki!row13,JADUAL B2 Etnik Perempuan!row13
B2,Ethnic group,Total,median_rm,2014,1511,1500,0.7,0.993,JADUAL B2 Etnik Lelaki!row13,JADUAL B2 Etnik Perempuan!row13
B2,Ethnic group,Total,median_rm,2015,1600,1600,0.0,1.0,JADUAL B2 Etnik Lelaki!row13,JADUAL B2 Etnik Perempuan!row13
B2,Ethnic group,Total,median_rm,2016,1721,1685,2.1,0.979,JADUAL B2 Etnik Lelaki!row13,JADUAL B2 Etnik Perempuan!row13
B2,Ethnic group,Total,median_rm,2017,1880,1865,0.8,0.992,JADUAL B2 Etnik Lelaki!row13,JADUAL B2 Etnik Perempuan!row13
B2,Ethnic group,Total,median_rm,2018,2081,2028,2.5,0.975,JADUAL B2 Etnik Lelaki!row13,JADUAL B2 Etnik Perempuan!row13
B2,Ethnic group,Total,median_rm,2019,2185,2206,-1.0,1.01,JADUAL B2 Etnik Lelaki!row13,JADUAL B2 Etnik Perempuan!row13
B2,Ethnic group,Total,median_rm,2020,1898,1918,-1.1,1.011,JADUAL B2 Etnik Lelaki!row13,JADUAL B2 Etnik Perempuan!row13
B2,Ethnic group,Total,median_rm,2021,2036,1933,5.1,0.949,JADUAL B2 Etnik Lelaki!row13,JADUAL B2 Etnik Perempuan!row13
B2,Ethnic group,Total,median_rm,2022,2188,2117,3.2,0.968,JADUAL B2 Etnik Lelaki!row13,JADUAL B2 Etnik Perempuan!row13
B2,Ethnic group,Total,median_rm,2023,2360,2308,2.2,0.978,JADUAL B2 Etnik Lelaki!row13,JADUAL B2 Etnik Perempuan!row13
B2,Ethnic group,Total,median_rm,2024,2489,2475,0.6,0.994,JADUAL B2 Etnik Lelaki!row13,JADUAL B2 Etnik Perempuan!row13
B2,Ethnic group,Total,median_rm,2025,2663,2693,-1.1,1.011,JADUAL B2 Etnik Lelaki!row13,JADUAL B2 Etnik Perempuan!row13
